Customer_ID,Gender,Age,Marital_Status,Education,Self_Employed,ApplicantIncome,CoapplicantIncome,LoanAmount,Loan_Amount_Term,Credit_History,Property_Area,Credit_Score,Application_Date,Loan_Status,Total_Income,Loan_to_Income_Ratio,ApplicantIncome_Normalized,LoanAmount_Normalized,Credit_Score_Normalized,Total_Income_Normalized
CUST11028,Male,41,Single,Graduate,No,60136.34,23375.46,6900.0,36,1,Urban,708,2023-07-18,Rejected,83511.8,0.083,0.4058,0.2381,0.6643,0.2888
CUST10140,Female,47,Single,Graduate,No,27320.81,4590.77,3400.0,360,1,Rural,704,2022-03-18,Rejected,31911.58,0.107,0.1526,0.0969,0.6572,0.0927
CUST10110,Female,36,Divorced,Graduate,No,17783.01,47391.96,4600.0,180,0,Semiurban,513,2022-03-02,Approved,65174.97,0.071,0.079,0.1453,0.3198,0.2191
CUST10638,Male,46,Single,Not Graduate,Yes,28733.46,9856.56,4300.0,360,1,Semiurban,607,2022-12-16,Approved,38590.02,0.111,0.1635,0.1332,0.4859,0.118
CUST10702,Male,28,Divorced,Not Graduate,No,94384.71,0.0,14200.0,360,1,Urban,683,2023-01-20,Approved,94384.71,0.15,0.6701,0.5328,0.6201,0.3302
CUST11907,Male,25,Married,Graduate,No,49296.19,0.0,13400.0,120,1,Semiurban,639,2024-11-10,Approved,49296.19,0.272,0.3222,0.5005,0.5424,0.1588
CUST11702,Female,59,Married,Graduate,No,52078.88,57747.95,14200.0,360,1,Semiurban,703,2024-07-21,Approved,109826.83,0.129,0.3437,0.5328,0.6555,0.3889
CUST11614,Female,47,Married,Not Graduate,No,35786.55,23187.75,7800.0,360,0,Rural,786,2024-06-03,Approved,58974.3,0.132,0.218,0.2745,0.8021,0.1956
CUST10172,Male,32,Single,Graduate,No,76835.19,0.0,8700.0,360,1,Semiurban,739,2022-04-05,Approved,76835.19,0.113,0.5347,0.3108,0.7191,0.2635
CUST11319,Female,38,Married,Graduate,No,137131.87,24895.26,8300.0,120,1,Urban,653,2023-12-24,Approved,162027.13,0.051,1.0,0.2947,0.5671,0.5874
CUST10375,Male,28,Single,Not Graduate,No,96624.21,0.0,22500.0,360,0,Urban,628,2022-07-25,Approved,96624.21,0.233,0.6874,0.8678,0.523,0.3387
CUST11746,Male,28,Married,Post Graduate,No,26054.02,17538.04,4500.0,360,1,Rural,592,2024-08-14,Approved,43592.06,0.103,0.1428,0.1413,0.4594,0.1371
CUST11966,Male,35,Single,Not Graduate,No,137131.87,32569.94,25775.0,360,0,Rural,499,2024-12-12,Approved,169701.81,0.152,1.0,1.0,0.2951,0.6166
CUST10410,Female,54,Married,Graduate,Yes,21011.06,0.0,3400.0,360,0,Urban,573,2022-08-13,Approved,21011.06,0.162,0.1039,0.0969,0.4258,0.0512
CUST11936,Female,22,Married,Not Graduate,No,40238.63,25624.34,9200.0,360,1,Urban,597,2024-11-26,Approved,65862.97,0.14,0.2523,0.331,0.4682,0.2217
CUST11156,Male,51,Single,Graduate,No,106799.43,1178.38,23500.0,60,1,Rural,537,2023-09-26,Approved,107977.81,0.218,0.7659,0.9082,0.3622,0.3819
CUST11127,Female,41,Single,Post Graduate,No,37272.26,18539.25,4300.0,300,1,Urban,657,2023-09-10,Approved,55811.51,0.077,0.2294,0.1332,0.5742,0.1835
CUST11064,Male,38,Widowed,Not Graduate,Yes,21625.58,28806.07,6300.0,360,1,Urban,678,2023-08-06,Rejected,50431.65,0.125,0.1087,0.2139,0.6113,0.1631
CUST11926,Female,53,Single,Graduate,No,41494.73,23509.71,5100.0,300,1,Semiurban,607,2024-11-21,Approved,65004.44,0.078,0.262,0.1655,0.4859,0.2185
CUST10829,Male,42,Married,Not Graduate,No,45554.21,18133.1,6900.0,360,1,Rural,579,2023-03-31,Rejected,63687.31,0.108,0.2933,0.2381,0.4364,0.2135
CUST10986,Male,52,Divorced,Graduate,No,41762.65,6690.39,5600.0,180,1,Rural,590,2023-06-25,Approved,48453.04,0.116,0.2641,0.1857,0.4558,0.1555
CUST10729,Female,22,Single,Graduate,No,44735.15,15017.0,7200.0,360,0,Semiurban,757,2023-02-04,Approved,59752.15,0.12,0.287,0.2503,0.7509,0.1985
CUST11834,Male,33,Married,Post Graduate,Yes,34360.69,1849.32,7600.0,120,1,Semiurban,608,2024-10-01,Rejected,36210.01,0.21,0.2069,0.2664,0.4876,0.109
CUST11256,Male,38,Married,Graduate,Yes,18723.69,0.0,2400.0,360,1,Semiurban,825,2023-11-20,Rejected,18723.69,0.128,0.0863,0.0565,0.871,0.0425
CUST11380,Female,35,Single,Not Graduate,No,59791.08,0.0,10100.0,180,0,Urban,598,2024-01-26,Approved,59791.08,0.169,0.4032,0.3673,0.47,0.1987
CUST10002,Female,25,Single,Graduate,Yes,22145.47,13599.32,3900.0,360,1,Rural,385,2022-01-02,Approved,35744.79,0.109,0.1127,0.1171,0.0936,0.1072
CUST11276,Male,55,Married,Not Graduate,Yes,20132.03,0.0,6200.0,180,1,Rural,681,2023-11-30,Approved,20132.03,0.308,0.0971,0.2099,0.6166,0.0479
CUST11504,Female,46,Single,Graduate,Yes,45765.53,14983.58,7000.0,300,1,Semiurban,600,2024-04-03,Approved,60749.11,0.115,0.295,0.2422,0.4735,0.2023
CUST10514,Male,38,Widowed,Graduate,No,75936.73,0.0,13500.0,360,1,Rural,721,2022-10-09,Rejected,75936.73,0.178,0.5278,0.5045,0.6873,0.26
CUST10325,Female,52,Married,Not Graduate,No,47551.38,27219.5,11200.0,60,1,Semiurban,658,2022-06-28,Approved,74770.88,0.15,0.3087,0.4117,0.576,0.2556
CUST11058,Female,39,Single,Graduate,No,50371.31,12106.15,15500.0,300,1,Urban,718,2023-08-03,Approved,62477.46,0.248,0.3305,0.5853,0.682,0.2089
CUST10901,Male,37,Married,Graduate,No,96417.37,19203.33,14100.0,360,1,Rural,592,2023-05-09,Approved,115620.7,0.122,0.6858,0.5288,0.4594,0.4109
CUST10610,Female,28,Married,Not Graduate,No,104956.35,0.0,21800.0,360,0,Semiurban,739,2022-12-01,Rejected,104956.35,0.208,0.7517,0.8396,0.7191,0.3704
CUST11421,Female,45,Single,Graduate,No,137131.87,51648.0,24200.0,300,1,Semiurban,480,2024-02-18,Rejected,188779.87,0.128,1.0,0.9364,0.2615,0.6891
CUST10699,Male,38,Married,Not Graduate,Yes,44712.92,0.0,8200.0,360,1,Semiurban,622,2023-01-18,Rejected,44712.92,0.183,0.2868,0.2906,0.5124,0.1413
CUST10623,Female,52,Widowed,Not Graduate,Yes,110158.07,0.0,12900.0,120,1,Semiurban,696,2022-12-08,Approved,110158.07,0.117,0.7919,0.4803,0.6431,0.3902
CUST10259,Female,28,Married,Graduate,No,58096.42,0.0,7700.0,120,1,Rural,725,2022-05-22,Rejected,58096.42,0.133,0.3901,0.2704,0.6943,0.1922
CUST10590,Female,38,Single,Not Graduate,No,112526.52,9512.2,15900.0,12,1,Urban,701,2022-11-20,Approved,122038.72,0.13,0.8101,0.6014,0.6519,0.4353
CUST11044,Male,34,Married,Graduate,No,42623.24,15970.94,8300.0,360,1,Semiurban,679,2023-07-26,Approved,58594.18,0.142,0.2707,0.2947,0.6131,0.1941
CUST10340,Male,38,Married,Graduate,Yes,67368.6,4436.05,8100.0,360,1,Rural,645,2022-07-06,Approved,71804.65,0.113,0.4617,0.2866,0.553,0.2443
CUST11162,Female,36,Single,Graduate,Yes,25715.3,0.0,3000.0,360,1,Urban,538,2023-09-29,Approved,25715.3,0.117,0.1402,0.0807,0.364,0.0691
CUST11075,Male,37,Married,Not Graduate,No,120608.12,42609.04,25775.0,360,1,Urban,615,2023-08-12,Approved,163217.16,0.158,0.8725,1.0,0.5,0.5919
CUST10350,Female,33,Married,Not Graduate,No,21527.78,12902.97,3100.0,240,1,Semiurban,875,2022-07-11,Rejected,34430.75,0.09,0.1079,0.0848,0.9594,0.1022
CUST10419,Female,34,Married,Not Graduate,No,51300.97,22923.33,7300.0,12,1,Semiurban,581,2022-08-18,Approved,74224.3,0.098,0.3377,0.2543,0.4399,0.2535
CUST11974,Male,30,Widowed,Graduate,No,131732.81,18941.14,25775.0,360,1,Urban,657,2024-12-17,Approved,150673.95,0.171,0.9583,1.0,0.5742,0.5442
CUST11804,Female,18,Single,Graduate,No,25338.58,0.0,3100.0,360,1,Semiurban,626,2024-09-15,Approved,25338.58,0.122,0.1373,0.0848,0.5194,0.0677
CUST11894,Male,29,Married,Not Graduate,Yes,40604.15,17833.9,7200.0,300,1,Semiurban,631,2024-11-03,Rejected,58438.05,0.123,0.2551,0.2503,0.5283,0.1935
CUST11252,Male,42,Married,Graduate,No,137131.87,0.0,25775.0,360,1,Semiurban,595,2023-11-17,Rejected,137131.87,0.188,1.0,1.0,0.4647,0.4927
CUST11340,Male,45,Married,Post Graduate,Yes,16428.63,0.0,3500.0,360,0,Rural,640,2024-01-05,Approved,16428.63,0.213,0.0686,0.1009,0.5442,0.0338
CUST11303,Male,28,Single,Graduate,No,37891.02,14690.9,4200.0,360,1,Rural,652,2023-12-15,Approved,52581.92,0.08,0.2342,0.1292,0.5654,0.1712
CUST11382,Female,43,Single,Graduate,Yes,42044.95,6551.87,12300.0,180,0,Rural,669,2024-01-28,Approved,48596.82,0.253,0.2662,0.4561,0.5954,0.1561
CUST11910,Male,26,Married,Not Graduate,No,73066.89,44549.74,9200.0,360,1,Urban,635,2024-11-12,Approved,117616.63,0.078,0.5056,0.331,0.5353,0.4185
CUST11914,Male,44,Single,Graduate,No,59520.44,47106.24,6800.0,36,1,Semiurban,661,2024-11-14,Approved,106626.68,0.064,0.4011,0.2341,0.5813,0.3767
CUST10649,Male,51,Single,Not Graduate,No,75974.59,12471.02,11700.0,240,1,Urban,602,2022-12-22,Approved,88445.61,0.132,0.5281,0.4319,0.477,0.3076
CUST10698,Female,29,Widowed,Post Graduate,No,58683.36,10319.14,6600.0,360,0,Semiurban,775,2023-01-18,Rejected,69002.5,0.096,0.3946,0.226,0.7827,0.2337
CUST11566,Male,38,Widowed,Post Graduate,No,16816.75,0.0,2900.0,180,1,Semiurban,635,2024-05-07,Approved,16816.75,0.172,0.0716,0.0767,0.5353,0.0353
CUST11866,Female,52,Divorced,Not Graduate,No,33062.41,69350.71,6800.0,120,1,Urban,550,2024-10-19,Approved,102413.12,0.066,0.1969,0.2341,0.3852,0.3607
CUST11944,Female,42,Single,Not Graduate,No,29978.39,0.0,7500.0,60,1,Semiurban,715,2024-11-30,Approved,29978.39,0.25,0.1731,0.2624,0.6767,0.0853
CUST10341,Female,66,Married,Not Graduate,No,76799.02,15775.08,10400.0,180,1,Urban,633,2022-07-06,Approved,92574.1,0.112,0.5344,0.3794,0.5318,0.3233
CUST11034,Female,53,Single,Not Graduate,No,30653.96,27259.89,5300.0,360,1,Semiurban,617,2023-07-21,Approved,57913.85,0.092,0.1783,0.1736,0.5035,0.1915
CUST11259,Female,49,Single,Graduate,No,37972.25,7575.46,4200.0,360,1,Rural,670,2023-11-21,Approved,45547.71,0.092,0.2348,0.1292,0.5972,0.1445
CUST10769,Female,32,Single,Not Graduate,No,37382.07,0.0,5700.0,120,1,Urban,685,2023-02-26,Rejected,37382.07,0.152,0.2303,0.1897,0.6237,0.1135
CUST11158,Female,47,Married,Graduate,Yes,53017.04,0.0,6800.0,360,1,Rural,662,2023-09-27,Approved,53017.04,0.128,0.3509,0.2341,0.583,0.1729
CUST11843,Female,47,Widowed,Post Graduate,No,78860.89,0.0,14700.0,60,1,Semiurban,611,2024-10-06,Approved,78860.89,0.186,0.5503,0.553,0.4929,0.2712
CUST10284,Female,35,Divorced,Graduate,Yes,93157.25,24188.62,25500.0,300,1,Rural,735,2022-06-05,Approved,117345.87,0.217,0.6607,0.9889,0.712,0.4175
CUST11553,Female,44,Single,Graduate,Yes,29203.2,54321.48,4100.0,360,1,Urban,519,2024-04-30,Rejected,83524.68,0.049,0.1671,0.1251,0.3304,0.2889
CUST11128,Female,32,Married,Graduate,No,115184.6,45397.83,18300.0,300,1,Rural,636,2023-09-10,Rejected,160582.43,0.114,0.8306,0.6983,0.5371,0.5819
CUST11550,Male,56,Single,Graduate,Yes,14807.08,20169.64,4400.0,360,1,Rural,672,2024-04-29,Rejected,34976.72,0.126,0.0561,0.1372,0.6007,0.1043
CUST11960,Female,35,Married,Graduate,Yes,52710.96,17504.35,6300.0,120,1,Urban,655,2024-12-09,Rejected,70215.31,0.09,0.3486,0.2139,0.5707,0.2383
CUST10594,Male,43,Single,Not Graduate,No,24481.47,0.0,5500.0,360,1,Semiurban,733,2022-11-22,Rejected,24481.47,0.225,0.1307,0.1816,0.7085,0.0644
CUST10430,Female,31,Married,Not Graduate,No,31162.86,3456.44,4300.0,360,1,Rural,706,2022-08-24,Rejected,34619.3,0.124,0.1823,0.1332,0.6608,0.1029
CUST11863,Female,55,Single,Graduate,No,30382.57,0.0,9100.0,240,1,Rural,678,2024-10-17,Rejected,30382.57,0.3,0.1762,0.3269,0.6113,0.0868
CUST10455,Male,28,Single,Graduate,Yes,35529.62,19817.35,10900.0,180,1,Semiurban,779,2022-09-07,Approved,55346.97,0.197,0.216,0.3996,0.7898,0.1818
CUST10715,Male,46,Married,Graduate,Yes,40411.15,9537.0,5800.0,360,1,Semiurban,738,2023-01-27,Rejected,49948.15,0.116,0.2536,0.1937,0.7173,0.1612
CUST11385,Male,34,Married,Not Graduate,No,27248.98,6888.86,4200.0,360,0,Semiurban,664,2024-01-29,Approved,34137.84,0.123,0.1521,0.1292,0.5866,0.1011
CUST10681,Male,34,Single,Graduate,No,52461.95,14269.78,6800.0,240,1,Rural,687,2023-01-09,Rejected,66731.73,0.102,0.3466,0.2341,0.6272,0.225
CUST11146,Male,32,Single,Graduate,Yes,35415.1,46989.44,4200.0,360,1,Urban,654,2023-09-20,Approved,82404.54,0.051,0.2151,0.1292,0.5689,0.2846
CUST11954,Male,22,Divorced,Post Graduate,Yes,28555.29,0.0,5400.0,240,1,Semiurban,728,2024-12-06,Rejected,28555.29,0.189,0.1621,0.1776,0.6996,0.0799
CUST10108,Male,42,Married,Not Graduate,No,118231.55,27056.33,25500.0,180,1,Urban,579,2022-03-01,Approved,145287.88,0.176,0.8542,0.9889,0.4364,0.5237
CUST10672,Female,54,Single,Not Graduate,No,92425.58,2299.05,24600.0,360,1,Semiurban,533,2023-01-04,Rejected,94724.63,0.26,0.655,0.9526,0.3551,0.3315
CUST10361,Male,35,Widowed,Post Graduate,No,31265.48,75773.18,6300.0,360,1,Rural,806,2022-07-17,Rejected,107038.66,0.059,0.1831,0.2139,0.8375,0.3783
CUST11826,Female,18,Married,Graduate,Yes,50074.39,21562.88,9900.0,360,1,Urban,606,2024-09-27,Approved,71637.27,0.138,0.3282,0.3592,0.4841,0.2437
CUST11459,Female,26,Single,Not Graduate,No,36090.35,45424.92,4700.0,180,1,Semiurban,553,2024-03-10,Rejected,81515.27,0.058,0.2203,0.1493,0.3905,0.2813
CUST11411,Female,38,Married,Graduate,No,86556.59,0.0,14700.0,360,1,Semiurban,550,2024-02-12,Rejected,86556.59,0.17,0.6097,0.553,0.3852,0.3004
CUST10299,Female,49,Single,Not Graduate,Yes,34448.53,18063.09,4200.0,360,1,Urban,561,2022-06-13,Approved,52511.62,0.08,0.2076,0.1292,0.4046,0.171
CUST10450,Male,20,Divorced,Graduate,No,137131.87,9798.45,18500.0,12,1,Semiurban,653,2022-09-04,Rejected,146930.32,0.126,1.0,0.7064,0.5671,0.53
CUST10374,Male,49,Single,Graduate,No,35619.1,6906.16,8200.0,60,1,Semiurban,632,2022-07-24,Approved,42525.26,0.193,0.2167,0.2906,0.53,0.133
CUST11601,Male,36,Single,Graduate,No,48423.81,13867.21,7000.0,300,1,Rural,617,2024-05-26,Rejected,62291.02,0.112,0.3155,0.2422,0.5035,0.2082
CUST11342,Female,37,Married,Not Graduate,Yes,40942.57,28401.14,5600.0,60,1,Urban,598,2024-01-06,Rejected,69343.71,0.081,0.2577,0.1857,0.47,0.235
CUST11968,Female,45,Married,Not Graduate,No,91074.74,0.0,11500.0,360,1,Urban,649,2024-12-14,Rejected,91074.74,0.126,0.6446,0.4238,0.5601,0.3176
CUST11414,Male,39,Married,Graduate,No,33518.03,15942.03,6800.0,360,1,Urban,735,2024-02-14,Approved,49460.06,0.137,0.2004,0.2341,0.712,0.1594
CUST11278,Male,48,Divorced,Graduate,No,50630.86,0.0,10000.0,360,0,Semiurban,835,2023-12-02,Approved,50630.86,0.198,0.3325,0.3633,0.8887,0.1638
CUST10820,Male,67,Divorced,Not Graduate,No,28089.62,0.0,8300.0,60,1,Rural,621,2023-03-26,Rejected,28089.62,0.295,0.1586,0.2947,0.5106,0.0781
CUST10206,Male,28,Married,Graduate,Yes,58497.41,13284.56,19500.0,360,1,Semiurban,591,2022-04-23,Rejected,71781.97,0.272,0.3932,0.7467,0.4576,0.2442
CUST11346,Female,61,Single,Graduate,No,37174.77,0.0,6100.0,360,1,Urban,701,2024-01-08,Rejected,37174.77,0.164,0.2287,0.2059,0.6519,0.1127
CUST11281,Female,50,Single,Graduate,No,43065.27,0.0,6200.0,360,1,Semiurban,675,2023-12-03,Approved,43065.27,0.144,0.2741,0.2099,0.606,0.1351
CUST11125,Female,33,Married,Not Graduate,No,137131.87,81875.18,25775.0,360,1,Urban,663,2023-09-09,Rejected,219007.05,0.118,1.0,1.0,0.5848,0.804
CUST10858,Female,32,Married,Graduate,No,73784.47,17080.21,16800.0,60,1,Urban,665,2023-04-15,Approved,90864.68,0.185,0.5112,0.6377,0.5883,0.3168
CUST10127,Male,25,Widowed,Not Graduate,No,35470.11,0.0,6500.0,300,0,Urban,555,2022-03-11,Rejected,35470.11,0.183,0.2155,0.222,0.394,0.1062
CUST10789,Female,49,Single,Post Graduate,No,37151.5,7715.25,5800.0,360,1,Rural,816,2023-03-09,Rejected,44866.75,0.129,0.2285,0.1937,0.8551,0.1419
CUST10037,Female,41,Single,Graduate,No,54642.21,3831.54,6200.0,360,1,Semiurban,610,2022-01-21,Approved,58473.75,0.106,0.3635,0.2099,0.4912,0.1936
CUST10386,Male,36,Married,Graduate,No,106757.57,4250.69,12200.0,360,1,Urban,610,2022-07-31,Rejected,111008.26,0.11,0.7656,0.4521,0.4912,0.3934
CUST10885,Female,36,Single,Not Graduate,No,18437.73,33893.77,4500.0,360,1,Urban,617,2023-04-30,Rejected,52331.5,0.086,0.0841,0.1413,0.5035,0.1703
CUST11257,Female,46,Single,Graduate,No,53045.44,0.0,6600.0,360,1,Rural,653,2023-11-20,Rejected,53045.44,0.124,0.3511,0.226,0.5671,0.173
CUST10837,Female,29,Married,Not Graduate,No,27256.88,0.0,3100.0,300,1,Semiurban,656,2023-04-04,Rejected,27256.88,0.114,0.1521,0.0848,0.5724,0.075
CUST10800,Male,25,Married,Post Graduate,No,76894.48,20164.83,15500.0,180,0,Rural,631,2023-03-15,Approved,97059.31,0.16,0.5352,0.5853,0.5283,0.3404
CUST10058,Male,38,Single,Graduate,Yes,71814.4,20192.99,23000.0,180,1,Urban,529,2022-02-01,Rejected,92007.39,0.25,0.496,0.888,0.3481,0.3211
CUST11515,Male,38,Married,Graduate,No,29007.22,0.0,8300.0,180,1,Semiurban,746,2024-04-09,Approved,29007.22,0.286,0.1656,0.2947,0.7314,0.0816
CUST10196,Female,46,Divorced,Not Graduate,No,78137.7,7900.77,16000.0,360,1,Semiurban,653,2022-04-18,Approved,86038.47,0.186,0.5448,0.6054,0.5671,0.2985
CUST11438,Female,26,Married,Not Graduate,No,27231.42,0.0,3600.0,360,1,Rural,646,2024-02-27,Approved,27231.42,0.132,0.1519,0.1049,0.5548,0.0749
CUST11479,Female,24,Married,Post Graduate,No,84865.85,30441.55,25775.0,12,1,Rural,414,2024-03-21,Approved,115307.4,0.224,0.5967,1.0,0.1449,0.4097
CUST11338,Male,44,Married,Not Graduate,No,35219.35,5295.23,11300.0,300,1,Urban,643,2024-01-03,Approved,40514.58,0.279,0.2136,0.4157,0.5495,0.1254
CUST10595,Male,20,Divorced,Graduate,No,43857.98,28827.84,7200.0,360,0,Urban,820,2022-11-22,Approved,72685.82,0.099,0.2802,0.2503,0.8622,0.2477
CUST10241,Female,36,Single,Not Graduate,No,56889.82,11450.55,12800.0,36,1,Urban,527,2022-05-13,Approved,68340.37,0.187,0.3808,0.4763,0.3445,0.2312
CUST10915,Female,18,Married,Not Graduate,No,137131.87,0.0,25200.0,60,1,Rural,689,2023-05-17,Rejected,137131.87,0.184,1.0,0.9768,0.6307,0.4927
CUST10034,Female,23,Married,Graduate,No,41929.84,0.0,11800.0,360,1,Semiurban,768,2022-01-19,Approved,41929.84,0.281,0.2654,0.4359,0.7703,0.1307
CUST10185,Female,37,Widowed,Not Graduate,No,53042.54,0.0,14900.0,120,1,Semiurban,748,2022-04-12,Rejected,53042.54,0.281,0.3511,0.561,0.735,0.173
CUST11819,Female,50,Single,Graduate,Yes,137131.87,9938.95,21700.0,360,1,Semiurban,555,2024-09-23,Approved,147070.82,0.148,1.0,0.8355,0.394,0.5305
CUST10862,Female,47,Single,Not Graduate,No,68328.4,0.0,7800.0,36,0,Rural,630,2023-04-18,Approved,68328.4,0.114,0.4691,0.2745,0.5265,0.2311
CUST11056,Female,34,Single,Graduate,No,33367.67,6716.07,7100.0,360,1,Urban,670,2023-08-02,Approved,40083.74,0.177,0.1993,0.2462,0.5972,0.1237
CUST10527,Female,40,Single,Post Graduate,No,26610.57,0.0,3100.0,180,1,Rural,695,2022-10-16,Rejected,26610.57,0.116,0.1471,0.0848,0.6413,0.0725
CUST11969,Female,38,Single,Graduate,No,41127.06,0.0,9700.0,300,1,Urban,632,2024-12-14,Approved,41127.06,0.236,0.2592,0.3512,0.53,0.1277
CUST10262,Male,37,Married,Graduate,No,28496.17,0.0,4200.0,60,1,Urban,655,2022-05-24,Approved,28496.17,0.147,0.1617,0.1292,0.5707,0.0797
CUST10869,Male,38,Married,Post Graduate,No,85134.98,12737.06,15300.0,360,1,Urban,573,2023-04-22,Rejected,97872.04,0.156,0.5988,0.5772,0.4258,0.3434
CUST11895,Male,38,Married,Not Graduate,No,36693.72,22950.48,4400.0,120,1,Semiurban,642,2024-11-04,Approved,59644.2,0.074,0.225,0.1372,0.5477,0.1981
CUST11094,Female,54,Single,Graduate,Yes,19583.87,0.0,5000.0,360,1,Urban,608,2023-08-23,Approved,19583.87,0.255,0.0929,0.1615,0.4876,0.0458
CUST11939,Male,45,Widowed,Not Graduate,No,55011.78,15514.84,6900.0,360,1,Semiurban,678,2024-11-28,Approved,70526.62,0.098,0.3663,0.2381,0.6113,0.2395
CUST10471,Female,61,Widowed,Graduate,No,48551.07,8039.34,12900.0,180,1,Semiurban,642,2022-09-16,Approved,56590.41,0.228,0.3164,0.4803,0.5477,0.1865
CUST11157,Male,56,Single,Not Graduate,No,137131.87,10190.91,16500.0,360,1,Urban,576,2023-09-26,Approved,147322.78,0.112,1.0,0.6256,0.4311,0.5315
CUST10918,Male,38,Widowed,Graduate,No,28320.22,0.0,4200.0,360,1,Urban,616,2023-05-18,Rejected,28320.22,0.148,0.1603,0.1292,0.5018,0.079
CUST10651,Male,27,Widowed,Graduate,No,48423.81,0.0,8300.0,360,1,Semiurban,624,2022-12-23,Rejected,48423.81,0.171,0.3155,0.2947,0.5159,0.1554
CUST10007,Female,35,Single,Graduate,No,20557.15,0.0,4000.0,360,1,Rural,648,2022-01-04,Approved,20557.15,0.195,0.1004,0.1211,0.5583,0.0495
CUST10330,Male,42,Single,Post Graduate,No,18371.47,7012.52,2900.0,360,0,Rural,582,2022-06-30,Rejected,25383.99,0.114,0.0836,0.0767,0.4417,0.0678
CUST11627,Male,39,Married,Graduate,Yes,93873.67,0.0,17100.0,300,1,Semiurban,670,2024-06-10,Rejected,93873.67,0.182,0.6662,0.6498,0.5972,0.3282
CUST11846,Male,30,Single,Not Graduate,Yes,16434.69,22319.03,5200.0,60,1,Urban,856,2024-10-08,Approved,38753.72,0.134,0.0686,0.1695,0.9258,0.1187
CUST10278,Male,55,Married,Graduate,No,43328.72,10865.24,5900.0,360,1,Semiurban,450,2022-06-02,Rejected,54193.96,0.109,0.2762,0.1978,0.2085,0.1774
CUST10020,Male,46,Single,Post Graduate,No,36186.76,17588.1,8900.0,360,1,Urban,625,2022-01-11,Approved,53774.86,0.166,0.221,0.3189,0.5177,0.1758
CUST10936,Female,43,Single,Not Graduate,No,11397.97,26528.55,2500.0,360,1,Urban,748,2023-05-28,Approved,37926.52,0.066,0.0298,0.0605,0.735,0.1155
CUST10997,Male,35,Widowed,Not Graduate,No,94501.14,3336.78,13000.0,180,1,Rural,637,2023-07-01,Approved,97837.92,0.133,0.671,0.4844,0.5389,0.3433
CUST11740,Male,29,Married,Graduate,Yes,75314.01,6899.26,14900.0,60,1,Rural,588,2024-08-11,Approved,82213.27,0.181,0.523,0.561,0.4523,0.2839
CUST11368,Male,47,Married,Graduate,No,17625.13,0.0,2000.0,360,1,Urban,582,2024-01-20,Approved,17625.13,0.113,0.0778,0.0404,0.4417,0.0383
CUST11998,Female,34,Married,Not Graduate,No,36274.01,19572.2,10800.0,180,1,Semiurban,759,2024-12-30,Approved,55846.21,0.193,0.2217,0.3956,0.7544,0.1837
CUST11706,Male,42,Single,Post Graduate,No,33784.06,0.0,5000.0,360,1,Rural,404,2024-07-23,Approved,33784.06,0.148,0.2025,0.1615,0.1272,0.0998
CUST11596,Male,25,Single,Graduate,No,79841.69,18639.62,25300.0,60,0,Urban,592,2024-05-24,Approved,98481.31,0.257,0.5579,0.9808,0.4594,0.3458
CUST10832,Female,37,Married,Not Graduate,No,13917.29,3323.52,1600.0,360,1,Urban,593,2023-04-01,Approved,17240.81,0.093,0.0492,0.0242,0.4611,0.0369
CUST10946,Male,23,Married,Not Graduate,No,31829.33,25066.42,6800.0,180,0,Semiurban,813,2023-06-03,Approved,56895.75,0.12,0.1874,0.2341,0.8498,0.1876
CUST11982,Female,43,Widowed,Post Graduate,No,43524.34,15281.87,9400.0,300,0,Urban,720,2024-12-21,Approved,58806.21,0.16,0.2777,0.3391,0.6855,0.1949
CUST10377,Female,41,Divorced,Not Graduate,No,111688.15,0.0,25775.0,180,1,Semiurban,548,2022-07-26,Approved,111688.15,0.231,0.8037,1.0,0.3816,0.396
CUST10674,Female,38,Single,Post Graduate,No,39178.59,0.0,4500.0,120,1,Urban,815,2023-01-05,Rejected,39178.59,0.115,0.2441,0.1413,0.8534,0.1203
CUST10237,Female,27,Married,Not Graduate,No,63702.72,0.0,17100.0,360,1,Urban,639,2022-05-10,Approved,63702.72,0.268,0.4334,0.6498,0.5424,0.2135
CUST11616,Male,47,Widowed,Graduate,No,46191.16,0.0,12600.0,300,1,Urban,668,2024-06-04,Approved,46191.16,0.273,0.2982,0.4682,0.5936,0.1469
CUST11286,Female,29,Widowed,Not Graduate,No,41588.57,0.0,9600.0,120,1,Semiurban,675,2023-12-06,Approved,41588.57,0.231,0.2627,0.3471,0.606,0.1294
CUST11123,Male,24,Divorced,Not Graduate,Yes,49808.48,22864.58,6900.0,360,1,Urban,670,2023-09-08,Approved,72673.06,0.095,0.3262,0.2381,0.5972,0.2476
CUST10367,Female,51,Married,Not Graduate,No,41713.65,0.0,5100.0,360,1,Semiurban,560,2022-07-21,Rejected,41713.65,0.122,0.2637,0.1655,0.4028,0.1299
CUST10875,Male,28,Divorced,Post Graduate,Yes,48029.45,20776.83,13600.0,360,1,Semiurban,592,2023-04-25,Approved,68806.28,0.198,0.3124,0.5086,0.4594,0.2329
CUST10392,Female,30,Married,Graduate,No,68662.97,20942.47,10800.0,120,1,Urban,618,2022-08-03,Rejected,89605.44,0.121,0.4716,0.3956,0.5053,0.312
CUST11083,Female,29,Single,Post Graduate,Yes,45199.35,0.0,9300.0,12,1,Urban,573,2023-08-17,Rejected,45199.35,0.206,0.2906,0.335,0.4258,0.1432
CUST11836,Male,55,Married,Post Graduate,No,107461.34,0.0,25775.0,360,1,Urban,568,2024-10-02,Approved,107461.34,0.24,0.771,1.0,0.417,0.3799
CUST10298,Male,38,Married,Graduate,No,82658.47,6175.37,12500.0,360,0,Urban,640,2022-06-13,Rejected,88833.84,0.141,0.5796,0.4642,0.5442,0.3091
CUST11381,Male,35,Single,Graduate,No,109232.03,13057.82,12300.0,360,1,Rural,558,2024-01-27,Rejected,122289.85,0.101,0.7847,0.4561,0.3993,0.4363
CUST10372,Female,54,Single,Not Graduate,No,36361.18,0.0,10000.0,360,1,Rural,571,2022-07-23,Rejected,36361.18,0.275,0.2224,0.3633,0.4223,0.1096
CUST11971,Female,47,Married,Post Graduate,No,40672.62,46615.65,12100.0,120,1,Rural,493,2024-12-15,Approved,87288.27,0.139,0.2557,0.448,0.2845,0.3032
CUST11917,Male,33,Married,Not Graduate,No,47071.44,3689.58,12000.0,360,1,Urban,661,2024-11-16,Rejected,50761.02,0.236,0.305,0.444,0.5813,0.1643
CUST10860,Male,32,Married,Graduate,No,27640.65,0.0,7700.0,240,1,Rural,685,2023-04-17,Rejected,27640.65,0.279,0.1551,0.2704,0.6237,0.0764
CUST11763,Male,43,Married,Not Graduate,No,31627.17,13724.08,3800.0,180,1,Rural,629,2024-08-23,Rejected,45351.25,0.084,0.1859,0.113,0.5247,0.1438
CUST10051,Male,37,Single,Post Graduate,No,37392.39,2668.56,9200.0,300,1,Urban,697,2022-01-28,Approved,40060.95,0.23,0.2303,0.331,0.6449,0.1236
CUST10036,Male,44,Single,Not Graduate,No,56447.61,4373.5,8100.0,360,1,Urban,608,2022-01-20,Rejected,60821.11,0.133,0.3774,0.2866,0.4876,0.2026
CUST11087,Male,28,Married,Graduate,No,137131.87,0.0,16700.0,360,1,Rural,481,2023-08-19,Approved,137131.87,0.122,1.0,0.6337,0.2633,0.4927
CUST11288,Female,41,Single,Graduate,No,68253.01,0.0,16500.0,360,1,Semiurban,630,2023-12-07,Approved,68253.01,0.242,0.4685,0.6256,0.5265,0.2308
CUST11268,Female,18,Married,Post Graduate,No,21836.24,0.0,2500.0,360,1,Rural,675,2023-11-26,Approved,21836.24,0.114,0.1103,0.0605,0.606,0.0543
CUST11360,Female,47,Single,Not Graduate,No,42832.59,0.0,5100.0,180,1,Urban,672,2024-01-15,Rejected,42832.59,0.119,0.2723,0.1655,0.6007,0.1342
CUST11842,Male,26,Widowed,Graduate,No,125762.5,11157.29,16200.0,360,0,Rural,645,2024-10-05,Rejected,136919.79,0.118,0.9123,0.6135,0.553,0.4919
CUST11656,Male,30,Divorced,Post Graduate,No,33196.69,15932.81,5600.0,360,1,Urban,572,2024-06-26,Approved,49129.5,0.114,0.198,0.1857,0.424,0.1581
CUST11133,Male,40,Single,Not Graduate,No,69498.12,0.0,16100.0,180,1,Rural,772,2023-09-13,Rejected,69498.12,0.232,0.4781,0.6095,0.7774,0.2356
CUST10757,Female,37,Single,Graduate,No,113346.66,24832.96,15500.0,360,1,Semiurban,599,2023-02-19,Approved,138179.62,0.112,0.8165,0.5853,0.4717,0.4967
CUST11815,Female,33,Married,Not Graduate,Yes,51160.21,0.0,16600.0,360,1,Rural,675,2024-09-21,Approved,51160.21,0.324,0.3366,0.6297,0.606,0.1658
CUST11621,Female,42,Divorced,Not Graduate,No,105993.62,0.0,25775.0,360,1,Urban,669,2024-06-06,Rejected,105993.62,0.243,0.7597,1.0,0.5954,0.3743
CUST10353,Female,52,Married,Not Graduate,No,39568.17,39292.4,4700.0,360,1,Urban,632,2022-07-13,Rejected,78860.57,0.06,0.2471,0.1493,0.53,0.2712
CUST11205,Male,37,Single,Graduate,No,49549.48,17343.66,8800.0,360,0,Rural,492,2023-10-23,Rejected,66893.14,0.132,0.3242,0.3148,0.2827,0.2257
CUST10397,Male,38,Married,Not Graduate,No,69593.35,23905.72,18000.0,180,1,Urban,538,2022-08-06,Rejected,93499.07,0.193,0.4788,0.6862,0.364,0.3268
CUST10217,Male,35,Single,Not Graduate,Yes,31920.89,10338.33,4200.0,240,1,Semiurban,558,2022-04-29,Approved,42259.22,0.099,0.1881,0.1292,0.3993,0.132
CUST10861,Male,22,Single,Not Graduate,Yes,51309.35,0.0,7300.0,360,1,Semiurban,748,2023-04-17,Rejected,51309.35,0.142,0.3377,0.2543,0.735,0.1664
CUST10955,Male,33,Divorced,Post Graduate,No,41926.87,875.49,9500.0,60,1,Rural,722,2023-06-08,Approved,42802.36,0.222,0.2653,0.3431,0.689,0.1341
CUST10146,Male,19,Married,Graduate,No,39583.84,20049.26,5800.0,360,1,Urban,747,2022-03-21,Rejected,59633.1,0.097,0.2473,0.1937,0.7332,0.1981
CUST10768,Male,40,Divorced,Not Graduate,No,30520.16,35450.88,9800.0,360,1,Semiurban,507,2023-02-25,Approved,65971.04,0.149,0.1773,0.3552,0.3092,0.2222
CUST10452,Male,34,Widowed,Graduate,Yes,30484.55,0.0,3900.0,180,1,Urban,711,2022-09-05,Approved,30484.55,0.128,0.177,0.1171,0.6696,0.0872
CUST11755,Female,43,Married,Graduate,No,33648.69,0.0,4700.0,300,1,Rural,573,2024-08-19,Approved,33648.69,0.14,0.2015,0.1493,0.4258,0.0993
CUST10810,Male,30,Married,Not Graduate,Yes,68098.64,7827.83,11200.0,300,1,Rural,813,2023-03-20,Approved,75926.47,0.148,0.4673,0.4117,0.8498,0.26
CUST10716,Female,54,Married,Not Graduate,No,66405.7,19429.28,7800.0,180,1,Semiurban,764,2023-01-28,Approved,85834.98,0.091,0.4542,0.2745,0.7633,0.2977
CUST10438,Male,41,Single,Not Graduate,No,32054.05,0.0,6400.0,240,1,Rural,514,2022-08-28,Rejected,32054.05,0.2,0.1891,0.218,0.3216,0.0932
CUST10734,Male,38,Married,Not Graduate,No,42648.75,33564.63,6900.0,360,1,Urban,675,2023-02-07,Rejected,76213.38,0.091,0.2709,0.2381,0.606,0.2611
CUST10229,Male,19,Married,Graduate,No,73848.29,0.0,9500.0,360,1,Semiurban,624,2022-05-06,Rejected,73848.29,0.129,0.5117,0.3431,0.5159,0.2521
CUST10204,Male,30,Married,Not Graduate,No,43193.08,29721.0,7700.0,360,1,Urban,682,2022-04-22,Approved,72914.08,0.106,0.2751,0.2704,0.6184,0.2486
CUST11151,Male,46,Widowed,Graduate,No,57708.74,0.0,15000.0,360,1,Urban,552,2023-09-23,Rejected,57708.74,0.26,0.3871,0.5651,0.3887,0.1907
CUST10308,Male,36,Single,Not Graduate,No,42284.51,6050.1,5800.0,300,1,Urban,816,2022-06-18,Approved,48334.61,0.12,0.2681,0.1937,0.8551,0.1551
CUST10507,Female,36,Married,Post Graduate,No,39152.59,26830.23,5200.0,360,0,Rural,733,2022-10-05,Approved,65982.82,0.079,0.2439,0.1695,0.7085,0.2222
CUST11331,Female,23,Married,Graduate,No,48423.81,2299.69,8300.0,360,1,Semiurban,593,2023-12-31,Rejected,50723.5,0.164,0.3155,0.2947,0.4611,0.1642
CUST11454,Male,38,Widowed,Not Graduate,No,27706.06,0.0,3900.0,120,1,Rural,664,2024-03-07,Approved,27706.06,0.141,0.1556,0.1171,0.5866,0.0767
CUST10463,Male,45,Married,Not Graduate,Yes,30307.92,0.0,4900.0,180,1,Semiurban,715,2022-09-11,Rejected,30307.92,0.162,0.1757,0.1574,0.6767,0.0866
CUST11464,Female,52,Married,Not Graduate,No,25678.85,1812.93,3200.0,240,1,Urban,602,2024-03-12,Approved,27491.78,0.116,0.14,0.0888,0.477,0.0758
CUST11609,Female,53,Single,Not Graduate,No,78674.09,12118.16,13600.0,180,1,Rural,667,2024-05-31,Rejected,90792.25,0.15,0.5489,0.5086,0.5919,0.3165
CUST10669,Female,32,Single,Not Graduate,No,137131.87,0.0,25600.0,120,1,Rural,606,2023-01-02,Approved,137131.87,0.187,1.0,0.9929,0.4841,0.4927
CUST11761,Male,46,Single,Graduate,Yes,46942.69,15349.48,12200.0,60,1,Rural,524,2024-08-22,Approved,62292.17,0.196,0.304,0.4521,0.3392,0.2082
CUST10731,Male,19,Married,Graduate,No,92263.62,9926.21,13900.0,360,1,Semiurban,698,2023-02-05,Rejected,102189.83,0.136,0.6538,0.5207,0.6466,0.3599
CUST11858,Male,35,Single,Not Graduate,No,63872.58,1565.69,7400.0,360,1,Semiurban,745,2024-10-14,Rejected,65438.27,0.113,0.4347,0.2583,0.7297,0.2201
CUST11789,Male,69,Single,Graduate,No,58232.4,0.0,10300.0,120,1,Urban,626,2024-09-06,Approved,58232.4,0.177,0.3912,0.3754,0.5194,0.1927
CUST10141,Female,48,Divorced,Not Graduate,No,51854.47,0.0,12100.0,360,1,Semiurban,459,2022-03-19,Approved,51854.47,0.233,0.3419,0.448,0.2244,0.1685
CUST10504,Female,38,Married,Graduate,No,41687.82,8782.44,6500.0,360,1,Rural,648,2022-10-04,Approved,50470.26,0.129,0.2635,0.222,0.5583,0.1632
CUST11334,Female,27,Divorced,Graduate,No,12549.87,191472.83,2200.0,360,1,Urban,652,2024-01-01,Approved,204022.7,0.011,0.0386,0.0484,0.5654,0.747
CUST11871,Female,47,Single,Graduate,No,46426.99,3092.94,9800.0,60,1,Urban,571,2024-10-21,Rejected,49519.93,0.198,0.3001,0.3552,0.4223,0.1596
CUST10948,Male,32,Single,Not Graduate,No,20146.31,23089.62,2700.0,360,1,Semiurban,640,2023-06-04,Approved,43235.93,0.062,0.0973,0.0686,0.5442,0.1357
CUST11588,Male,42,Married,Not Graduate,Yes,25218.48,83505.39,5100.0,36,1,Urban,723,2024-05-19,Rejected,108723.87,0.047,0.1364,0.1655,0.6908,0.3847
CUST10976,Female,48,Married,Not Graduate,No,16084.51,12351.11,4700.0,360,1,Semiurban,580,2023-06-19,Approved,28435.62,0.165,0.0659,0.1493,0.4382,0.0794
CUST10360,Female,42,Married,Graduate,No,79324.36,18591.93,9200.0,12,1,Rural,565,2022-07-17,Rejected,97916.29,0.094,0.5539,0.331,0.4117,0.3436
CUST11870,Male,35,Married,Not Graduate,No,30606.52,0.0,4600.0,360,1,Urban,520,2024-10-21,Approved,30606.52,0.15,0.178,0.1453,0.3322,0.0877
CUST10898,Male,41,Married,Not Graduate,Yes,38990.62,79767.04,4500.0,60,1,Urban,568,2023-05-07,Rejected,118757.66,0.038,0.2427,0.1413,0.417,0.4229
CUST11626,Female,61,Single,Graduate,No,93994.42,6590.48,24200.0,360,1,Semiurban,742,2024-06-09,Approved,100584.9,0.241,0.6671,0.9364,0.7244,0.3538
CUST11354,Male,33,Widowed,Post Graduate,No,67438.47,0.0,12200.0,120,1,Rural,701,2024-01-12,Approved,67438.47,0.181,0.4622,0.4521,0.6519,0.2277
CUST11425,Female,40,Single,Graduate,No,137131.87,0.0,16600.0,12,1,Rural,730,2024-02-20,Approved,137131.87,0.121,1.0,0.6297,0.7032,0.4927
CUST11774,Female,41,Married,Graduate,No,137131.87,0.0,25775.0,360,1,Rural,605,2024-08-29,Rejected,137131.87,0.188,1.0,1.0,0.4823,0.4927
CUST11164,Male,24,Married,Not Graduate,No,137131.87,14001.0,25775.0,300,1,Rural,511,2023-09-30,Approved,151132.87,0.171,1.0,1.0,0.3163,0.5459
CUST10423,Male,38,Married,Graduate,No,39776.06,7080.05,7500.0,360,1,Rural,722,2022-08-20,Approved,46856.11,0.16,0.2487,0.2624,0.689,0.1495
CUST11062,Male,38,Single,Not Graduate,No,10116.47,0.0,1400.0,360,1,Semiurban,585,2023-08-05,Approved,10116.47,0.138,0.0199,0.0161,0.447,0.0098
CUST10841,Female,44,Single,Graduate,Yes,23897.2,44071.41,4300.0,12,0,Semiurban,653,2023-04-06,Rejected,67968.61,0.063,0.1262,0.1332,0.5671,0.2297
CUST10474,Male,58,Single,Graduate,No,21540.69,3758.68,5800.0,360,0,Rural,693,2022-09-17,Approved,25299.37,0.229,0.108,0.1937,0.6378,0.0675
CUST10179,Male,29,Single,Graduate,No,122569.27,34230.31,24700.0,360,1,Urban,677,2022-04-09,Approved,156799.58,0.158,0.8876,0.9566,0.6095,0.5675
CUST11558,Female,50,Married,Not Graduate,No,33673.16,0.0,4900.0,12,1,Urban,707,2024-05-03,Rejected,33673.16,0.146,0.2016,0.1574,0.6625,0.0994
CUST10454,Male,32,Divorced,Graduate,No,17451.53,1964.25,2100.0,180,1,Urban,650,2022-09-06,Rejected,19415.78,0.108,0.0765,0.0444,0.5618,0.0451
CUST11517,Female,50,Single,Graduate,No,89317.94,5160.71,25775.0,300,1,Semiurban,548,2024-04-10,Approved,94478.65,0.273,0.631,1.0,0.3816,0.3305
CUST10653,Male,47,Widowed,Graduate,No,67993.26,9712.16,8700.0,300,1,Urban,697,2022-12-24,Rejected,77705.42,0.112,0.4665,0.3108,0.6449,0.2668
CUST11548,Male,25,Single,Not Graduate,No,74897.19,4334.3,9900.0,360,1,Rural,655,2024-04-27,Rejected,79231.49,0.125,0.5198,0.3592,0.5707,0.2726
CUST10691,Male,56,Single,Not Graduate,No,50841.03,5530.54,6400.0,360,1,Urban,620,2023-01-14,Approved,56371.57,0.114,0.3341,0.218,0.5088,0.1857
CUST11457,Female,39,Single,Graduate,No,72610.78,29356.48,15600.0,360,0,Rural,460,2024-03-09,Approved,101967.26,0.153,0.5021,0.5893,0.2261,0.359
CUST10779,Female,38,Married,Post Graduate,No,63792.27,5912.26,7700.0,120,1,Urban,684,2023-03-03,Approved,69704.53,0.11,0.4341,0.2704,0.6219,0.2363
CUST10441,Male,33,Married,Graduate,Yes,21476.12,0.0,5800.0,240,1,Rural,657,2022-08-30,Rejected,21476.12,0.27,0.1075,0.1937,0.5742,0.053
CUST10657,Male,31,Married,Post Graduate,No,28145.97,2917.4,5600.0,300,1,Urban,691,2022-12-26,Rejected,31063.37,0.18,0.159,0.1857,0.6343,0.0894
CUST10735,Female,24,Married,Not Graduate,Yes,137131.87,25201.59,25775.0,360,1,Urban,746,2023-02-07,Rejected,162333.46,0.159,1.0,1.0,0.7314,0.5885
CUST11775,Female,30,Married,Graduate,No,114062.18,24448.76,25775.0,180,0,Semiurban,653,2024-08-30,Approved,138510.94,0.186,0.822,1.0,0.5671,0.498
CUST10071,Female,44,Married,Not Graduate,No,91334.23,40999.07,12100.0,180,1,Semiurban,553,2022-02-08,Rejected,132333.3,0.091,0.6466,0.448,0.3905,0.4745
CUST10666,Female,38,Single,Graduate,No,12105.17,6011.55,1600.0,180,1,Semiurban,716,2022-12-31,Approved,18116.72,0.088,0.0352,0.0242,0.6784,0.0402
CUST10758,Male,25,Widowed,Graduate,Yes,48423.81,14170.47,8300.0,240,1,Semiurban,688,2023-02-20,Approved,62594.28,0.133,0.3155,0.2947,0.629,0.2093
CUST11679,Female,36,Single,Graduate,No,38312.28,6537.88,4900.0,60,0,Urban,715,2024-07-08,Approved,44850.16,0.109,0.2374,0.1574,0.6767,0.1418
CUST11889,Female,39,Widowed,Graduate,No,117899.21,14645.45,25775.0,360,0,Urban,686,2024-10-31,Approved,132544.66,0.194,0.8516,1.0,0.6254,0.4753
CUST10447,Female,41,Single,Not Graduate,No,32209.39,12638.0,5500.0,360,1,Rural,843,2022-09-02,Approved,44847.39,0.123,0.1903,0.1816,0.9028,0.1418
CUST11599,Male,48,Married,Graduate,No,45699.58,0.0,9000.0,120,1,Urban,612,2024-05-25,Approved,45699.58,0.197,0.2944,0.3229,0.4947,0.1451
CUST10742,Male,40,Married,Not Graduate,No,56892.07,137532.74,9800.0,360,1,Semiurban,518,2023-02-11,Approved,194424.81,0.05,0.3808,0.3552,0.3286,0.7106
CUST10200,Male,45,Widowed,Not Graduate,No,137131.87,13466.11,25775.0,300,1,Semiurban,819,2022-04-20,Rejected,150597.98,0.171,1.0,1.0,0.8604,0.5439
CUST11072,Female,23,Single,Not Graduate,No,32360.1,10610.98,4300.0,360,1,Urban,840,2023-08-11,Approved,42971.08,0.1,0.1915,0.1332,0.8975,0.1347
CUST10833,Female,32,Married,Graduate,No,7542.55,0.0,1500.0,360,1,Semiurban,513,2023-04-02,Rejected,7542.55,0.199,0.0,0.0202,0.3198,0.0
CUST11408,Male,28,Married,Graduate,Yes,39268.18,40533.9,4400.0,360,0,Semiurban,578,2024-02-11,Rejected,79802.08,0.055,0.2448,0.1372,0.4346,0.2747
CUST11959,Female,38,Married,Graduate,No,52592.96,21170.88,6000.0,360,1,Urban,653,2024-12-09,Rejected,73763.84,0.081,0.3476,0.2018,0.5671,0.2518
CUST10658,Female,34,Single,Post Graduate,Yes,85076.65,62563.18,10700.0,120,0,Urban,692,2022-12-27,Rejected,147639.83,0.072,0.5983,0.3915,0.636,0.5327
CUST11312,Female,38,Single,Graduate,No,58684.65,34955.28,15300.0,180,1,Urban,666,2023-12-20,Rejected,93639.93,0.163,0.3946,0.5772,0.5901,0.3274
CUST10881,Female,44,Married,Graduate,No,43320.7,0.0,6100.0,360,1,Rural,603,2023-04-28,Approved,43320.7,0.141,0.2761,0.2059,0.4788,0.136
CUST11273,Female,45,Single,Not Graduate,No,34882.5,3780.8,4900.0,360,1,Rural,632,2023-11-29,Rejected,38663.3,0.127,0.211,0.1574,0.53,0.1183
CUST10882,Female,38,Single,Post Graduate,No,23753.46,17951.3,3100.0,12,1,Urban,874,2023-04-29,Approved,41704.76,0.074,0.1251,0.0848,0.9576,0.1299
CUST10981,Female,19,Divorced,Graduate,No,24189.4,0.0,3700.0,360,0,Rural,732,2023-06-22,Approved,24189.4,0.153,0.1285,0.109,0.7067,0.0633
CUST10602,Male,47,Married,Post Graduate,No,66236.44,0.0,9900.0,300,1,Urban,554,2022-11-26,Approved,66236.44,0.149,0.4529,0.3592,0.3922,0.2232
CUST10116,Male,23,Married,Not Graduate,Yes,30081.99,0.0,7400.0,360,1,Urban,668,2022-03-05,Rejected,30081.99,0.246,0.1739,0.2583,0.5936,0.0857
CUST11681,Female,35,Single,Post Graduate,No,48893.77,36384.35,12500.0,60,0,Urban,610,2024-07-09,Approved,85278.12,0.147,0.3191,0.4642,0.4912,0.2956
CUST10431,Male,20,Married,Graduate,No,44285.09,9037.4,9600.0,360,1,Urban,682,2022-08-25,Approved,53322.49,0.18,0.2835,0.3471,0.6184,0.1741
CUST10004,Male,32,Married,Graduate,No,93498.91,16462.39,17700.0,360,1,Semiurban,712,2022-01-03,Approved,109961.3,0.161,0.6633,0.6741,0.6714,0.3894
CUST10500,Male,39,Single,Graduate,No,51086.84,7343.14,5700.0,360,1,Rural,652,2022-10-01,Rejected,58429.98,0.098,0.336,0.1897,0.5654,0.1935
CUST10046,Female,31,Widowed,Not Graduate,No,58104.56,0.0,7000.0,360,1,Semiurban,559,2022-01-26,Rejected,58104.56,0.12,0.3902,0.2422,0.4011,0.1922
CUST10339,Female,51,Widowed,Not Graduate,No,101138.26,61376.3,15600.0,360,1,Semiurban,593,2022-07-05,Approved,162514.56,0.096,0.7222,0.5893,0.4611,0.5892
CUST10694,Male,64,Single,Not Graduate,No,106136.08,51421.39,16000.0,180,1,Rural,708,2023-01-16,Approved,157557.47,0.102,0.7608,0.6054,0.6643,0.5704
CUST11777,Female,69,Married,Not Graduate,No,47585.89,11986.35,10700.0,120,1,Semiurban,747,2024-08-31,Approved,59572.24,0.18,0.309,0.3915,0.7332,0.1978
CUST10501,Male,49,Single,Not Graduate,Yes,78962.14,0.0,15000.0,360,1,Semiurban,560,2022-10-02,Rejected,78962.14,0.19,0.5511,0.5651,0.4028,0.2715
CUST11391,Female,41,Single,Not Graduate,Yes,18442.82,0.0,2900.0,360,1,Rural,578,2024-02-01,Rejected,18442.82,0.157,0.0841,0.0767,0.4346,0.0414
CUST10470,Female,50,Widowed,Graduate,Yes,127468.97,0.0,19600.0,360,1,Semiurban,696,2022-09-15,Approved,127468.97,0.154,0.9254,0.7508,0.6431,0.456
CUST11619,Male,31,Married,Not Graduate,No,69254.75,3543.66,17500.0,12,1,Semiurban,547,2024-06-05,Approved,72798.41,0.24,0.4762,0.666,0.3799,0.2481
CUST10945,Male,32,Single,Graduate,Yes,29930.02,0.0,4300.0,180,1,Semiurban,591,2023-06-02,Rejected,29930.02,0.144,0.1728,0.1332,0.4576,0.0851
CUST11241,Male,24,Married,Not Graduate,No,62622.38,81219.96,18300.0,60,1,Urban,611,2023-11-11,Rejected,143842.34,0.127,0.425,0.6983,0.4929,0.5182
CUST11818,Female,38,Married,Not Graduate,No,33137.59,10145.65,7100.0,360,1,Rural,682,2024-09-22,Approved,43283.24,0.164,0.1975,0.2462,0.6184,0.1359
CUST11868,Female,36,Divorced,Not Graduate,No,45120.61,89256.67,10500.0,360,1,Urban,560,2024-10-20,Rejected,134377.28,0.078,0.29,0.3835,0.4028,0.4822
CUST10194,Male,39,Single,Graduate,No,55514.71,0.0,8100.0,360,1,Rural,677,2022-04-17,Approved,55514.71,0.146,0.3702,0.2866,0.6095,0.1824
CUST10892,Male,31,Married,Not Graduate,No,77475.71,7501.51,9800.0,360,1,Semiurban,485,2023-05-04,Approved,84977.22,0.115,0.5397,0.3552,0.2703,0.2944
CUST11480,Female,44,Single,Post Graduate,No,31044.74,16084.08,4900.0,60,1,Rural,476,2024-03-21,Rejected,47128.82,0.104,0.1814,0.1574,0.2544,0.1505
CUST11510,Male,61,Divorced,Not Graduate,Yes,92468.68,0.0,11700.0,240,0,Semiurban,332,2024-04-07,Rejected,92468.68,0.127,0.6553,0.4319,0.0,0.3229
CUST11167,Female,46,Married,Not Graduate,No,62609.57,14433.04,7300.0,360,0,Urban,646,2023-10-02,Rejected,77042.61,0.095,0.4249,0.2543,0.5548,0.2642
CUST10358,Female,39,Single,Not Graduate,No,44408.76,22069.21,5400.0,120,0,Semiurban,619,2022-07-16,Approved,66477.97,0.081,0.2845,0.1776,0.5071,0.2241
CUST10488,Female,46,Single,Graduate,No,18320.63,0.0,2800.0,240,1,Urban,731,2022-09-25,Rejected,18320.63,0.153,0.0832,0.0727,0.7049,0.041
CUST11803,Female,42,Married,Graduate,No,129632.5,12070.32,18800.0,240,1,Semiurban,567,2024-09-14,Rejected,141702.82,0.133,0.9421,0.7185,0.4152,0.5101
CUST10396,Female,45,Single,Graduate,No,54454.65,1501.17,10600.0,360,1,Rural,602,2022-08-05,Approved,55955.82,0.189,0.362,0.3875,0.477,0.1841
CUST10876,Female,49,Married,Graduate,No,54088.36,15642.65,6200.0,60,1,Urban,727,2023-04-25,Approved,69731.01,0.089,0.3592,0.2099,0.6979,0.2364
CUST11388,Male,47,Single,Graduate,Yes,90672.07,3658.5,10800.0,360,1,Semiurban,593,2024-01-31,Approved,94330.57,0.114,0.6415,0.3956,0.4611,0.33
CUST10328,Female,41,Divorced,Post Graduate,No,49818.18,14889.48,11700.0,360,0,Rural,696,2022-06-29,Approved,64707.66,0.181,0.3262,0.4319,0.6431,0.2173
CUST10415,Male,26,Widowed,Graduate,No,96393.81,7455.65,13100.0,360,1,Rural,653,2022-08-16,Rejected,103849.46,0.126,0.6856,0.4884,0.5671,0.3662
CUST10578,Female,40,Single,Graduate,No,137131.87,0.0,25775.0,240,0,Urban,808,2022-11-13,Rejected,137131.87,0.188,1.0,1.0,0.841,0.4927
CUST10109,Male,35,Divorced,Graduate,Yes,48423.81,0.0,8300.0,240,1,Urban,630,2022-03-01,Approved,48423.81,0.171,0.3155,0.2947,0.5265,0.1554
CUST11533,Male,39,Married,Graduate,Yes,59933.19,20609.5,10000.0,360,1,Urban,632,2024-04-19,Rejected,80542.69,0.124,0.4043,0.3633,0.53,0.2776
CUST11283,Female,48,Single,Graduate,No,29040.37,40043.85,5200.0,360,1,Semiurban,555,2023-12-04,Rejected,69084.22,0.075,0.1659,0.1695,0.394,0.234
CUST10928,Female,51,Married,Not Graduate,Yes,92549.33,0.0,17100.0,360,1,Urban,568,2023-05-24,Approved,92549.33,0.185,0.656,0.6498,0.417,0.3232
CUST10528,Male,38,Married,Not Graduate,No,30959.42,0.0,5900.0,360,1,Urban,760,2022-10-17,Approved,30959.42,0.191,0.1807,0.1978,0.7562,0.089
CUST10556,Male,57,Single,Not Graduate,No,42420.71,4908.7,8200.0,360,1,Rural,776,2022-11-01,Rejected,47329.41,0.173,0.2691,0.2906,0.7845,0.1513
CUST11399,Female,34,Single,Graduate,No,30467.74,0.0,4000.0,360,0,Urban,679,2024-02-06,Approved,30467.74,0.131,0.1769,0.1211,0.6131,0.0872
CUST11854,Female,42,Single,Graduate,No,54711.53,0.0,10200.0,300,1,Semiurban,686,2024-10-12,Approved,54711.53,0.186,0.364,0.3713,0.6254,0.1793
CUST10095,Female,46,Married,Not Graduate,No,74445.46,0.0,16800.0,300,1,Urban,605,2022-02-22,Approved,74445.46,0.226,0.5163,0.6377,0.4823,0.2544
CUST10972,Male,41,Married,Graduate,No,35775.54,0.0,7800.0,120,1,Semiurban,691,2023-06-17,Rejected,35775.54,0.218,0.2179,0.2745,0.6343,0.1073
CUST10593,Female,19,Married,Not Graduate,No,50362.72,7379.03,9100.0,360,1,Urban,816,2022-11-21,Approved,57741.75,0.158,0.3304,0.3269,0.8551,0.1909
CUST10019,Female,23,Married,Post Graduate,No,48423.81,10564.48,8300.0,36,1,Rural,698,2022-01-11,Approved,58988.29,0.141,0.3155,0.2947,0.6466,0.1956
CUST11637,Female,58,Single,Not Graduate,No,137131.87,32115.14,17300.0,360,1,Urban,696,2024-06-15,Approved,169247.01,0.102,1.0,0.6579,0.6431,0.6148
CUST11633,Female,29,Single,Graduate,No,35028.42,0.0,6800.0,60,1,Semiurban,595,2024-06-13,Rejected,35028.42,0.194,0.2121,0.2341,0.4647,0.1045
CUST11333,Female,34,Married,Not Graduate,No,52213.41,8142.3,16100.0,180,1,Semiurban,653,2024-01-01,Rejected,60355.71,0.267,0.3447,0.6095,0.5671,0.2008
CUST10311,Female,45,Married,Post Graduate,No,44444.57,0.0,12900.0,360,1,Rural,711,2022-06-20,Approved,44444.57,0.29,0.2848,0.4803,0.6696,0.1403
CUST11274,Male,22,Single,Graduate,No,59641.75,9781.07,10300.0,120,0,Semiurban,589,2023-11-29,Approved,69422.82,0.148,0.402,0.3754,0.4541,0.2353
CUST10606,Male,39,Married,Not Graduate,No,73161.58,16834.34,17200.0,360,1,Semiurban,541,2022-11-28,Rejected,89995.92,0.191,0.5064,0.6539,0.3693,0.3135
CUST10426,Male,38,Single,Graduate,No,93949.53,6669.83,10800.0,180,1,Urban,482,2022-08-22,Approved,100619.36,0.107,0.6668,0.3956,0.265,0.3539
CUST10442,Male,36,Single,Graduate,No,81495.0,7167.43,19100.0,360,1,Rural,642,2022-08-31,Rejected,88662.43,0.215,0.5707,0.7306,0.5477,0.3084
CUST11351,Female,43,Single,Not Graduate,No,30183.14,0.0,5200.0,360,1,Rural,773,2024-01-11,Rejected,30183.14,0.172,0.1747,0.1695,0.7792,0.0861
CUST10222,Female,44,Married,Not Graduate,No,26742.08,0.0,8300.0,120,1,Semiurban,587,2022-05-02,Approved,26742.08,0.31,0.1482,0.2947,0.4505,0.073
CUST10925,Male,41,Single,Not Graduate,No,74888.02,10494.47,11600.0,180,1,Urban,817,2023-05-22,Rejected,85382.49,0.136,0.5197,0.4279,0.8569,0.296
CUST10728,Female,30,Married,Graduate,No,87525.79,0.0,13800.0,360,1,Semiurban,624,2023-02-03,Approved,87525.79,0.158,0.6172,0.5166,0.5159,0.3041
CUST11194,Male,41,Married,Graduate,No,47146.33,0.0,5400.0,240,1,Urban,688,2023-10-17,Approved,47146.33,0.115,0.3056,0.1776,0.629,0.1506
CUST10704,Male,43,Divorced,Graduate,Yes,55992.41,0.0,15600.0,240,1,Rural,579,2023-01-21,Rejected,55992.41,0.279,0.3739,0.5893,0.4364,0.1842
CUST10111,Male,49,Single,Graduate,No,77793.4,15821.58,10000.0,360,1,Semiurban,633,2022-03-02,Approved,93614.98,0.107,0.5421,0.3633,0.5318,0.3273
CUST11227,Female,30,Single,Graduate,No,62029.68,12794.73,7100.0,360,1,Urban,653,2023-11-04,Rejected,74824.41,0.095,0.4205,0.2462,0.5671,0.2558
CUST11298,Male,49,Married,Not Graduate,Yes,47611.35,11119.11,6600.0,360,1,Rural,649,2023-12-13,Approved,58730.46,0.112,0.3092,0.226,0.5601,0.1946
CUST11481,Male,31,Married,Graduate,No,120408.61,19717.81,17200.0,360,1,Rural,701,2024-03-22,Approved,140126.42,0.123,0.871,0.6539,0.6519,0.5041
CUST11132,Male,28,Married,Graduate,No,28200.93,0.0,3900.0,300,1,Urban,678,2023-09-13,Approved,28200.93,0.138,0.1594,0.1171,0.6113,0.0785
CUST10313,Female,18,Married,Graduate,No,18381.5,71011.34,3800.0,240,1,Rural,761,2022-06-21,Approved,89392.84,0.043,0.0836,0.113,0.758,0.3112
CUST10287,Female,23,Married,Not Graduate,No,36589.4,0.0,4100.0,180,0,Urban,628,2022-06-07,Approved,36589.4,0.112,0.2241,0.1251,0.523,0.1104
CUST10802,Male,42,Married,Graduate,No,33444.37,0.0,9400.0,360,0,Semiurban,621,2023-03-16,Rejected,33444.37,0.281,0.1999,0.3391,0.5106,0.0985
CUST11169,Male,41,Single,Not Graduate,No,27544.37,0.0,3700.0,120,1,Urban,729,2023-10-03,Approved,27544.37,0.134,0.1543,0.109,0.7014,0.076
CUST11226,Female,22,Single,Graduate,No,50610.95,13252.52,13800.0,120,1,Urban,680,2023-11-03,Approved,63863.47,0.216,0.3323,0.5166,0.6148,0.2141
CUST11455,Male,38,Single,Graduate,No,93737.26,4101.74,10500.0,240,1,Semiurban,737,2024-03-08,Approved,97839.0,0.107,0.6651,0.3835,0.7155,0.3433
CUST11754,Male,35,Married,Not Graduate,No,38297.65,8276.34,10200.0,360,1,Semiurban,732,2024-08-18,Approved,46573.99,0.219,0.2373,0.3713,0.7067,0.1484
CUST11203,Male,22,Single,Not Graduate,No,44835.67,0.0,6400.0,300,1,Rural,749,2023-10-21,Approved,44835.67,0.143,0.2878,0.218,0.7367,0.1418
CUST11643,Male,18,Married,Graduate,No,89831.51,0.0,11600.0,360,1,Rural,787,2024-06-18,Approved,89831.51,0.129,0.635,0.4279,0.8039,0.3129
CUST11046,Male,46,Married,Not Graduate,No,20975.3,0.0,2800.0,360,1,Semiurban,719,2023-07-27,Rejected,20975.3,0.133,0.1037,0.0727,0.6837,0.0511
CUST11886,Male,37,Divorced,Post Graduate,No,37162.13,0.0,4300.0,300,1,Urban,653,2024-10-30,Approved,37162.13,0.116,0.2286,0.1332,0.5671,0.1126
CUST10351,Male,59,Divorced,Not Graduate,Yes,73354.59,11301.9,8800.0,360,0,Semiurban,683,2022-07-12,Rejected,84656.49,0.104,0.5079,0.3148,0.6201,0.2932
CUST10687,Female,27,Single,Graduate,No,73596.63,0.0,19900.0,360,1,Urban,745,2023-01-12,Rejected,73596.63,0.27,0.5097,0.7629,0.7297,0.2511
CUST11779,Female,39,Widowed,Not Graduate,Yes,53540.82,0.0,8400.0,300,1,Urban,657,2024-09-01,Approved,53540.82,0.157,0.355,0.2987,0.5742,0.1749
CUST10017,Male,39,Single,Not Graduate,Yes,27280.14,14623.91,4200.0,360,0,Urban,707,2022-01-10,Rejected,41904.05,0.1,0.1523,0.1292,0.6625,0.1306
CUST11104,Male,35,Married,Post Graduate,No,57669.78,0.0,13700.0,360,0,Urban,617,2023-08-28,Rejected,57669.78,0.238,0.3868,0.5126,0.5035,0.1906
CUST11586,Male,38,Widowed,Post Graduate,Yes,64071.21,30354.0,7900.0,240,1,Semiurban,602,2024-05-18,Approved,94425.21,0.084,0.4362,0.2785,0.477,0.3303
CUST11025,Male,37,Single,Not Graduate,No,27125.32,52226.27,5600.0,360,1,Urban,670,2023-07-16,Approved,79351.59,0.071,0.1511,0.1857,0.5972,0.273
CUST11561,Female,43,Single,Not Graduate,No,28238.06,0.0,7200.0,360,1,Semiurban,571,2024-05-05,Approved,28238.06,0.255,0.1597,0.2503,0.4223,0.0787
CUST10620,Male,42,Single,Graduate,No,24123.24,7679.0,6300.0,360,1,Semiurban,718,2022-12-06,Approved,31802.24,0.198,0.1279,0.2139,0.682,0.0922
CUST11180,Male,26,Married,Graduate,No,60235.76,4956.26,6700.0,360,0,Semiurban,646,2023-10-09,Rejected,65192.02,0.103,0.4066,0.2301,0.5548,0.2192
CUST11397,Female,47,Widowed,Not Graduate,Yes,56125.42,0.0,9600.0,360,0,Urban,775,2024-02-05,Approved,56125.42,0.171,0.3749,0.3471,0.7827,0.1847
CUST10540,Female,62,Single,Graduate,No,27567.01,8624.5,4200.0,360,1,Semiurban,720,2022-10-23,Rejected,36191.51,0.116,0.1545,0.1292,0.6855,0.1089
CUST10992,Female,43,Single,Not Graduate,No,38999.86,0.0,10800.0,360,1,Urban,697,2023-06-28,Approved,38999.86,0.277,0.2427,0.3956,0.6449,0.1196
CUST10054,Male,45,Divorced,Post Graduate,No,79007.14,0.0,9900.0,360,1,Urban,578,2022-01-30,Approved,79007.14,0.125,0.5515,0.3592,0.4346,0.2717
CUST10263,Male,31,Single,Graduate,Yes,31863.74,6789.36,3800.0,360,1,Urban,652,2022-05-25,Rejected,38653.1,0.098,0.1877,0.113,0.5654,0.1183
CUST10101,Female,33,Single,Post Graduate,No,43927.25,8105.6,5200.0,180,1,Urban,726,2022-02-25,Rejected,52032.85,0.1,0.2808,0.1695,0.6961,0.1692
CUST10275,Female,43,Widowed,Not Graduate,No,30825.06,0.0,7800.0,300,1,Rural,614,2022-05-31,Approved,30825.06,0.253,0.1797,0.2745,0.4982,0.0885
CUST11200,Female,29,Divorced,Not Graduate,Yes,137131.87,0.0,25775.0,360,1,Urban,635,2023-10-20,Approved,137131.87,0.188,1.0,1.0,0.5353,0.4927
CUST10517,Male,42,Single,Not Graduate,No,18242.21,17705.79,3900.0,360,1,Rural,646,2022-10-11,Approved,35948.0,0.108,0.0826,0.1171,0.5548,0.108
CUST10249,Female,50,Single,Post Graduate,No,137131.87,8676.45,25775.0,360,1,Urban,737,2022-05-17,Rejected,145808.32,0.177,1.0,1.0,0.7155,0.5257
CUST10840,Male,45,Married,Not Graduate,No,22308.75,0.0,2800.0,360,0,Urban,554,2023-04-06,Approved,22308.75,0.126,0.1139,0.0727,0.3922,0.0561
CUST11946,Male,45,Single,Graduate,No,86518.36,14037.15,11400.0,360,0,Urban,653,2024-12-01,Approved,100555.51,0.113,0.6094,0.4198,0.5671,0.3536
CUST11935,Male,25,Single,Graduate,No,46149.05,41067.31,8700.0,360,1,Urban,650,2024-11-25,Approved,87216.36,0.1,0.2979,0.3108,0.5618,0.3029
CUST10572,Female,34,Single,Graduate,No,58486.21,0.0,7500.0,120,1,Rural,658,2022-11-10,Rejected,58486.21,0.128,0.3931,0.2624,0.576,0.1937
CUST10344,Female,35,Married,Graduate,No,45650.22,0.0,15100.0,60,1,Urban,676,2022-07-08,Approved,45650.22,0.331,0.2941,0.5691,0.6078,0.1449
CUST10953,Male,25,Widowed,Graduate,Yes,137131.87,0.0,25775.0,300,1,Rural,871,2023-06-07,Approved,137131.87,0.188,1.0,1.0,0.9523,0.4927
CUST11011,Female,54,Single,Post Graduate,No,48423.81,9716.35,8300.0,300,1,Semiurban,712,2023-07-08,Rejected,58140.16,0.143,0.3155,0.2947,0.6714,0.1924
CUST11771,Male,41,Married,Not Graduate,No,40737.37,0.0,10300.0,300,1,Semiurban,576,2024-08-28,Rejected,40737.37,0.253,0.2562,0.3754,0.4311,0.1262
CUST11353,Male,27,Married,Graduate,No,97868.06,9900.04,25775.0,360,1,Semiurban,599,2024-01-12,Rejected,107768.1,0.239,0.697,1.0,0.4717,0.3811
CUST10060,Female,40,Single,Graduate,No,30656.63,9746.78,7600.0,240,1,Rural,565,2022-02-02,Rejected,40403.41,0.188,0.1784,0.2664,0.4117,0.1249
CUST11701,Female,35,Single,Graduate,No,47360.87,0.0,7500.0,60,1,Semiurban,628,2024-07-20,Rejected,47360.87,0.158,0.3073,0.2624,0.523,0.1514
CUST11666,Female,31,Widowed,Not Graduate,No,39808.75,13524.49,4800.0,360,0,Semiurban,613,2024-07-01,Approved,53333.24,0.09,0.249,0.1534,0.4965,0.1741
CUST10363,Male,63,Married,Post Graduate,No,68878.74,30065.96,13800.0,120,1,Rural,665,2022-07-18,Approved,98944.7,0.139,0.4733,0.5166,0.5883,0.3475
CUST11753,Female,36,Single,Graduate,No,66995.45,6237.16,7500.0,360,1,Urban,635,2024-08-18,Approved,73232.61,0.102,0.4588,0.2624,0.5353,0.2498
CUST10210,Female,52,Married,Not Graduate,No,38996.37,0.0,5500.0,360,1,Semiurban,762,2022-04-26,Approved,38996.37,0.141,0.2427,0.1816,0.7597,0.1196
CUST10281,Male,38,Divorced,Not Graduate,No,137131.87,31401.22,8300.0,360,1,Semiurban,697,2022-06-03,Rejected,168533.09,0.049,1.0,0.2947,0.6449,0.6121
CUST11432,Male,38,Married,Not Graduate,No,75702.13,2230.52,18200.0,120,1,Urban,616,2024-02-24,Rejected,77932.65,0.234,0.526,0.6942,0.5018,0.2676
CUST10835,Female,54,Single,Not Graduate,No,137131.87,44630.12,25775.0,240,1,Rural,604,2023-04-03,Approved,181761.99,0.142,1.0,1.0,0.4806,0.6624
CUST10412,Male,34,Single,Not Graduate,No,44496.27,28676.66,7400.0,360,1,Rural,653,2022-08-14,Approved,73172.93,0.101,0.2852,0.2583,0.5671,0.2495
CUST11937,Female,38,Married,Graduate,No,45915.36,2903.49,11200.0,360,1,Semiurban,832,2024-11-27,Approved,48818.85,0.229,0.2961,0.4117,0.8834,0.1569
CUST11244,Female,33,Single,Graduate,No,63425.26,0.0,9400.0,12,1,Semiurban,593,2023-11-13,Rejected,63425.26,0.148,0.4312,0.3391,0.4611,0.2125
CUST10993,Male,46,Single,Graduate,No,46076.02,24914.81,5300.0,60,1,Urban,537,2023-06-28,Approved,70990.83,0.075,0.2974,0.1736,0.3622,0.2412
CUST10947,Female,49,Single,Graduate,Yes,24905.64,7899.97,6600.0,300,1,Semiurban,652,2023-06-03,Rejected,32805.61,0.201,0.134,0.226,0.5654,0.0961
CUST11423,Female,27,Single,Graduate,Yes,23245.15,6341.51,3200.0,180,0,Rural,639,2024-02-19,Approved,29586.66,0.108,0.1212,0.0888,0.5424,0.0838
CUST10324,Female,38,Single,Post Graduate,Yes,27844.71,7402.37,4100.0,240,1,Rural,598,2022-06-27,Approved,35247.08,0.116,0.1567,0.1251,0.47,0.1053
CUST11898,Male,34,Married,Not Graduate,No,105459.08,0.0,18300.0,240,1,Urban,831,2024-11-05,Approved,105459.08,0.174,0.7556,0.6983,0.8816,0.3723
CUST11708,Male,41,Married,Graduate,No,36223.88,91091.52,8400.0,360,1,Semiurban,744,2024-07-24,Approved,127315.4,0.066,0.2213,0.2987,0.7279,0.4554
CUST10028,Male,35,Married,Not Graduate,No,39630.77,9139.53,7300.0,360,1,Semiurban,752,2022-01-16,Approved,48770.3,0.15,0.2476,0.2543,0.742,0.1568
CUST11316,Female,34,Single,Not Graduate,No,26175.66,0.0,6800.0,360,1,Urban,653,2023-12-22,Rejected,26175.66,0.26,0.1438,0.2341,0.5671,0.0708
CUST10603,Male,54,Widowed,Graduate,No,42108.15,0.0,5600.0,360,1,Urban,620,2022-11-27,Approved,42108.15,0.133,0.2667,0.1857,0.5088,0.1314
CUST11704,Female,38,Married,Graduate,Yes,24948.53,46373.98,4000.0,180,1,Semiurban,781,2024-07-22,Approved,71322.51,0.056,0.1343,0.1211,0.7933,0.2425
CUST10525,Female,58,Married,Not Graduate,No,90841.5,7293.07,25775.0,300,1,Semiurban,562,2022-10-15,Approved,98134.57,0.263,0.6428,1.0,0.4064,0.3444
CUST11799,Female,35,Widowed,Graduate,Yes,48912.73,0.0,5700.0,360,1,Semiurban,653,2024-09-12,Approved,48912.73,0.117,0.3192,0.1897,0.5671,0.1573
CUST10224,Male,34,Single,Not Graduate,No,30299.66,0.0,4300.0,180,1,Urban,657,2022-05-03,Approved,30299.66,0.142,0.1756,0.1332,0.5742,0.0865
CUST11277,Male,26,Married,Not Graduate,No,31286.79,13522.17,5200.0,360,0,Rural,672,2023-12-01,Approved,44808.96,0.116,0.1832,0.1695,0.6007,0.1417
CUST11190,Female,42,Married,Graduate,No,101988.11,35978.82,21000.0,360,1,Rural,625,2023-10-14,Rejected,137966.93,0.152,0.7288,0.8073,0.5177,0.4959
CUST10845,Male,38,Single,Post Graduate,Yes,72979.21,0.0,20600.0,12,1,Urban,560,2023-04-08,Rejected,72979.21,0.282,0.505,0.7911,0.4028,0.2488
CUST11417,Female,22,Single,Graduate,No,45347.18,6989.23,14500.0,300,1,Urban,499,2024-02-16,Approved,52336.41,0.277,0.2917,0.5449,0.2951,0.1703
CUST11085,Male,52,Single,Graduate,No,27488.67,14007.96,7900.0,360,1,Semiurban,466,2023-08-18,Approved,41496.63,0.19,0.1539,0.2785,0.2367,0.1291
CUST10737,Male,37,Single,Graduate,No,31407.99,16635.39,6100.0,300,1,Urban,738,2023-02-08,Approved,48043.38,0.127,0.1842,0.2059,0.7173,0.154
CUST11489,Female,50,Single,Graduate,No,30249.45,0.0,7500.0,120,1,Urban,716,2024-03-26,Approved,30249.45,0.248,0.1752,0.2624,0.6784,0.0863
CUST11674,Female,45,Single,Graduate,No,27115.17,7235.25,3100.0,120,1,Semiurban,554,2024-07-05,Rejected,34350.42,0.09,0.151,0.0848,0.3922,0.1019
CUST11435,Female,26,Single,Graduate,No,50190.84,3030.25,13800.0,300,1,Urban,775,2024-02-26,Approved,53221.09,0.259,0.3291,0.5166,0.7827,0.1737
CUST11177,Female,38,Married,Graduate,No,7710.33,10309.31,1900.0,360,1,Urban,780,2023-10-07,Approved,18019.64,0.105,0.0013,0.0363,0.7915,0.0398
CUST11201,Female,67,Married,Not Graduate,No,121478.2,15221.12,25775.0,360,1,Rural,753,2023-10-20,Approved,136699.32,0.189,0.8792,1.0,0.7438,0.4911
CUST10930,Male,41,Married,Graduate,No,109527.16,19378.31,24300.0,360,1,Semiurban,668,2023-05-25,Approved,128905.47,0.189,0.787,0.9405,0.5936,0.4614
CUST10151,Male,53,Married,Not Graduate,No,66974.51,9798.01,12900.0,120,1,Urban,495,2022-03-24,Approved,76772.52,0.168,0.4586,0.4803,0.288,0.2632
CUST10215,Male,29,Divorced,Not Graduate,No,31753.07,0.0,4300.0,360,1,Urban,669,2022-04-28,Rejected,31753.07,0.135,0.1868,0.1332,0.5954,0.0921
CUST10098,Male,69,Married,Not Graduate,No,47197.31,5758.76,11100.0,360,1,Urban,695,2022-02-23,Approved,52956.07,0.21,0.306,0.4077,0.6413,0.1727
CUST11168,Female,44,Married,Graduate,Yes,35945.35,35789.78,4200.0,360,1,Semiurban,690,2023-10-02,Approved,71735.13,0.059,0.2192,0.1292,0.6325,0.2441
CUST11444,Male,33,Married,Not Graduate,No,137131.87,31843.32,25775.0,120,0,Rural,653,2024-03-01,Approved,168975.19,0.153,1.0,1.0,0.5671,0.6138
CUST10544,Male,52,Married,Graduate,No,17409.86,62559.85,2100.0,360,0,Semiurban,577,2022-10-25,Rejected,79969.71,0.026,0.0761,0.0444,0.4329,0.2754
CUST10817,Female,35,Married,Post Graduate,No,53929.85,9618.87,14700.0,120,1,Semiurban,507,2023-03-24,Rejected,63548.72,0.231,0.358,0.553,0.3092,0.2129
CUST11488,Male,34,Married,Post Graduate,No,98917.61,3524.95,12300.0,360,1,Semiurban,473,2024-03-26,Rejected,102442.56,0.12,0.7051,0.4561,0.2491,0.3608
CUST10012,Female,37,Single,Graduate,No,38851.78,2676.12,4900.0,180,1,Semiurban,629,2022-01-07,Rejected,41527.9,0.118,0.2416,0.1574,0.5247,0.1292
CUST11707,Female,33,Single,Post Graduate,No,48423.81,0.0,8300.0,360,1,Semiurban,658,2024-07-24,Approved,48423.81,0.171,0.3155,0.2947,0.576,0.1554
CUST11405,Male,37,Married,Not Graduate,No,10044.08,50390.12,1400.0,240,1,Urban,597,2024-02-09,Approved,60434.2,0.023,0.0193,0.0161,0.4682,0.2011
CUST10167,Female,29,Single,Graduate,Yes,74119.76,0.0,17100.0,360,1,Rural,522,2022-04-02,Approved,74119.76,0.231,0.5138,0.6498,0.3357,0.2531
CUST11795,Male,35,Divorced,Graduate,No,137131.87,24588.32,25775.0,300,1,Rural,727,2024-09-10,Rejected,161720.19,0.159,1.0,1.0,0.6979,0.5862
CUST10640,Male,29,Single,Not Graduate,No,38490.96,17126.53,4700.0,360,1,Semiurban,603,2022-12-17,Approved,55617.49,0.085,0.2388,0.1493,0.4788,0.1828
CUST10188,Male,38,Single,Graduate,No,112216.29,0.0,25775.0,360,1,Semiurban,613,2022-04-13,Approved,112216.29,0.23,0.8077,1.0,0.4965,0.398
CUST10611,Female,40,Divorced,Graduate,No,80003.49,0.0,10700.0,360,1,Rural,692,2022-12-01,Approved,80003.49,0.134,0.5592,0.3915,0.636,0.2755
CUST11280,Female,44,Divorced,Post Graduate,No,115006.35,0.0,24900.0,240,1,Semiurban,758,2023-12-03,Rejected,115006.35,0.217,0.8293,0.9647,0.7527,0.4086
CUST10043,Male,32,Divorced,Not Graduate,Yes,30169.8,37602.67,3700.0,300,1,Semiurban,758,2022-01-24,Approved,67772.47,0.055,0.1746,0.109,0.7527,0.229
CUST10009,Female,30,Single,Graduate,No,102733.44,6405.27,12200.0,36,1,Rural,659,2022-01-05,Approved,109138.71,0.112,0.7346,0.4521,0.5777,0.3863
CUST11465,Female,38,Widowed,Graduate,No,51956.87,20117.37,8800.0,120,1,Rural,619,2024-03-13,Rejected,72074.24,0.122,0.3427,0.3148,0.5071,0.2454
CUST10147,Female,30,Married,Post Graduate,No,18407.04,0.0,4700.0,360,1,Rural,570,2022-03-22,Approved,18407.04,0.255,0.0838,0.1493,0.4205,0.0413
CUST10788,Female,18,Single,Not Graduate,No,20468.09,0.0,2800.0,120,1,Semiurban,770,2023-03-08,Approved,20468.09,0.137,0.0997,0.0727,0.7739,0.0491
CUST10013,Female,33,Single,Graduate,No,137131.87,2690.07,25775.0,60,1,Semiurban,509,2022-01-08,Rejected,139821.94,0.184,1.0,1.0,0.3127,0.5029
CUST10389,Female,47,Married,Not Graduate,No,65942.08,15780.53,12400.0,360,1,Urban,653,2022-08-02,Rejected,81722.61,0.152,0.4507,0.4601,0.5671,0.282
CUST11293,Male,48,Widowed,Post Graduate,No,34125.26,21514.97,4500.0,240,0,Urban,563,2023-12-10,Rejected,55640.23,0.081,0.2051,0.1413,0.4081,0.1829
CUST10975,Female,30,Married,Graduate,No,81086.86,0.0,12500.0,180,1,Semiurban,831,2023-06-19,Approved,81086.86,0.154,0.5675,0.4642,0.8816,0.2796
CUST10700,Male,32,Married,Graduate,No,63947.95,8432.47,11400.0,360,1,Semiurban,638,2023-01-19,Approved,72380.42,0.158,0.4353,0.4198,0.5406,0.2465
CUST11845,Female,34,Divorced,Post Graduate,No,60488.26,0.0,8000.0,240,1,Semiurban,578,2024-10-07,Approved,60488.26,0.132,0.4086,0.2825,0.4346,0.2013
CUST11648,Male,54,Married,Post Graduate,Yes,67772.92,0.0,19200.0,360,1,Rural,785,2024-06-21,Approved,67772.92,0.283,0.4648,0.7346,0.8004,0.229
CUST11152,Male,39,Single,Graduate,No,21128.58,6196.33,6000.0,360,0,Semiurban,605,2023-09-24,Approved,27324.91,0.22,0.1048,0.2018,0.4823,0.0752
CUST10985,Female,56,Married,Not Graduate,No,28255.97,0.0,5600.0,360,1,Rural,811,2023-06-24,Rejected,28255.97,0.198,0.1598,0.1857,0.8463,0.0788
CUST11731,Male,25,Married,Graduate,Yes,15993.25,12701.5,2400.0,360,1,Semiurban,653,2024-08-06,Approved,28694.75,0.084,0.0652,0.0565,0.5671,0.0804
CUST11952,Male,26,Married,Not Graduate,No,100671.1,0.0,15300.0,360,0,Urban,695,2024-12-05,Approved,100671.1,0.152,0.7186,0.5772,0.6413,0.3541
CUST10824,Female,27,Married,Not Graduate,No,62922.83,8888.98,16600.0,360,1,Rural,690,2023-03-28,Rejected,71811.81,0.231,0.4274,0.6297,0.6325,0.2444
CUST11780,Male,33,Married,Graduate,No,29483.65,40808.32,5300.0,240,1,Rural,755,2024-09-02,Rejected,70291.97,0.075,0.1693,0.1736,0.7473,0.2386
CUST10492,Female,33,Married,Not Graduate,No,84662.2,0.0,20900.0,360,1,Urban,530,2022-09-27,Approved,84662.2,0.247,0.5951,0.8032,0.3498,0.2932
CUST11688,Female,31,Single,Not Graduate,No,17292.27,0.0,3300.0,360,1,Urban,647,2024-07-13,Rejected,17292.27,0.191,0.0752,0.0928,0.5565,0.0371
CUST10957,Female,38,Widowed,Graduate,No,74454.75,34596.83,11100.0,360,0,Semiurban,705,2023-06-09,Rejected,109051.58,0.102,0.5163,0.4077,0.659,0.386
CUST10479,Female,35,Married,Post Graduate,No,27287.28,4215.73,8100.0,120,1,Semiurban,698,2022-09-20,Approved,31503.01,0.257,0.1524,0.2866,0.6466,0.0911
CUST11943,Male,38,Divorced,Not Graduate,No,93379.05,14695.17,24200.0,360,1,Urban,763,2024-11-30,Rejected,108074.22,0.224,0.6624,0.9364,0.7615,0.3822
CUST11499,Female,54,Single,Not Graduate,No,36522.6,0.0,9100.0,120,1,Rural,719,2024-04-01,Approved,36522.6,0.249,0.2236,0.3269,0.6837,0.1102
CUST11182,Male,50,Married,Graduate,No,64811.72,0.0,11000.0,240,1,Rural,709,2023-10-10,Rejected,64811.72,0.17,0.4419,0.4036,0.6661,0.2177
CUST11450,Female,24,Single,Post Graduate,Yes,67664.47,5171.09,17500.0,240,1,Urban,841,2024-03-05,Rejected,72835.56,0.24,0.4639,0.666,0.8993,0.2483
CUST11634,Female,32,Single,Graduate,No,109083.59,0.0,15100.0,360,1,Rural,724,2024-06-14,Approved,109083.59,0.138,0.7836,0.5691,0.6926,0.3861
CUST10025,Male,40,Widowed,Not Graduate,No,68983.42,4849.55,20700.0,360,1,Semiurban,815,2022-01-14,Approved,73832.97,0.28,0.4741,0.7952,0.8534,0.252
CUST11909,Male,19,Single,Graduate,Yes,19635.67,0.0,2800.0,360,1,Semiurban,723,2024-11-11,Rejected,19635.67,0.143,0.0933,0.0727,0.6908,0.046
CUST11471,Male,42,Married,Not Graduate,No,23999.31,16148.22,5600.0,60,1,Rural,653,2024-03-16,Rejected,40147.53,0.139,0.127,0.1857,0.5671,0.124
CUST11033,Male,40,Married,Not Graduate,No,76160.95,21843.3,11200.0,12,1,Semiurban,666,2023-07-20,Approved,98004.25,0.114,0.5295,0.4117,0.5901,0.3439
CUST10855,Female,31,Married,Not Graduate,No,23172.17,12048.87,7000.0,180,1,Urban,494,2023-04-14,Approved,35221.04,0.199,0.1206,0.2422,0.2862,0.1052
CUST10115,Female,34,Married,Not Graduate,No,76659.15,0.0,18600.0,360,0,Urban,557,2022-03-04,Rejected,76659.15,0.243,0.5334,0.7104,0.3975,0.2628
CUST10024,Male,43,Married,Graduate,No,137131.87,11721.29,8300.0,360,1,Urban,694,2022-01-14,Rejected,148853.16,0.056,1.0,0.2947,0.6396,0.5373
CUST10370,Male,38,Single,Graduate,No,34031.49,0.0,4100.0,180,0,Rural,464,2022-07-22,Approved,34031.49,0.12,0.2044,0.1251,0.2332,0.1007
CUST11022,Female,37,Married,Not Graduate,No,76114.25,0.0,16700.0,360,1,Rural,668,2023-07-14,Approved,76114.25,0.219,0.5291,0.6337,0.5936,0.2607
CUST10746,Male,26,Single,Graduate,No,58234.43,10964.95,8000.0,360,1,Rural,749,2023-02-13,Rejected,69199.38,0.116,0.3912,0.2825,0.7367,0.2344
CUST10096,Female,25,Married,Graduate,No,33649.13,38941.66,5800.0,360,0,Semiurban,668,2022-02-22,Rejected,72590.79,0.08,0.2015,0.1937,0.5936,0.2473
CUST11037,Female,37,Married,Not Graduate,No,17182.89,0.0,2300.0,360,1,Urban,599,2023-07-23,Approved,17182.89,0.134,0.0744,0.0525,0.4717,0.0367
CUST11986,Male,35,Married,Graduate,No,105724.57,20146.89,25100.0,360,0,Rural,704,2024-12-23,Rejected,125871.46,0.199,0.7576,0.9728,0.6572,0.4499
CUST11461,Female,39,Married,Post Graduate,No,15029.05,10176.37,1700.0,36,1,Semiurban,650,2024-03-11,Approved,25205.42,0.067,0.0578,0.0283,0.5618,0.0672
CUST10099,Female,42,Widowed,Not Graduate,No,51593.41,36750.8,9900.0,300,1,Semiurban,779,2022-02-24,Approved,88344.21,0.112,0.3399,0.3592,0.7898,0.3072
CUST11522,Male,36,Single,Graduate,No,68344.4,17930.25,14400.0,120,0,Semiurban,620,2024-04-13,Rejected,86274.65,0.167,0.4692,0.5409,0.5088,0.2993
CUST11509,Male,43,Single,Graduate,No,25929.64,6223.62,6500.0,360,1,Rural,653,2024-04-06,Rejected,32153.26,0.202,0.1419,0.222,0.5671,0.0936
CUST11358,Female,40,Divorced,Graduate,No,16836.7,0.0,3200.0,180,1,Semiurban,627,2024-01-14,Rejected,16836.7,0.19,0.0717,0.0888,0.5212,0.0353
CUST10357,Female,53,Married,Graduate,No,61603.02,0.0,12900.0,12,1,Semiurban,715,2022-07-15,Rejected,61603.02,0.209,0.4172,0.4803,0.6767,0.2055
CUST10506,Male,24,Single,Post Graduate,No,38402.63,0.0,8800.0,60,0,Urban,728,2022-10-05,Rejected,38402.63,0.229,0.2381,0.3148,0.6996,0.1173
CUST10587,Male,34,Single,Graduate,No,137131.87,0.0,19800.0,12,1,Rural,735,2022-11-18,Rejected,137131.87,0.144,1.0,0.7588,0.712,0.4927
CUST11632,Female,40,Widowed,Graduate,No,61576.85,40597.5,9000.0,360,0,Urban,579,2024-06-12,Rejected,102174.35,0.088,0.417,0.3229,0.4364,0.3598
CUST11927,Male,38,Divorced,Post Graduate,No,23645.93,7208.7,6700.0,360,1,Urban,569,2024-11-21,Rejected,30854.63,0.217,0.1243,0.2301,0.4187,0.0886
CUST11956,Female,65,Married,Graduate,Yes,48423.81,18499.87,8300.0,180,1,Semiurban,840,2024-12-07,Rejected,66923.68,0.124,0.3155,0.2947,0.8975,0.2258
CUST10630,Female,49,Single,Not Graduate,Yes,52061.33,11378.72,10300.0,360,0,Urban,571,2022-12-12,Approved,63440.05,0.162,0.3435,0.3754,0.4223,0.2125
CUST10688,Male,27,Single,Not Graduate,No,29561.38,22357.66,3500.0,360,1,Semiurban,459,2023-01-12,Rejected,51919.04,0.067,0.1699,0.1009,0.2244,0.1687
CUST11726,Male,44,Single,Graduate,No,92954.01,2940.51,11500.0,360,0,Rural,647,2024-08-03,Rejected,95894.52,0.12,0.6591,0.4238,0.5565,0.3359
CUST11751,Male,36,Divorced,Graduate,No,39625.76,23334.6,12300.0,360,1,Semiurban,567,2024-08-17,Rejected,62960.36,0.195,0.2476,0.4561,0.4152,0.2107
CUST10270,Male,41,Divorced,Graduate,No,50190.05,27683.48,5800.0,120,1,Semiurban,617,2022-05-28,Approved,77873.53,0.074,0.3291,0.1937,0.5035,0.2674
CUST10118,Female,35,Divorced,Not Graduate,Yes,54931.14,8790.98,7100.0,360,1,Semiurban,629,2022-03-06,Approved,63722.12,0.111,0.3657,0.2462,0.5247,0.2136
CUST10117,Male,38,Married,Graduate,No,32076.89,4328.35,5800.0,240,0,Rural,670,2022-03-06,Rejected,36405.24,0.159,0.1893,0.1937,0.5972,0.1097
CUST10868,Male,27,Married,Post Graduate,No,60455.98,7179.08,18900.0,360,1,Semiurban,614,2023-04-21,Rejected,67635.06,0.279,0.4083,0.7225,0.4982,0.2285
CUST11924,Male,41,Married,Not Graduate,No,20861.08,10187.33,2700.0,360,0,Rural,698,2024-11-19,Rejected,31048.41,0.087,0.1028,0.0686,0.6466,0.0894
CUST10561,Male,38,Single,Not Graduate,Yes,109293.88,16815.29,14600.0,360,1,Semiurban,706,2022-11-04,Rejected,126109.17,0.116,0.7852,0.5489,0.6608,0.4508
CUST11732,Male,43,Single,Not Graduate,No,32782.31,17308.65,9500.0,360,1,Urban,708,2024-08-06,Approved,50090.96,0.19,0.1948,0.3431,0.6643,0.1618
CUST11016,Female,37,Single,Post Graduate,No,96348.75,53743.74,14300.0,360,1,Rural,667,2023-07-11,Approved,150092.49,0.095,0.6853,0.5368,0.5919,0.542
CUST11976,Female,46,Married,Post Graduate,No,82814.87,0.0,12900.0,360,1,Rural,690,2024-12-18,Rejected,82814.87,0.156,0.5809,0.4803,0.6325,0.2862
CUST11825,Male,42,Single,Not Graduate,No,27130.49,0.0,5000.0,360,0,Urban,615,2024-09-26,Approved,27130.49,0.184,0.1512,0.1615,0.5,0.0745
CUST10164,Female,46,Single,Post Graduate,No,13010.92,0.0,2800.0,360,1,Rural,609,2022-03-31,Approved,13010.92,0.215,0.0422,0.0727,0.4894,0.0208
CUST10596,Male,37,Married,Graduate,No,69738.23,0.0,16200.0,360,1,Urban,729,2022-11-23,Rejected,69738.23,0.232,0.4799,0.6135,0.7014,0.2365
CUST11529,Male,48,Single,Not Graduate,No,74500.11,0.0,12400.0,360,1,Urban,701,2024-04-17,Approved,74500.11,0.166,0.5167,0.4601,0.6519,0.2546
CUST11812,Male,43,Divorced,Not Graduate,No,46566.94,7139.35,15400.0,300,1,Urban,771,2024-09-19,Approved,53706.29,0.287,0.3011,0.5812,0.7756,0.1755
CUST10465,Female,18,Single,Graduate,No,53499.78,0.0,6900.0,180,1,Rural,653,2022-09-12,Approved,53499.78,0.129,0.3546,0.2381,0.5671,0.1747
CUST11165,Male,42,Widowed,Graduate,Yes,58813.84,23242.3,8300.0,120,1,Rural,716,2023-10-01,Rejected,82056.14,0.101,0.3956,0.2947,0.6784,0.2833
CUST11106,Male,40,Married,Graduate,No,55835.06,7745.8,6500.0,120,0,Urban,685,2023-08-29,Approved,63580.86,0.102,0.3727,0.222,0.6237,0.2131
CUST10142,Female,29,Married,Graduate,No,103942.48,46330.73,15800.0,360,0,Semiurban,524,2022-03-19,Rejected,150273.21,0.105,0.7439,0.5974,0.3392,0.5427
CUST10113,Female,44,Single,Graduate,No,43653.99,0.0,6800.0,120,1,Urban,813,2022-03-03,Approved,43653.99,0.156,0.2787,0.2341,0.8498,0.1373
CUST11487,Female,39,Married,Post Graduate,No,27848.07,0.0,6200.0,120,1,Rural,502,2024-03-25,Rejected,27848.07,0.223,0.1567,0.2099,0.3004,0.0772
CUST11232,Male,30,Widowed,Post Graduate,No,18130.41,22672.45,4000.0,360,1,Rural,587,2023-11-06,Approved,40802.86,0.098,0.0817,0.1211,0.4505,0.1265
CUST10378,Female,38,Single,Not Graduate,No,137131.87,0.0,24600.0,360,1,Urban,576,2022-07-27,Approved,137131.87,0.179,1.0,0.9526,0.4311,0.4927
CUST10063,Male,44,Married,Graduate,No,41555.14,8308.38,6200.0,360,1,Semiurban,650,2022-02-04,Rejected,49863.52,0.124,0.2625,0.2099,0.5618,0.1609
CUST11876,Male,62,Married,Post Graduate,No,29507.13,0.0,8400.0,180,1,Rural,675,2024-10-24,Approved,29507.13,0.285,0.1695,0.2987,0.606,0.0835
CUST10643,Male,38,Married,Not Graduate,No,22533.24,15600.64,3400.0,360,0,Semiurban,677,2022-12-19,Rejected,38133.88,0.089,0.1157,0.0969,0.6095,0.1163
CUST10186,Female,34,Divorced,Post Graduate,No,34933.87,11914.43,9000.0,360,1,Semiurban,661,2022-04-12,Rejected,46848.3,0.192,0.2114,0.3229,0.5813,0.1494
CUST11806,Male,46,Single,Graduate,No,67140.11,74999.3,8000.0,12,1,Urban,656,2024-09-16,Approved,142139.41,0.056,0.4599,0.2825,0.5724,0.5118
CUST11930,Female,39,Single,Graduate,No,59919.93,12688.86,13800.0,180,1,Rural,832,2024-11-23,Approved,72608.79,0.19,0.4042,0.5166,0.8834,0.2474
CUST10586,Male,38,Married,Post Graduate,Yes,27415.91,0.0,3800.0,360,0,Rural,665,2022-11-17,Approved,27415.91,0.139,0.1534,0.113,0.5883,0.0756
CUST10294,Female,51,Single,Graduate,No,38267.69,21598.92,7100.0,360,1,Semiurban,727,2022-06-11,Rejected,59866.61,0.119,0.2371,0.2462,0.6979,0.1989
CUST10562,Female,54,Married,Post Graduate,Yes,64562.46,0.0,10700.0,180,1,Urban,620,2022-11-04,Approved,64562.46,0.166,0.44,0.3915,0.5088,0.2168
CUST10453,Male,38,Single,Not Graduate,Yes,16363.74,15689.07,4900.0,360,1,Semiurban,570,2022-09-06,Rejected,32052.81,0.153,0.0681,0.1574,0.4205,0.0932
CUST10286,Male,29,Married,Graduate,No,24098.55,28009.14,6900.0,180,1,Semiurban,661,2022-06-06,Rejected,52107.69,0.132,0.1278,0.2381,0.5813,0.1694
CUST11883,Male,34,Married,Graduate,No,18256.19,25457.09,2400.0,240,1,Semiurban,661,2024-10-28,Rejected,43713.28,0.055,0.0827,0.0565,0.5813,0.1375
CUST10565,Female,36,Single,Graduate,Yes,64821.9,0.0,19800.0,60,0,Urban,786,2022-11-06,Approved,64821.9,0.305,0.442,0.7588,0.8021,0.2178
CUST10300,Male,38,Widowed,Not Graduate,Yes,47438.0,10302.4,9100.0,360,1,Rural,661,2022-06-14,Rejected,57740.4,0.158,0.3079,0.3269,0.5813,0.1909
CUST10848,Male,27,Widowed,Post Graduate,No,48423.81,19180.75,8300.0,360,1,Urban,546,2023-04-10,Approved,67604.56,0.123,0.3155,0.2947,0.3781,0.2284
CUST10315,Male,43,Single,Graduate,No,60942.49,18068.53,16900.0,60,1,Semiurban,722,2022-06-22,Approved,79011.02,0.214,0.4121,0.6418,0.689,0.2717
CUST10903,Female,34,Married,Graduate,No,35124.69,0.0,10500.0,36,1,Urban,524,2023-05-10,Approved,35124.69,0.299,0.2128,0.3835,0.3392,0.1049
CUST11095,Female,49,Married,Graduate,No,64752.65,0.0,9000.0,240,1,Urban,687,2023-08-23,Rejected,64752.65,0.139,0.4415,0.3229,0.6272,0.2175
CUST10359,Female,43,Single,Graduate,No,137131.87,0.0,25775.0,240,0,Semiurban,631,2022-07-16,Rejected,137131.87,0.188,1.0,1.0,0.5283,0.4927
CUST10130,Male,47,Married,Graduate,Yes,31946.71,0.0,9700.0,360,1,Urban,652,2022-03-13,Approved,31946.71,0.304,0.1883,0.3512,0.5654,0.0928
CUST11496,Female,46,Divorced,Not Graduate,No,56126.3,55684.1,8900.0,300,1,Urban,658,2024-03-30,Approved,111810.4,0.08,0.3749,0.3189,0.576,0.3964
CUST10189,Male,30,Divorced,Graduate,Yes,47002.2,41976.33,9000.0,360,1,Urban,486,2022-04-14,Approved,88978.53,0.101,0.3045,0.3229,0.2721,0.3096
CUST10027,Male,38,Single,Graduate,No,77266.25,9174.61,8300.0,300,1,Rural,740,2022-01-15,Rejected,86440.86,0.096,0.538,0.2947,0.7208,0.3
CUST11573,Female,21,Single,Not Graduate,No,135367.15,0.0,25775.0,360,1,Urban,725,2024-05-11,Rejected,135367.15,0.19,0.9864,1.0,0.6943,0.486
CUST11098,Male,37,Married,Not Graduate,No,131359.17,0.0,16300.0,300,1,Rural,679,2023-08-25,Rejected,131359.17,0.124,0.9555,0.6176,0.6131,0.4708
CUST11192,Male,37,Married,Not Graduate,No,38317.58,14419.37,6000.0,360,1,Urban,823,2023-10-15,Approved,52736.95,0.114,0.2375,0.2018,0.8675,0.1718
CUST11236,Male,29,Divorced,Post Graduate,Yes,39789.84,0.0,7500.0,300,0,Urban,630,2023-11-09,Rejected,39789.84,0.188,0.2488,0.2624,0.5265,0.1226
CUST10637,Male,43,Married,Post Graduate,No,115570.45,27420.27,25775.0,240,1,Semiurban,809,2022-12-15,Approved,142990.72,0.18,0.8336,1.0,0.8428,0.515
CUST11682,Male,53,Single,Graduate,Yes,28327.18,0.0,3500.0,60,0,Semiurban,681,2024-07-10,Approved,28327.18,0.124,0.1604,0.1009,0.6166,0.079
CUST10744,Female,29,Single,Not Graduate,No,29466.45,0.0,6300.0,360,1,Urban,714,2023-02-12,Rejected,29466.45,0.214,0.1692,0.2139,0.6749,0.0834
CUST11580,Male,23,Single,Post Graduate,No,52762.35,0.0,11100.0,240,1,Urban,721,2024-05-15,Approved,52762.35,0.21,0.3489,0.4077,0.6873,0.1719
CUST11179,Male,32,Single,Not Graduate,No,54711.95,35222.42,16500.0,360,1,Rural,808,2023-10-08,Approved,89934.37,0.183,0.364,0.6256,0.841,0.3133
CUST10266,Male,30,Divorced,Graduate,No,80543.86,0.0,9800.0,360,1,Semiurban,641,2022-05-26,Approved,80543.86,0.122,0.5633,0.3552,0.5459,0.2776
CUST11528,Male,52,Divorced,Not Graduate,No,28892.31,0.0,8300.0,360,1,Urban,636,2024-04-16,Approved,28892.31,0.287,0.1647,0.2947,0.5371,0.0812
CUST11513,Male,54,Married,Graduate,No,60552.57,7823.51,10000.0,180,0,Rural,720,2024-04-08,Approved,68376.08,0.146,0.4091,0.3633,0.6855,0.2313
CUST10075,Male,52,Married,Not Graduate,No,13576.92,0.0,1800.0,360,1,Rural,599,2022-02-11,Rejected,13576.92,0.133,0.0466,0.0323,0.4717,0.0229
CUST11750,Female,35,Married,Graduate,Yes,20913.91,19489.22,4300.0,360,1,Rural,600,2024-08-16,Rejected,40403.13,0.106,0.1032,0.1332,0.4735,0.1249
CUST11015,Male,49,Married,Graduate,No,68922.19,9805.82,7700.0,360,1,Rural,653,2023-07-10,Approved,78728.01,0.098,0.4736,0.2704,0.5671,0.2707
CUST11287,Male,41,Married,Not Graduate,No,46335.65,0.0,8500.0,240,1,Urban,678,2023-12-06,Approved,46335.65,0.183,0.2994,0.3027,0.6113,0.1475
CUST10739,Female,53,Single,Graduate,No,137131.87,57641.31,18400.0,300,1,Semiurban,724,2023-02-09,Approved,194773.18,0.094,1.0,0.7023,0.6926,0.7119
CUST11950,Female,65,Married,Graduate,No,57702.3,0.0,11800.0,36,1,Urban,707,2024-12-04,Approved,57702.3,0.204,0.3871,0.4359,0.6625,0.1907
CUST11285,Female,50,Married,Graduate,No,41016.49,4793.93,4700.0,360,1,Semiurban,410,2023-12-05,Rejected,45810.42,0.103,0.2583,0.1493,0.1378,0.1455
CUST11324,Male,34,Single,Not Graduate,Yes,22643.29,2037.1,6200.0,360,1,Rural,752,2023-12-27,Rejected,24680.39,0.251,0.1165,0.2099,0.742,0.0652
CUST10806,Female,20,Single,Not Graduate,Yes,96531.11,0.0,25775.0,180,0,Urban,591,2023-03-18,Rejected,96531.11,0.267,0.6867,1.0,0.4576,0.3383
CUST10180,Male,34,Divorced,Post Graduate,No,62049.71,12687.47,12500.0,60,0,Urban,657,2022-04-09,Approved,74737.18,0.167,0.4206,0.4642,0.5742,0.2555
CUST10765,Male,40,Married,Not Graduate,No,11301.84,0.0,1300.0,180,1,Urban,825,2023-02-24,Approved,11301.84,0.115,0.029,0.0121,0.871,0.0143
CUST10663,Male,30,Single,Graduate,No,89826.72,6925.57,22500.0,180,1,Rural,557,2022-12-30,Approved,96752.29,0.233,0.635,0.8678,0.3975,0.3392
CUST11249,Female,43,Married,Not Graduate,No,52148.86,34147.49,6300.0,240,1,Urban,570,2023-11-16,Rejected,86296.35,0.073,0.3442,0.2139,0.4205,0.2994
CUST10376,Female,21,Married,Graduate,No,41425.69,27341.05,6200.0,360,1,Urban,655,2022-07-25,Approved,68766.74,0.09,0.2615,0.2099,0.5707,0.2328
CUST10660,Male,31,Married,Graduate,No,54826.49,21964.49,8100.0,360,1,Urban,620,2022-12-28,Rejected,76790.98,0.105,0.3649,0.2866,0.5088,0.2633
CUST10023,Male,55,Married,Not Graduate,No,137131.87,10187.06,25775.0,360,1,Urban,516,2022-01-13,Rejected,147318.93,0.175,1.0,1.0,0.3251,0.5314
CUST10346,Female,28,Married,Not Graduate,No,137131.87,0.0,25775.0,300,1,Semiurban,776,2022-07-09,Approved,137131.87,0.188,1.0,1.0,0.7845,0.4927
CUST11654,Female,38,Single,Not Graduate,No,40621.44,7727.84,5500.0,360,0,Rural,653,2024-06-25,Rejected,48349.28,0.114,0.2553,0.1816,0.5671,0.1552
CUST11816,Male,23,Single,Not Graduate,No,66131.5,10510.76,8700.0,120,1,Rural,612,2024-09-21,Rejected,76642.26,0.114,0.4521,0.3108,0.4947,0.2627
CUST11734,Male,53,Single,Not Graduate,No,20645.65,3704.86,5700.0,360,1,Rural,583,2024-08-07,Rejected,24350.51,0.234,0.1011,0.1897,0.4435,0.0639
CUST10008,Male,35,Divorced,Not Graduate,No,47333.73,14055.56,5800.0,360,1,Urban,758,2022-01-05,Approved,61389.29,0.094,0.3071,0.1937,0.7527,0.2047
CUST10228,Female,27,Divorced,Not Graduate,No,34374.57,0.0,5200.0,360,1,Urban,697,2022-05-05,Rejected,34374.57,0.151,0.2071,0.1695,0.6449,0.102
CUST10489,Female,47,Married,Post Graduate,No,51370.45,5545.48,5900.0,12,1,Rural,643,2022-09-25,Approved,56915.93,0.104,0.3382,0.1978,0.5495,0.1877
CUST10213,Female,30,Single,Graduate,Yes,25673.12,30579.36,5200.0,240,1,Semiurban,738,2022-04-27,Approved,56252.48,0.092,0.1399,0.1695,0.7173,0.1852
CUST11172,Male,38,Single,Not Graduate,No,60314.15,14969.07,19000.0,60,0,Urban,558,2023-10-04,Approved,75283.22,0.252,0.4072,0.7265,0.3993,0.2576
CUST10571,Female,37,Single,Not Graduate,No,41970.62,15726.63,11500.0,300,0,Urban,662,2022-11-09,Approved,57697.25,0.199,0.2657,0.4238,0.583,0.1907
CUST10449,Female,28,Single,Post Graduate,No,36604.47,0.0,5700.0,360,1,Urban,645,2022-09-03,Approved,36604.47,0.156,0.2243,0.1897,0.553,0.1105
CUST10747,Female,47,Single,Graduate,No,112360.55,107029.51,24300.0,360,1,Urban,636,2023-02-14,Approved,219390.06,0.111,0.8088,0.9405,0.5371,0.8055
CUST10015,Male,35,Married,Post Graduate,No,63958.08,0.0,11000.0,360,1,Urban,697,2022-01-09,Rejected,63958.08,0.172,0.4353,0.4036,0.6449,0.2145
CUST11490,Male,34,Single,Post Graduate,No,88027.62,8167.37,23300.0,120,1,Urban,653,2024-03-27,Rejected,96194.99,0.242,0.6211,0.9001,0.5671,0.3371
CUST11793,Female,30,Single,Post Graduate,Yes,72195.09,23128.06,8500.0,360,1,Rural,574,2024-09-09,Approved,95323.15,0.089,0.4989,0.3027,0.4276,0.3338
CUST11709,Male,36,Single,Not Graduate,No,25622.24,0.0,3700.0,360,1,Rural,685,2024-07-25,Rejected,25622.24,0.144,0.1395,0.109,0.6237,0.0687
CUST11318,Male,34,Single,Not Graduate,No,137131.87,0.0,25775.0,360,1,Rural,788,2023-12-23,Rejected,137131.87,0.188,1.0,1.0,0.8057,0.4927
CUST11670,Male,60,Married,Post Graduate,No,55660.12,0.0,10800.0,240,1,Rural,515,2024-07-03,Rejected,55660.12,0.194,0.3713,0.3956,0.3233,0.1829
CUST10546,Female,41,Married,Not Graduate,No,30489.34,6134.18,9100.0,12,1,Semiurban,629,2022-10-27,Approved,36623.52,0.248,0.1771,0.3269,0.5247,0.1106
CUST11170,Female,38,Married,Graduate,No,137131.87,0.0,25775.0,240,0,Rural,659,2023-10-03,Approved,137131.87,0.188,1.0,1.0,0.5777,0.4927
CUST11911,Male,43,Divorced,Post Graduate,No,49121.37,0.0,6600.0,240,1,Semiurban,699,2024-11-12,Rejected,49121.37,0.134,0.3209,0.226,0.6484,0.1581
CUST10354,Female,41,Married,Not Graduate,Yes,137131.87,9637.78,18900.0,180,0,Urban,770,2022-07-13,Rejected,146769.65,0.129,1.0,0.7225,0.7739,0.5294
CUST10754,Female,37,Married,Not Graduate,No,39149.92,0.0,12900.0,36,1,Rural,756,2023-02-18,Rejected,39149.92,0.33,0.2439,0.4803,0.7491,0.1202
CUST10207,Female,52,Single,Graduate,No,15627.97,0.0,2600.0,360,1,Urban,551,2022-04-24,Approved,15627.97,0.166,0.0624,0.0646,0.3869,0.0307
CUST11198,Male,37,Single,Not Graduate,No,56046.82,14416.02,7600.0,360,1,Rural,713,2023-10-19,Approved,70462.84,0.108,0.3743,0.2664,0.6731,0.2392
CUST11275,Male,33,Single,Not Graduate,No,80204.34,4076.58,13200.0,360,1,Rural,653,2023-11-30,Rejected,84280.92,0.157,0.5607,0.4924,0.5671,0.2918
CUST11483,Male,35,Married,Not Graduate,Yes,66306.61,0.0,14600.0,360,1,Urban,573,2024-03-23,Rejected,66306.61,0.22,0.4535,0.5489,0.4258,0.2234
CUST10416,Male,35,Married,Not Graduate,No,26824.42,15536.64,8300.0,360,1,Urban,737,2022-08-16,Rejected,42361.06,0.196,0.1488,0.2947,0.7155,0.1324
CUST11718,Female,38,Divorced,Post Graduate,Yes,94441.18,0.0,25775.0,300,0,Rural,788,2024-07-30,Approved,94441.18,0.273,0.6706,1.0,0.8057,0.3304
CUST11074,Female,41,Married,Not Graduate,Yes,90953.1,67386.65,18700.0,360,1,Urban,721,2023-08-12,Approved,158339.75,0.118,0.6437,0.7144,0.6873,0.5734
CUST11581,Male,48,Widowed,Not Graduate,No,137131.87,9243.76,25775.0,120,1,Urban,695,2024-05-16,Rejected,146375.63,0.176,1.0,1.0,0.6413,0.5279
CUST10707,Female,34,Married,Not Graduate,No,82342.72,20288.81,11700.0,360,1,Semiurban,746,2023-01-23,Rejected,102631.53,0.114,0.5772,0.4319,0.7314,0.3615
CUST11109,Male,35,Married,Not Graduate,No,37289.07,0.0,4300.0,240,1,Urban,729,2023-08-31,Rejected,37289.07,0.115,0.2295,0.1332,0.7014,0.1131
CUST10619,Male,37,Married,Graduate,No,58619.57,0.0,9500.0,180,1,Semiurban,653,2022-12-06,Rejected,58619.57,0.162,0.3941,0.3431,0.5671,0.1942
CUST10536,Female,30,Single,Not Graduate,No,16440.13,35648.31,2200.0,360,1,Urban,519,2022-10-21,Rejected,52088.44,0.042,0.0687,0.0484,0.3304,0.1694
CUST10348,Female,33,Widowed,Graduate,Yes,49927.29,0.0,6200.0,360,1,Urban,771,2022-07-10,Rejected,49927.29,0.124,0.3271,0.2099,0.7756,0.1612
CUST11049,Male,35,Married,Graduate,No,47245.82,0.0,11400.0,360,1,Urban,606,2023-07-29,Rejected,47245.82,0.241,0.3064,0.4198,0.4841,0.151
CUST10403,Male,51,Single,Not Graduate,No,104337.54,26111.76,25775.0,360,1,Rural,692,2022-08-09,Approved,130449.3,0.198,0.7469,1.0,0.636,0.4673
CUST10362,Male,42,Married,Graduate,No,21161.5,16754.98,2800.0,360,1,Semiurban,540,2022-07-18,Rejected,37916.48,0.074,0.1051,0.0727,0.3675,0.1155
CUST10026,Female,32,Married,Graduate,No,82666.65,27192.13,15500.0,240,1,Urban,544,2022-01-15,Approved,109858.78,0.141,0.5797,0.5853,0.3746,0.389
CUST11124,Female,50,Married,Graduate,No,29043.16,21461.93,3500.0,360,1,Urban,681,2023-09-08,Approved,50505.09,0.069,0.1659,0.1009,0.6166,0.1633
CUST11783,Male,31,Married,Not Graduate,No,47719.07,45927.32,7400.0,360,1,Semiurban,646,2024-09-03,Rejected,93646.39,0.079,0.31,0.2583,0.5548,0.3274
CUST10177,Female,34,Widowed,Graduate,No,10866.53,26794.27,2700.0,12,1,Urban,621,2022-04-07,Approved,37660.8,0.072,0.0257,0.0686,0.5106,0.1145
CUST11947,Female,21,Married,Not Graduate,No,37886.65,137579.33,9400.0,120,0,Semiurban,700,2024-12-02,Approved,175465.98,0.054,0.2342,0.3391,0.6502,0.6385
CUST10887,Male,44,Married,Graduate,No,10697.44,21096.66,1800.0,360,1,Urban,699,2023-05-01,Approved,31794.1,0.057,0.0243,0.0323,0.6484,0.0922
CUST11413,Female,41,Single,Not Graduate,No,48423.81,142388.34,8300.0,240,1,Urban,653,2024-02-14,Approved,190812.15,0.043,0.3155,0.2947,0.5671,0.6968
CUST10683,Female,45,Single,Not Graduate,No,77920.64,14959.3,10300.0,12,1,Rural,584,2023-01-10,Approved,92879.94,0.111,0.5431,0.3754,0.4452,0.3245
CUST10252,Female,43,Single,Post Graduate,No,32103.22,8302.65,8000.0,360,1,Semiurban,711,2022-05-19,Approved,40405.87,0.198,0.1895,0.2825,0.6696,0.125
CUST10414,Male,47,Married,Post Graduate,No,41952.45,0.0,5100.0,360,1,Urban,773,2022-08-15,Approved,41952.45,0.122,0.2655,0.1655,0.7792,0.1308
CUST10558,Female,47,Single,Not Graduate,Yes,85390.48,10457.08,19000.0,360,1,Semiurban,665,2022-11-02,Approved,95847.56,0.198,0.6007,0.7265,0.5883,0.3357
CUST10553,Male,48,Widowed,Graduate,No,30039.5,25471.12,3800.0,360,1,Semiurban,672,2022-10-30,Rejected,55510.62,0.068,0.1736,0.113,0.6007,0.1824
CUST10193,Female,34,Married,Not Graduate,No,45295.09,26733.13,6500.0,300,1,Semiurban,767,2022-04-16,Approved,72028.22,0.09,0.2913,0.222,0.7686,0.2452
CUST11150,Male,38,Single,Graduate,No,95406.16,0.0,14100.0,360,1,Rural,729,2023-09-22,Approved,95406.16,0.148,0.678,0.5288,0.7014,0.3341
CUST11882,Female,36,Married,Not Graduate,No,109015.84,8154.63,25775.0,240,1,Semiurban,586,2024-10-27,Rejected,117170.47,0.22,0.783,1.0,0.4488,0.4168
CUST11042,Female,64,Married,Graduate,No,15263.9,0.0,2800.0,360,1,Semiurban,653,2023-07-25,Rejected,15263.9,0.183,0.0596,0.0727,0.5671,0.0294
CUST10445,Male,33,Divorced,Not Graduate,Yes,21124.86,7090.31,4200.0,60,1,Rural,596,2022-09-01,Approved,28215.17,0.149,0.1048,0.1292,0.4664,0.0786
CUST10795,Male,42,Married,Graduate,No,121827.22,0.0,25775.0,60,0,Urban,649,2023-03-12,Approved,121827.22,0.212,0.8819,1.0,0.5601,0.4345
CUST11323,Female,30,Widowed,Not Graduate,No,102186.43,0.0,20500.0,360,1,Urban,651,2023-12-26,Approved,102186.43,0.201,0.7303,0.7871,0.5636,0.3598
CUST11872,Female,41,Married,Graduate,Yes,42946.09,0.0,6900.0,360,1,Rural,688,2024-10-22,Approved,42946.09,0.161,0.2732,0.2381,0.629,0.1346
CUST11757,Female,36,Married,Post Graduate,Yes,57404.25,10779.1,14800.0,300,1,Urban,653,2024-08-20,Rejected,68183.35,0.217,0.3848,0.557,0.5671,0.2306
CUST10451,Male,41,Married,Post Graduate,No,137131.87,49205.45,25775.0,360,1,Rural,595,2022-09-05,Rejected,186337.32,0.138,1.0,1.0,0.4647,0.6798
CUST11584,Female,29,Married,Graduate,No,61214.13,8797.45,12300.0,240,1,Urban,594,2024-05-17,Approved,70011.58,0.176,0.4142,0.4561,0.4629,0.2375
CUST10464,Female,38,Widowed,Graduate,No,29362.09,6119.07,6000.0,360,1,Semiurban,612,2022-09-12,Approved,35481.16,0.169,0.1684,0.2018,0.4947,0.1062
CUST10984,Male,30,Widowed,Not Graduate,Yes,48423.81,0.0,8300.0,360,1,Semiurban,754,2023-06-24,Approved,48423.81,0.171,0.3155,0.2947,0.7456,0.1554
CUST10458,Female,22,Married,Not Graduate,No,12540.14,15709.89,2900.0,360,1,Rural,846,2022-09-08,Rejected,28250.03,0.103,0.0386,0.0767,0.9081,0.0787
CUST11384,Female,20,Widowed,Not Graduate,No,45369.11,31489.46,8200.0,180,1,Urban,766,2024-01-29,Rejected,76858.57,0.107,0.2919,0.2906,0.7668,0.2635
CUST10951,Male,51,Single,Post Graduate,Yes,105837.18,38193.61,12000.0,36,1,Semiurban,636,2023-06-05,Approved,144030.79,0.083,0.7585,0.444,0.5371,0.5189
CUST10828,Male,50,Single,Not Graduate,No,54922.5,0.0,8900.0,360,1,Rural,659,2023-03-30,Rejected,54922.5,0.162,0.3656,0.3189,0.5777,0.1801
CUST11591,Male,56,Married,Graduate,No,66276.23,0.0,18000.0,120,1,Semiurban,648,2024-05-21,Rejected,66276.23,0.272,0.4532,0.6862,0.5583,0.2233
CUST10369,Male,38,Married,Not Graduate,Yes,63898.05,3956.25,13700.0,180,0,Semiurban,580,2022-07-22,Approved,67854.3,0.202,0.4349,0.5126,0.4382,0.2293
CUST10484,Male,37,Married,Graduate,No,137131.87,6090.7,21700.0,240,0,Semiurban,636,2022-09-23,Rejected,143222.57,0.152,1.0,0.8355,0.5371,0.5159
CUST10684,Female,32,Married,Graduate,No,35106.85,12764.1,4000.0,36,1,Rural,526,2023-01-10,Approved,47870.95,0.084,0.2127,0.1211,0.3428,0.1533
CUST11195,Male,41,Married,Not Graduate,No,19068.96,22365.77,3900.0,120,1,Urban,731,2023-10-17,Approved,41434.73,0.094,0.0889,0.1171,0.7049,0.1289
CUST10307,Female,40,Married,Not Graduate,No,30295.15,42004.78,8500.0,180,0,Urban,707,2022-06-18,Rejected,72299.93,0.118,0.1756,0.3027,0.6625,0.2462
CUST10285,Female,52,Single,Not Graduate,No,59832.9,0.0,14300.0,60,0,Semiurban,537,2022-06-06,Approved,59832.9,0.239,0.4035,0.5368,0.3622,0.1988
CUST11733,Male,38,Single,Post Graduate,Yes,39583.14,5616.97,6100.0,360,1,Semiurban,481,2024-08-07,Rejected,45200.11,0.135,0.2472,0.2059,0.2633,0.1432
CUST11294,Male,40,Married,Graduate,No,24568.35,0.0,4000.0,360,0,Urban,699,2023-12-10,Approved,24568.35,0.163,0.1314,0.1211,0.6484,0.0647
CUST10717,Male,33,Married,Graduate,No,73673.46,13697.32,8200.0,360,0,Semiurban,710,2023-01-28,Approved,87370.78,0.094,0.5103,0.2906,0.6678,0.3035
CUST11295,Female,51,Widowed,Not Graduate,Yes,100907.04,8298.51,17400.0,120,1,Rural,660,2023-12-11,Rejected,109205.55,0.159,0.7205,0.662,0.5795,0.3865
CUST10748,Female,51,Single,Graduate,No,59355.84,10372.95,12400.0,240,1,Semiurban,601,2023-02-14,Approved,69728.79,0.178,0.3998,0.4601,0.4753,0.2364
CUST11102,Female,33,Single,Not Graduate,No,51562.0,4769.69,16400.0,360,0,Urban,833,2023-08-27,Approved,56331.69,0.291,0.3397,0.6216,0.8852,0.1855
CUST10635,Male,29,Married,Post Graduate,No,13704.85,3657.36,1800.0,360,1,Rural,696,2022-12-14,Approved,17362.21,0.104,0.0476,0.0323,0.6431,0.0373
CUST11564,Female,45,Married,Not Graduate,No,49517.08,17961.95,15000.0,360,1,Rural,625,2024-05-06,Rejected,67479.03,0.222,0.3239,0.5651,0.5177,0.2279
CUST11116,Male,40,Married,Graduate,No,124584.77,16837.07,23300.0,120,1,Rural,627,2023-09-04,Rejected,141421.84,0.165,0.9032,0.9001,0.5212,0.509
CUST11523,Male,51,Married,Graduate,No,29507.07,0.0,7400.0,180,1,Rural,695,2024-04-14,Rejected,29507.07,0.251,0.1695,0.2583,0.6413,0.0835
CUST10721,Female,55,Divorced,Post Graduate,Yes,58352.72,11170.05,8100.0,120,1,Semiurban,678,2023-01-30,Rejected,69522.77,0.117,0.3921,0.2866,0.6113,0.2357
CUST11082,Female,37,Widowed,Graduate,Yes,71178.33,0.0,8200.0,360,1,Urban,564,2023-08-16,Approved,71178.33,0.115,0.4911,0.2906,0.4099,0.242
CUST11644,Male,53,Married,Not Graduate,Yes,108183.61,12134.12,19900.0,240,1,Semiurban,686,2024-06-19,Rejected,120317.73,0.165,0.7766,0.7629,0.6254,0.4288
CUST10097,Male,51,Single,Not Graduate,No,129581.29,0.0,16000.0,360,1,Rural,647,2022-02-23,Rejected,129581.29,0.123,0.9417,0.6054,0.5565,0.464
CUST10797,Male,20,Single,Graduate,No,88988.31,13291.13,21200.0,360,1,Urban,539,2023-03-13,Approved,102279.44,0.207,0.6285,0.8153,0.3657,0.3602
CUST11813,Male,48,Married,Not Graduate,No,20443.32,72690.23,3200.0,240,1,Semiurban,792,2024-09-20,Rejected,93133.55,0.034,0.0996,0.0888,0.8127,0.3254
CUST11978,Male,50,Married,Graduate,No,19466.91,0.0,3500.0,300,1,Urban,687,2024-12-19,Approved,19466.91,0.18,0.092,0.1009,0.6272,0.0453
CUST10139,Male,39,Widowed,Not Graduate,No,32138.47,0.0,3600.0,180,1,Rural,732,2022-03-18,Approved,32138.47,0.112,0.1898,0.1049,0.7067,0.0935
CUST11231,Female,27,Married,Not Graduate,No,31031.12,0.0,10000.0,12,1,Semiurban,689,2023-11-06,Rejected,31031.12,0.322,0.1813,0.3633,0.6307,0.0893
CUST11922,Female,42,Married,Post Graduate,No,36896.31,0.0,5500.0,360,1,Urban,558,2024-11-18,Rejected,36896.31,0.149,0.2265,0.1816,0.3993,0.1116
CUST10720,Female,42,Single,Not Graduate,Yes,124021.71,0.0,25775.0,360,1,Semiurban,824,2023-01-30,Approved,124021.71,0.208,0.8988,1.0,0.8693,0.4429
CUST11792,Male,48,Single,Not Graduate,Yes,116896.15,12947.05,25775.0,360,1,Rural,814,2024-09-08,Approved,129843.2,0.199,0.8438,1.0,0.8516,0.465
CUST11824,Male,38,Married,Graduate,No,33427.81,3003.57,8300.0,360,1,Urban,711,2024-09-26,Approved,36431.38,0.228,0.1997,0.2947,0.6696,0.1098
CUST11992,Male,38,Single,Graduate,Yes,39688.12,8797.32,6600.0,360,1,Urban,671,2024-12-27,Approved,48485.44,0.136,0.2481,0.226,0.5989,0.1557
CUST11189,Female,34,Married,Graduate,No,31671.91,24242.67,5000.0,360,0,Semiurban,533,2023-10-14,Rejected,55914.58,0.089,0.1862,0.1615,0.3551,0.1839
CUST11949,Female,20,Married,Graduate,No,20613.68,7742.93,2900.0,360,1,Rural,668,2024-12-03,Approved,28356.61,0.102,0.1009,0.0767,0.5936,0.0791
CUST10128,Male,40,Married,Graduate,No,41140.25,18951.5,6500.0,360,1,Urban,604,2022-03-12,Rejected,60091.75,0.108,0.2593,0.222,0.4806,0.1998
CUST11126,Female,26,Single,Not Graduate,No,81943.51,34232.69,20300.0,360,0,Urban,433,2023-09-09,Approved,116176.2,0.175,0.5741,0.779,0.1784,0.413
CUST10762,Male,40,Married,Graduate,No,56626.55,13150.11,9900.0,360,1,Rural,686,2023-02-22,Rejected,69776.66,0.142,0.3788,0.3592,0.6254,0.2366
CUST11321,Female,49,Divorced,Not Graduate,Yes,31685.28,31891.12,4100.0,12,1,Semiurban,653,2023-12-25,Approved,63576.4,0.064,0.1863,0.1251,0.5671,0.213
CUST11467,Male,50,Single,Not Graduate,No,42602.45,0.0,8200.0,120,1,Urban,750,2024-03-14,Approved,42602.45,0.192,0.2705,0.2906,0.7385,0.1333
CUST10522,Male,40,Married,Not Graduate,Yes,70133.79,0.0,9200.0,240,1,Urban,647,2022-10-13,Rejected,70133.79,0.131,0.483,0.331,0.5565,0.238
CUST10264,Female,22,Single,Post Graduate,No,47477.91,9235.31,11600.0,60,1,Rural,706,2022-05-25,Rejected,56713.22,0.205,0.3082,0.4279,0.6608,0.187
CUST11849,Male,49,Single,Not Graduate,No,18487.29,0.0,2200.0,120,1,Urban,789,2024-10-09,Approved,18487.29,0.119,0.0845,0.0484,0.8074,0.0416
CUST11576,Female,36,Divorced,Not Graduate,No,66539.65,3064.47,8500.0,360,1,Semiurban,582,2024-05-13,Rejected,69604.12,0.122,0.4553,0.3027,0.4417,0.236
CUST11600,Female,35,Married,Not Graduate,No,127368.98,17524.19,25775.0,240,1,Semiurban,581,2024-05-26,Approved,144893.17,0.178,0.9247,1.0,0.4399,0.5222
CUST10631,Female,39,Widowed,Not Graduate,No,26889.56,6409.86,8900.0,360,1,Semiurban,653,2022-12-12,Rejected,33299.42,0.267,0.1493,0.3189,0.5671,0.0979
CUST10498,Female,29,Married,Graduate,No,64580.97,0.0,18400.0,360,1,Semiurban,669,2022-09-30,Rejected,64580.97,0.285,0.4401,0.7023,0.5954,0.2169
CUST11923,Female,24,Married,Not Graduate,Yes,43756.62,30894.99,6700.0,180,1,Rural,596,2024-11-19,Approved,74651.61,0.09,0.2795,0.2301,0.4664,0.2552
CUST11336,Male,41,Married,Graduate,No,39399.22,88853.8,4400.0,360,1,Rural,658,2024-01-02,Approved,128253.02,0.034,0.2458,0.1372,0.576,0.459
CUST11677,Female,31,Married,Not Graduate,No,55390.08,8599.46,7500.0,360,1,Urban,478,2024-07-07,Rejected,63989.54,0.117,0.3692,0.2624,0.258,0.2146
CUST10921,Female,23,Single,Not Graduate,No,38595.17,7027.85,4400.0,360,1,Semiurban,576,2023-05-20,Rejected,45623.02,0.096,0.2396,0.1372,0.4311,0.1448
CUST10432,Female,45,Divorced,Not Graduate,No,80714.79,0.0,9600.0,180,0,Urban,535,2022-08-25,Approved,80714.79,0.119,0.5646,0.3471,0.3587,0.2782
CUST11725,Male,31,Married,Graduate,No,103347.58,8922.49,11800.0,360,1,Rural,854,2024-08-02,Rejected,112270.07,0.105,0.7393,0.4359,0.9223,0.3982
CUST11744,Male,25,Single,Graduate,No,29885.03,0.0,6600.0,36,1,Urban,654,2024-08-13,Approved,29885.03,0.221,0.1724,0.226,0.5689,0.0849
CUST10068,Male,37,Married,Not Graduate,No,67079.37,2048.37,12900.0,240,1,Rural,459,2022-02-07,Approved,69127.74,0.187,0.4594,0.4803,0.2244,0.2342
CUST10943,Female,29,Widowed,Post Graduate,No,42583.8,0.0,5100.0,360,0,Semiurban,685,2023-06-01,Rejected,42583.8,0.12,0.2704,0.1655,0.6237,0.1332
CUST10971,Male,47,Married,Not Graduate,No,15961.06,0.0,4500.0,360,1,Rural,631,2023-06-16,Rejected,15961.06,0.282,0.065,0.1413,0.5283,0.032
CUST11827,Female,28,Single,Graduate,No,10500.55,25775.9,1300.0,360,1,Semiurban,751,2024-09-27,Rejected,36276.45,0.036,0.0228,0.0121,0.7403,0.1092
CUST10838,Female,32,Married,Not Graduate,No,53634.19,6413.58,10500.0,360,1,Rural,719,2023-04-05,Approved,60047.77,0.175,0.3557,0.3835,0.6837,0.1996
CUST10573,Male,50,Married,Not Graduate,No,67017.26,12978.14,9900.0,36,1,Rural,682,2022-11-10,Approved,79995.4,0.124,0.4589,0.3592,0.6184,0.2755
CUST10334,Male,21,Married,Not Graduate,No,79855.85,15060.67,14400.0,360,0,Urban,646,2022-07-02,Approved,94916.52,0.152,0.558,0.5409,0.5548,0.3322
CUST10338,Male,33,Married,Not Graduate,No,55115.42,15065.35,13900.0,36,1,Urban,605,2022-07-05,Approved,70180.77,0.198,0.3671,0.5207,0.4823,0.2382
CUST10856,Male,34,Married,Graduate,No,132750.58,0.0,24700.0,120,1,Semiurban,497,2023-04-14,Approved,132750.58,0.186,0.9662,0.9566,0.2915,0.4761
CUST10664,Male,56,Married,Not Graduate,No,31895.98,22927.23,4100.0,120,1,Semiurban,653,2022-12-30,Rejected,54823.21,0.075,0.1879,0.1251,0.5671,0.1798
CUST10383,Female,50,Married,Graduate,No,29152.27,3843.1,3400.0,360,0,Semiurban,520,2022-07-29,Approved,32995.37,0.103,0.1668,0.0969,0.3322,0.0968
CUST11938,Male,26,Married,Not Graduate,Yes,18657.07,4014.4,2300.0,360,1,Semiurban,548,2024-11-27,Approved,22671.47,0.101,0.0858,0.0525,0.3816,0.0575
CUST10055,Female,24,Married,Post Graduate,No,90495.07,13128.48,11500.0,300,1,Semiurban,595,2022-01-31,Approved,103623.55,0.111,0.6401,0.4238,0.4647,0.3653
CUST10701,Male,41,Single,Graduate,Yes,70335.56,5374.63,9700.0,12,1,Rural,620,2023-01-19,Approved,75710.19,0.128,0.4846,0.3512,0.5088,0.2592
CUST10804,Male,48,Married,Post Graduate,No,26615.56,38052.31,4500.0,360,1,Urban,852,2023-03-17,Approved,64667.87,0.07,0.1472,0.1413,0.9187,0.2172
CUST10705,Female,27,Married,Graduate,No,39415.52,138937.11,4900.0,360,1,Rural,455,2023-01-22,Rejected,178352.63,0.027,0.246,0.1574,0.2173,0.6494
CUST11544,Female,45,Widowed,Not Graduate,Yes,27186.17,7911.45,6400.0,360,1,Urban,653,2024-04-25,Rejected,35097.62,0.182,0.1516,0.218,0.5671,0.1048
CUST11810,Male,51,Married,Not Graduate,No,68785.65,2014.58,9700.0,360,0,Semiurban,792,2024-09-18,Rejected,70800.23,0.137,0.4726,0.3512,0.8127,0.2405
CUST11692,Male,34,Married,Graduate,No,100389.76,11651.78,19200.0,12,1,Rural,541,2024-07-15,Rejected,112041.54,0.171,0.7165,0.7346,0.3693,0.3973
CUST10170,Male,40,Single,Not Graduate,No,53739.48,14723.65,6900.0,360,1,Urban,683,2022-04-04,Approved,68463.13,0.101,0.3565,0.2381,0.6201,0.2316
CUST10173,Female,43,Married,Post Graduate,No,53195.63,2191.76,9200.0,120,1,Urban,560,2022-04-05,Approved,55387.39,0.166,0.3523,0.331,0.4028,0.1819
CUST11649,Female,39,Widowed,Post Graduate,No,76237.54,0.0,8600.0,180,1,Semiurban,587,2024-06-22,Approved,76237.54,0.113,0.5301,0.3068,0.4505,0.2612
CUST10326,Female,38,Married,Post Graduate,No,40268.31,39293.13,4800.0,240,1,Urban,653,2022-06-28,Approved,79561.44,0.06,0.2525,0.1534,0.5671,0.2738
CUST10503,Female,18,Married,Post Graduate,Yes,25875.46,24622.57,5600.0,360,1,Urban,632,2022-10-03,Approved,50498.03,0.111,0.1415,0.1857,0.53,0.1633
CUST11010,Female,20,Single,Post Graduate,No,44396.97,18622.91,5100.0,360,1,Urban,621,2023-07-08,Approved,63019.88,0.081,0.2844,0.1655,0.5106,0.2109
CUST10409,Female,66,Married,Not Graduate,No,37879.32,30213.6,9000.0,240,1,Urban,645,2022-08-13,Approved,68092.92,0.132,0.2341,0.3229,0.553,0.2302
CUST10905,Female,22,Married,Graduate,No,34963.63,0.0,8100.0,120,1,Rural,528,2023-05-11,Rejected,34963.63,0.232,0.2116,0.2866,0.3463,0.1043
CUST10297,Female,45,Married,Not Graduate,No,67282.05,11513.96,14200.0,360,0,Semiurban,611,2022-06-12,Rejected,78796.01,0.18,0.461,0.5328,0.4929,0.2709
CUST11427,Male,59,Single,Not Graduate,No,74703.72,9887.64,14200.0,120,1,Semiurban,540,2024-02-21,Rejected,84591.36,0.168,0.5183,0.5328,0.3675,0.2929
CUST10613,Female,18,Married,Graduate,No,65950.84,29446.69,10500.0,360,1,Urban,765,2022-12-02,Rejected,95397.53,0.11,0.4507,0.3835,0.765,0.334
CUST11526,Female,48,Divorced,Post Graduate,Yes,57480.54,21819.75,10600.0,360,1,Urban,478,2024-04-15,Approved,79300.29,0.134,0.3854,0.3875,0.258,0.2728
CUST11851,Male,29,Divorced,Not Graduate,No,25123.35,0.0,6900.0,360,1,Urban,757,2024-10-10,Rejected,25123.35,0.275,0.1357,0.2381,0.7509,0.0668
CUST10718,Female,43,Divorced,Not Graduate,No,23220.96,42900.23,4200.0,180,1,Semiurban,586,2023-01-29,Rejected,66121.19,0.064,0.121,0.1292,0.4488,0.2227
CUST10740,Male,48,Married,Not Graduate,No,81524.24,0.0,13600.0,360,1,Semiurban,655,2023-02-10,Rejected,81524.24,0.167,0.5709,0.5086,0.5707,0.2813
CUST10671,Female,53,Married,Not Graduate,Yes,73320.53,10927.54,9400.0,120,1,Urban,600,2023-01-03,Approved,84248.07,0.112,0.5076,0.3391,0.4735,0.2916
CUST10648,Female,40,Married,Post Graduate,No,90954.19,29659.44,10300.0,360,1,Semiurban,713,2022-12-21,Rejected,120613.63,0.085,0.6437,0.3754,0.6731,0.4299
CUST10005,Female,39,Widowed,Not Graduate,No,26889.56,6409.86,8900.0,360,1,Semiurban,653,2022-12-12,Rejected,33299.42,0.267,0.1493,0.3189,0.5671,0.0979
CUST11830,Female,25,Married,Graduate,No,21686.26,32773.03,4500.0,180,1,Semiurban,632,2024-09-29,Approved,54459.29,0.083,0.1091,0.1413,0.53,0.1784
CUST11640,Male,65,Married,Graduate,No,29787.6,0.0,3800.0,360,1,Rural,578,2024-06-17,Rejected,29787.6,0.128,0.1717,0.113,0.4346,0.0846
CUST11981,Female,51,Married,Not Graduate,No,50248.63,3669.81,7100.0,120,1,Urban,567,2024-12-21,Rejected,53918.44,0.132,0.3295,0.2462,0.4152,0.1763
CUST11589,Male,35,Divorced,Graduate,No,60255.22,9049.18,13600.0,360,0,Urban,598,2024-05-20,Rejected,69304.4,0.196,0.4068,0.5086,0.47,0.2348
CUST11139,Female,38,Widowed,Not Graduate,Yes,23276.08,57763.99,6300.0,12,1,Rural,649,2023-09-16,Rejected,81040.07,0.078,0.1214,0.2139,0.5601,0.2794
CUST10531,Male,39,Single,Graduate,No,100268.15,9681.53,16100.0,360,1,Semiurban,613,2022-10-18,Approved,109949.68,0.146,0.7155,0.6095,0.4965,0.3894
CUST10407,Female,34,Married,Not Graduate,Yes,78970.55,0.0,25775.0,120,1,Rural,771,2022-08-11,Approved,78970.55,0.326,0.5512,1.0,0.7756,0.2716
CUST10199,Male,38,Married,Not Graduate,No,39564.34,0.0,8900.0,180,1,Urban,839,2022-04-20,Rejected,39564.34,0.225,0.2471,0.3189,0.8958,0.1218
CUST10473,Male,38,Single,Post Graduate,No,31242.08,52616.52,3900.0,300,0,Urban,662,2022-09-17,Approved,83858.6,0.047,0.1829,0.1171,0.583,0.2902
CUST10751,Male,42,Married,Not Graduate,No,17928.59,37272.83,3000.0,360,1,Urban,697,2023-02-16,Approved,55201.42,0.054,0.0801,0.0807,0.6449,0.1812
CUST10738,Female,34,Married,Not Graduate,No,26766.38,6339.57,8100.0,360,1,Semiurban,699,2023-02-09,Rejected,33105.95,0.245,0.1483,0.2866,0.6484,0.0972
CUST10755,Male,37,Married,Not Graduate,Yes,41904.55,4838.04,5200.0,360,1,Urban,562,2023-02-18,Rejected,46742.59,0.111,0.2652,0.1695,0.4064,0.149
CUST10216,Male,26,Married,Post Graduate,Yes,29087.91,22790.78,7700.0,360,1,Semiurban,685,2022-04-29,Approved,51878.69,0.148,0.1663,0.2704,0.6237,0.1686
CUST10253,Male,45,Married,Graduate,No,90404.02,5137.86,25775.0,300,1,Rural,744,2022-05-19,Rejected,95541.88,0.27,0.6394,1.0,0.7279,0.3346
CUST10152,Male,26,Married,Graduate,No,46100.13,0.0,7600.0,360,1,Semiurban,605,2022-03-25,Approved,46100.13,0.165,0.2975,0.2664,0.4823,0.1466
CUST11839,Male,22,Single,Graduate,No,94164.29,0.0,15100.0,360,1,Semiurban,744,2024-10-04,Rejected,94164.29,0.16,0.6684,0.5691,0.7279,0.3293
CUST11369,Male,48,Married,Not Graduate,No,18612.49,2119.03,3700.0,60,1,Rural,559,2024-01-20,Rejected,20731.52,0.178,0.0854,0.109,0.4011,0.0501
CUST11673,Male,51,Single,Graduate,No,64216.03,0.0,8300.0,360,1,Semiurban,472,2024-07-05,Rejected,64216.03,0.129,0.4373,0.2947,0.2473,0.2155
CUST11582,Female,34,Single,Graduate,No,84683.45,7842.3,13900.0,360,1,Semiurban,705,2024-05-16,Approved,92525.75,0.15,0.5953,0.5207,0.659,0.3231
CUST11653,Male,47,Married,Not Graduate,No,43311.63,39508.41,11700.0,360,1,Rural,698,2024-06-24,Approved,82820.04,0.141,0.276,0.4319,0.6466,0.2862
CUST10978,Female,50,Divorced,Graduate,No,36025.37,7373.12,8500.0,120,1,Semiurban,651,2023-06-20,Approved,43398.49,0.196,0.2198,0.3027,0.5636,0.1363
CUST10725,Male,52,Single,Graduate,No,85869.9,12182.36,9800.0,180,1,Urban,714,2023-02-02,Rejected,98052.26,0.1,0.6044,0.3552,0.6749,0.3441
CUST11623,Male,44,Married,Not Graduate,No,38288.17,6409.33,7100.0,12,1,Urban,662,2024-06-08,Approved,44697.5,0.159,0.2373,0.2462,0.583,0.1413
CUST11247,Male,35,Married,Not Graduate,No,31114.64,0.0,4000.0,300,1,Urban,646,2023-11-15,Rejected,31114.64,0.129,0.1819,0.1211,0.5548,0.0896
CUST10530,Female,37,Widowed,Not Graduate,No,48423.81,0.0,8300.0,36,1,Urban,686,2022-10-18,Approved,48423.81,0.171,0.3155,0.2947,0.6254,0.1554
CUST11149,Male,37,Widowed,Post Graduate,No,55848.22,0.0,12500.0,300,1,Urban,592,2023-09-22,Approved,55848.22,0.224,0.3728,0.4642,0.4594,0.1837
CUST11261,Female,24,Widowed,Graduate,No,85759.71,33078.3,12300.0,180,1,Rural,691,2023-11-22,Approved,118838.01,0.104,0.6036,0.4561,0.6343,0.4232
CUST10240,Female,18,Married,Graduate,No,52668.68,0.0,6400.0,360,0,Semiurban,776,2022-05-12,Rejected,52668.68,0.122,0.3482,0.218,0.7845,0.1716
CUST11020,Male,41,Married,Post Graduate,No,28777.81,9656.35,7900.0,12,1,Urban,649,2023-07-13,Approved,38434.16,0.206,0.1639,0.2785,0.5601,0.1175
CUST11361,Female,36,Married,Post Graduate,No,102150.13,7388.14,14800.0,36,1,Urban,571,2024-01-16,Rejected,109538.27,0.135,0.7301,0.557,0.4223,0.3878
CUST10187,Male,68,Married,Not Graduate,No,17071.36,8632.85,2600.0,360,1,Semiurban,712,2022-04-13,Approved,25704.21,0.101,0.0735,0.0646,0.6714,0.0691
CUST10246,Female,36,Married,Not Graduate,Yes,52295.06,5483.95,12500.0,360,1,Urban,621,2022-05-15,Rejected,57779.01,0.216,0.3453,0.4642,0.5106,0.191
CUST11320,Female,26,Single,Graduate,No,28148.24,14440.6,3300.0,360,1,Urban,698,2023-12-25,Approved,42588.84,0.077,0.159,0.0928,0.6466,0.1333
CUST11401,Male,31,Single,Not Graduate,No,96720.09,0.0,11100.0,180,1,Urban,561,2024-02-07,Rejected,96720.09,0.115,0.6882,0.4077,0.4046,0.3391
CUST11051,Male,38,Married,Graduate,No,51240.12,0.0,9800.0,360,1,Rural,711,2023-07-30,Rejected,51240.12,0.191,0.3372,0.3552,0.6696,0.1661
CUST10692,Male,32,Single,Graduate,No,16964.95,5686.85,2500.0,60,1,Urban,673,2023-01-15,Approved,22651.8,0.11,0.0727,0.0605,0.6025,0.0574
CUST10302,Female,41,Single,Not Graduate,No,24670.36,33281.47,4500.0,360,1,Rural,707,2022-06-15,Approved,57951.83,0.078,0.1322,0.1413,0.6625,0.1917
CUST10283,Male,28,Married,Not Graduate,Yes,46100.73,6706.97,11200.0,360,0,Rural,582,2022-06-05,Approved,52807.7,0.212,0.2975,0.4117,0.4417,0.1721
CUST11225,Male,27,Married,Post Graduate,No,31759.52,38337.1,5300.0,360,1,Semiurban,710,2023-11-03,Rejected,70096.62,0.076,0.1869,0.1736,0.6678,0.2378
CUST10505,Female,24,Single,Graduate,No,20620.52,39815.06,3200.0,60,1,Urban,864,2022-10-04,Approved,60435.58,0.053,0.1009,0.0888,0.9399,0.2011
CUST11941,Female,23,Married,Graduate,No,41294.98,8533.27,5100.0,180,1,Urban,716,2024-11-29,Approved,49828.25,0.102,0.2605,0.1655,0.6784,0.1608
CUST10321,Female,24,Married,Not Graduate,No,54005.63,0.0,8400.0,240,0,Urban,518,2022-06-25,Rejected,54005.63,0.156,0.3585,0.2987,0.3286,0.1767
CUST11980,Female,40,Single,Graduate,No,40419.34,9897.27,5800.0,240,0,Urban,892,2024-12-20,Approved,50316.61,0.115,0.2537,0.1937,0.9894,0.1626
CUST11269,Female,41,Single,Not Graduate,No,57203.22,6557.23,7300.0,60,1,Urban,692,2023-11-27,Approved,63760.45,0.114,0.3832,0.2543,0.636,0.2137
CUST10857,Male,33,Widowed,Graduate,Yes,34638.01,3857.39,4100.0,240,1,Rural,664,2023-04-15,Approved,38495.4,0.107,0.2091,0.1251,0.5866,0.1177
CUST10621,Female,29,Single,Post Graduate,No,48423.81,0.0,8300.0,360,1,Urban,712,2022-12-07,Approved,48423.81,0.171,0.3155,0.2947,0.6714,0.1554
CUST11120,Female,29,Married,Not Graduate,No,96743.51,0.0,19200.0,240,1,Rural,755,2023-09-06,Approved,96743.51,0.198,0.6883,0.7346,0.7473,0.3392
CUST11050,Female,33,Single,Not Graduate,Yes,15330.03,13846.46,2300.0,120,1,Urban,758,2023-07-30,Rejected,29176.49,0.079,0.0601,0.0525,0.7527,0.0823
CUST10122,Male,39,Single,Not Graduate,Yes,42338.75,4269.65,6600.0,360,1,Rural,613,2022-03-08,Approved,46608.4,0.142,0.2685,0.226,0.4965,0.1485
CUST10830,Female,39,Married,Graduate,No,24978.25,9106.19,4500.0,360,1,Semiurban,577,2023-03-31,Approved,34084.44,0.132,0.1345,0.1413,0.4329,0.1009
CUST10510,Male,29,Married,Post Graduate,No,90912.95,5656.74,16400.0,300,0,Urban,661,2022-10-07,Rejected,96569.69,0.17,0.6433,0.6216,0.5813,0.3385
CUST10280,Male,27,Married,Post Graduate,No,137131.87,0.0,25775.0,360,1,Urban,640,2022-06-03,Approved,137131.87,0.188,1.0,1.0,0.5442,0.4927
CUST11263,Female,63,Single,Not Graduate,No,137131.87,0.0,25775.0,360,1,Semiurban,715,2023-11-23,Rejected,137131.87,0.188,1.0,1.0,0.6767,0.4927
CUST11306,Female,26,Married,Not Graduate,No,137131.87,15765.72,25775.0,360,1,Semiurban,703,2023-12-17,Approved,152897.59,0.169,1.0,1.0,0.6555,0.5527
CUST11396,Female,43,Married,Post Graduate,Yes,107434.05,15449.49,14200.0,360,1,Urban,751,2024-02-04,Rejected,122883.54,0.116,0.7708,0.5328,0.7403,0.4385
CUST11081,Female,40,Widowed,Graduate,Yes,49847.75,0.0,15600.0,360,0,Semiurban,469,2023-08-16,Approved,49847.75,0.313,0.3265,0.5893,0.242,0.1608
CUST11420,Male,31,Married,Graduate,Yes,40401.12,0.0,5100.0,240,1,Urban,787,2024-02-17,Approved,40401.12,0.126,0.2536,0.1655,0.8039,0.1249
CUST11355,Male,32,Married,Graduate,No,96570.05,0.0,16100.0,360,1,Rural,722,2024-01-13,Approved,96570.05,0.167,0.687,0.6095,0.689,0.3385
CUST10756,Male,46,Single,Graduate,No,80705.98,62888.55,13800.0,300,1,Semiurban,639,2023-02-19,Approved,143594.53,0.096,0.5646,0.5166,0.5424,0.5173
CUST10677,Female,37,Single,Not Graduate,No,37307.07,0.0,4200.0,36,1,Rural,675,2023-01-06,Approved,37307.07,0.113,0.2297,0.1292,0.606,0.1132
CUST10518,Male,44,Single,Graduate,No,17488.85,0.0,2000.0,120,0,Rural,662,2022-10-11,Approved,17488.85,0.114,0.0768,0.0404,0.583,0.0378
CUST11984,Female,54,Divorced,Not Graduate,No,97826.92,38716.31,11300.0,120,1,Urban,831,2024-12-22,Approved,136543.23,0.083,0.6967,0.4157,0.8816,0.4905
CUST11520,Male,45,Single,Graduate,Yes,52684.47,5936.84,6700.0,180,1,Semiurban,502,2024-04-12,Approved,58621.31,0.114,0.3483,0.2301,0.3004,0.1942
CUST10067,Male,39,Married,Not Graduate,No,42428.48,0.0,12000.0,12,1,Urban,721,2022-02-06,Approved,42428.48,0.283,0.2692,0.444,0.6873,0.1326
CUST10332,Female,63,Widowed,Graduate,Yes,112405.56,0.0,18400.0,240,1,Urban,696,2022-07-01,Approved,112405.56,0.164,0.8092,0.7023,0.6431,0.3987
CUST10568,Female,18,Divorced,Not Graduate,Yes,74504.35,35231.52,21500.0,360,1,Semiurban,550,2022-11-08,Approved,109735.87,0.196,0.5167,0.8274,0.3852,0.3886
CUST10879,Female,38,Married,Graduate,No,22000.92,11399.68,3200.0,360,1,Semiurban,666,2023-04-27,Approved,33400.6,0.096,0.1116,0.0888,0.5901,0.0983
CUST11206,Female,44,Single,Not Graduate,No,69657.61,6722.18,10200.0,360,1,Urban,454,2023-10-23,Rejected,76379.79,0.134,0.4793,0.3713,0.2155,0.2617
CUST11441,Male,28,Single,Graduate,No,48423.81,0.0,8300.0,360,1,Rural,738,2024-02-29,Rejected,48423.81,0.171,0.3155,0.2947,0.7173,0.1554
CUST11039,Male,33,Single,Not Graduate,No,36115.81,33330.51,6400.0,240,0,Rural,743,2023-07-24,Approved,69446.32,0.092,0.2205,0.218,0.7261,0.2354
CUST10472,Male,32,Married,Graduate,No,62329.0,8019.93,17300.0,360,1,Semiurban,643,2022-09-16,Approved,70348.93,0.246,0.4228,0.6579,0.5495,0.2388
CUST10970,Male,48,Married,Graduate,No,137131.87,22367.13,25775.0,300,0,Urban,745,2023-06-16,Rejected,159499.0,0.162,1.0,1.0,0.7297,0.5778
CUST10511,Female,33,Single,Graduate,Yes,58747.56,11719.59,15600.0,300,1,Urban,589,2022-10-07,Approved,70467.15,0.221,0.3951,0.5893,0.4541,0.2392
CUST10477,Female,27,Married,Graduate,No,71668.93,24759.63,8600.0,360,1,Rural,531,2022-09-19,Rejected,96428.56,0.089,0.4948,0.3068,0.3516,0.338
CUST10912,Male,55,Single,Graduate,No,56609.59,58020.31,8400.0,60,1,Urban,543,2023-05-15,Rejected,114629.9,0.073,0.3786,0.2987,0.3728,0.4072
CUST11409,Male,43,Widowed,Not Graduate,No,35055.75,0.0,4800.0,360,0,Rural,598,2024-02-11,Rejected,35055.75,0.137,0.2123,0.1534,0.47,0.1046
CUST10318,Male,48,Married,Post Graduate,No,49620.27,0.0,6200.0,360,1,Semiurban,490,2022-06-24,Approved,49620.27,0.125,0.3247,0.2099,0.2792,0.16
CUST11680,Male,24,Married,Not Graduate,No,49251.49,0.0,7600.0,360,1,Urban,667,2024-07-09,Approved,49251.49,0.154,0.3219,0.2664,0.5919,0.1586
CUST11729,Female,26,Married,Graduate,No,42828.05,2861.67,6200.0,180,1,Urban,424,2024-08-05,Rejected,45689.72,0.136,0.2723,0.2099,0.1625,0.145
CUST11171,Male,38,Single,Not Graduate,No,92975.12,0.0,25775.0,360,1,Urban,775,2023-10-04,Rejected,92975.12,0.277,0.6593,1.0,0.7827,0.3248
CUST10581,Female,38,Married,Graduate,No,87593.69,0.0,14900.0,360,1,Urban,500,2022-11-15,Rejected,87593.69,0.17,0.6177,0.561,0.2968,0.3044
CUST10132,Female,33,Divorced,Post Graduate,No,48423.81,31648.42,8300.0,360,1,Urban,624,2022-03-14,Approved,80072.23,0.104,0.3155,0.2947,0.5159,0.2758
CUST11823,Female,38,Single,Post Graduate,No,38445.59,0.0,6500.0,360,1,Semiurban,509,2024-09-25,Rejected,38445.59,0.169,0.2385,0.222,0.3127,0.1175
CUST11508,Male,23,Single,Not Graduate,No,18127.2,0.0,2200.0,240,1,Semiurban,517,2024-04-06,Rejected,18127.2,0.121,0.0817,0.0484,0.3269,0.0402
CUST10816,Male,44,Divorced,Post Graduate,No,69694.6,0.0,9500.0,360,1,Rural,737,2023-03-23,Rejected,69694.6,0.136,0.4796,0.3431,0.7155,0.2363
CUST10933,Male,34,Widowed,Not Graduate,No,25512.08,11306.02,6000.0,180,1,Urban,705,2023-05-27,Rejected,36818.1,0.163,0.1387,0.2018,0.659,0.1113
CUST11962,Female,31,Married,Not Graduate,No,17750.0,11734.29,2000.0,180,1,Rural,633,2024-12-10,Rejected,29484.29,0.068,0.0788,0.0404,0.5318,0.0834
CUST10368,Male,38,Divorced,Not Graduate,Yes,67399.91,0.0,14500.0,360,0,Semiurban,697,2022-07-21,Rejected,67399.91,0.215,0.4619,0.5449,0.6449,0.2276
CUST10732,Male,35,Divorced,Graduate,No,65241.86,2447.4,18800.0,36,1,Rural,653,2023-02-05,Rejected,67689.26,0.278,0.4452,0.7185,0.5671,0.2287
CUST11518,Male,44,Married,Post Graduate,No,15073.61,42819.3,2300.0,360,1,Semiurban,577,2024-04-11,Rejected,57892.91,0.04,0.0581,0.0525,0.4329,0.1914
CUST10125,Female,42,Married,Graduate,No,35329.37,14262.13,7900.0,180,1,Urban,724,2022-03-10,Approved,49591.5,0.159,0.2144,0.2785,0.6926,0.1599
CUST11800,Female,33,Married,Not Graduate,No,55949.92,0.0,6900.0,360,0,Semiurban,686,2024-09-12,Rejected,55949.92,0.123,0.3735,0.2381,0.6254,0.1841
CUST11048,Male,21,Single,Graduate,Yes,50255.91,4341.88,8300.0,360,1,Urban,562,2023-07-29,Approved,54597.79,0.152,0.3296,0.2947,0.4064,0.1789
CUST10256,Female,49,Married,Graduate,No,55766.84,0.0,17600.0,12,1,Urban,562,2022-05-21,Rejected,55766.84,0.316,0.3721,0.67,0.4064,0.1834
CUST11979,Male,42,Married,Graduate,No,20893.08,12121.18,4300.0,120,1,Semiurban,629,2024-12-20,Rejected,33014.26,0.13,0.103,0.1332,0.5247,0.0968
CUST11118,Male,46,Divorced,Graduate,Yes,49915.09,3420.25,15800.0,240,1,Semiurban,659,2023-09-05,Rejected,53335.34,0.296,0.327,0.5974,0.5777,0.1741
CUST10289,Male,43,Single,Graduate,No,23849.89,12527.75,5700.0,180,1,Urban,561,2022-06-08,Approved,36377.64,0.157,0.1258,0.1897,0.4046,0.1096
CUST11547,Male,45,Divorced,Not Graduate,No,83239.45,14135.57,25775.0,360,0,Semiurban,838,2024-04-27,Approved,97375.02,0.265,0.5841,1.0,0.894,0.3416
CUST10777,Male,57,Single,Not Graduate,No,15064.86,5910.9,2000.0,360,1,Rural,713,2023-03-02,Approved,20975.76,0.095,0.058,0.0404,0.6731,0.0511
CUST10081,Female,33,Single,Not Graduate,No,26276.61,20863.97,3400.0,12,1,Semiurban,750,2022-02-14,Approved,47140.58,0.072,0.1446,0.0969,0.7385,0.1506
CUST10053,Female,51,Widowed,Graduate,No,91655.74,4865.68,13300.0,360,1,Rural,635,2022-01-30,Approved,96521.42,0.138,0.6491,0.4965,0.5353,0.3383
CUST11667,Male,28,Married,Not Graduate,Yes,69015.86,0.0,13100.0,360,1,Urban,734,2024-07-02,Rejected,69015.86,0.19,0.4744,0.4884,0.7102,0.2337
CUST11088,Female,33,Married,Graduate,No,137131.87,7881.09,21100.0,360,1,Semiurban,639,2023-08-19,Approved,145012.96,0.146,1.0,0.8113,0.5424,0.5227
CUST10557,Female,40,Married,Not Graduate,Yes,36046.31,27292.28,11900.0,120,1,Semiurban,565,2022-11-02,Approved,63338.59,0.188,0.22,0.44,0.4117,0.2121
CUST10040,Female,42,Single,Not Graduate,No,43506.45,3614.61,7100.0,60,1,Semiurban,608,2022-01-22,Approved,47121.06,0.151,0.2775,0.2462,0.4876,0.1505
CUST11137,Female,48,Widowed,Not Graduate,No,115789.13,13707.85,25775.0,360,1,Urban,593,2023-09-15,Rejected,129496.98,0.199,0.8353,1.0,0.4611,0.4637
CUST10261,Female,38,Single,Graduate,No,83846.46,0.0,11900.0,360,0,Rural,602,2022-05-23,Rejected,83846.46,0.142,0.5888,0.44,0.477,0.2901
CUST11002,Male,39,Single,Not Graduate,No,43380.67,0.0,8300.0,360,1,Urban,640,2023-07-03,Approved,43380.67,0.191,0.2766,0.2947,0.5442,0.1363
CUST10967,Male,24,Divorced,Graduate,No,25179.7,4552.74,2800.0,120,1,Urban,724,2023-06-14,Rejected,29732.44,0.094,0.1361,0.0727,0.6926,0.0844
CUST10083,Male,27,Single,Graduate,No,102090.49,0.0,11700.0,360,1,Rural,865,2022-02-15,Approved,102090.49,0.115,0.7296,0.4319,0.9417,0.3595
CUST11724,Female,39,Divorced,Post Graduate,Yes,22215.22,0.0,3100.0,360,0,Semiurban,762,2024-08-02,Rejected,22215.22,0.14,0.1132,0.0848,0.7597,0.0558
CUST11638,Male,43,Divorced,Graduate,Yes,51970.61,12299.44,10900.0,360,1,Rural,553,2024-06-16,Rejected,64270.05,0.17,0.3428,0.3996,0.3905,0.2157
CUST11562,Male,37,Married,Graduate,Yes,23525.72,21622.11,2800.0,60,1,Rural,584,2024-05-05,Rejected,45147.83,0.062,0.1233,0.0727,0.4452,0.143
CUST11446,Female,47,Single,Graduate,No,61229.51,2522.42,7400.0,180,1,Rural,715,2024-03-03,Rejected,63751.93,0.116,0.4143,0.2583,0.6767,0.2137
CUST10030,Male,35,Married,Not Graduate,No,49034.77,11896.3,13600.0,360,1,Rural,714,2022-01-17,Rejected,60931.07,0.223,0.3202,0.5086,0.6749,0.203
CUST10513,Male,45,Married,Graduate,No,53115.82,8456.4,7500.0,180,1,Rural,466,2022-10-09,Approved,61572.22,0.122,0.3517,0.2624,0.2367,0.2054
CUST11005,Female,24,Married,Graduate,No,49023.42,0.0,6900.0,360,0,Semiurban,566,2023-07-05,Rejected,49023.42,0.141,0.3201,0.2381,0.4134,0.1577
CUST11305,Female,39,Divorced,Graduate,No,24531.9,0.0,3700.0,360,1,Rural,664,2023-12-16,Rejected,24531.9,0.151,0.1311,0.109,0.5866,0.0646
CUST11904,Female,42,Married,Not Graduate,No,33136.58,8925.67,7200.0,240,1,Rural,652,2024-11-08,Rejected,42062.25,0.171,0.1975,0.2503,0.5654,0.1312
CUST11852,Female,40,Single,Not Graduate,No,48812.01,19222.94,5900.0,300,1,Urban,474,2024-10-11,Rejected,68034.95,0.087,0.3185,0.1978,0.2509,0.23
CUST11229,Male,46,Married,Not Graduate,No,42380.03,4424.6,5100.0,360,1,Rural,601,2023-11-05,Approved,46804.63,0.109,0.2688,0.1655,0.4753,0.1493
CUST11313,Male,35,Widowed,Graduate,No,71843.78,27117.78,12000.0,360,1,Rural,610,2023-12-21,Approved,98961.56,0.121,0.4962,0.444,0.4912,0.3476
CUST11602,Female,43,Married,Graduate,No,137131.87,0.0,8300.0,360,1,Semiurban,559,2024-05-27,Rejected,137131.87,0.061,1.0,0.2947,0.4011,0.4927
CUST11543,Male,35,Single,Not Graduate,No,12389.68,25695.16,3500.0,360,1,Semiurban,622,2024-04-25,Approved,38084.84,0.092,0.0374,0.1009,0.5124,0.1161
CUST10863,Female,46,Married,Post Graduate,No,52539.88,0.0,7600.0,360,1,Urban,655,2023-04-18,Rejected,52539.88,0.145,0.3472,0.2664,0.5707,0.1711
CUST11844,Male,37,Married,Not Graduate,Yes,137131.87,8620.8,25775.0,360,1,Semiurban,749,2024-10-07,Rejected,145752.67,0.177,1.0,1.0,0.7367,0.5255
CUST11884,Male,36,Married,Graduate,Yes,72308.78,0.0,9300.0,120,1,Semiurban,715,2024-10-29,Rejected,72308.78,0.129,0.4998,0.335,0.6767,0.2462
CUST10048,Female,41,Married,Not Graduate,No,13634.93,4802.5,2900.0,12,1,Rural,653,2022-01-27,Rejected,18437.43,0.157,0.047,0.0767,0.5671,0.0414
CUST11199,Male,31,Divorced,Graduate,No,98203.37,6571.81,16300.0,360,1,Semiurban,558,2023-10-19,Approved,104775.18,0.156,0.6996,0.6176,0.3993,0.3697
CUST11931,Female,27,Married,Not Graduate,Yes,81214.56,11599.28,9200.0,360,0,Rural,701,2024-11-23,Approved,92813.84,0.099,0.5685,0.331,0.6519,0.3242
CUST10467,Female,55,Single,Graduate,No,134505.17,4430.7,25775.0,360,1,Urban,523,2022-09-13,Approved,138935.87,0.186,0.9797,1.0,0.3375,0.4996
CUST10153,Female,29,Married,Post Graduate,Yes,43714.2,0.0,10500.0,360,1,Rural,495,2022-03-25,Approved,43714.2,0.24,0.2791,0.3835,0.288,0.1375
CUST11578,Female,42,Married,Graduate,No,62323.37,17301.82,7500.0,240,1,Urban,662,2024-05-14,Rejected,79625.19,0.094,0.4227,0.2624,0.583,0.2741
CUST11885,Male,23,Married,Post Graduate,No,56127.89,20169.0,6200.0,360,1,Semiurban,634,2024-10-29,Rejected,76296.89,0.081,0.3749,0.2099,0.5336,0.2614
CUST10394,Male,46,Single,Not Graduate,Yes,89150.0,0.0,20100.0,360,1,Rural,702,2022-08-04,Approved,89150.0,0.225,0.6297,0.7709,0.6537,0.3103
CUST10123,Female,38,Married,Not Graduate,No,48423.81,3154.56,8300.0,360,0,Urban,681,2022-03-09,Rejected,51578.37,0.161,0.3155,0.2947,0.6166,0.1674
CUST10355,Female,47,Divorced,Graduate,No,89857.84,48217.16,14000.0,360,0,Semiurban,657,2022-07-14,Rejected,138075.0,0.101,0.6352,0.5247,0.5742,0.4963
CUST10134,Female,43,Single,Post Graduate,No,68226.57,13173.09,7800.0,360,1,Semiurban,590,2022-03-15,Approved,81399.66,0.096,0.4683,0.2745,0.4558,0.2808
CUST10268,Male,29,Divorced,Post Graduate,No,36942.04,8381.07,4700.0,12,1,Semiurban,527,2022-05-27,Approved,45323.11,0.104,0.2269,0.1493,0.3445,0.1436
CUST10385,Female,54,Single,Post Graduate,No,38219.9,10457.03,8300.0,360,1,Semiurban,659,2022-07-30,Approved,48676.93,0.171,0.2367,0.2947,0.5777,0.1564
CUST10609,Female,50,Married,Not Graduate,Yes,94432.9,0.0,17400.0,360,1,Semiurban,694,2022-11-30,Approved,94432.9,0.184,0.6705,0.662,0.6396,0.3304
CUST10220,Male,39,Married,Not Graduate,No,137131.87,17492.35,25775.0,360,1,Semiurban,482,2022-05-01,Rejected,154624.22,0.167,1.0,1.0,0.265,0.5592
CUST10041,Female,41,Widowed,Not Graduate,No,20473.4,31850.46,3200.0,120,1,Semiurban,661,2022-01-23,Approved,52323.86,0.061,0.0998,0.0888,0.5813,0.1703
CUST10219,Female,42,Married,Post Graduate,No,36576.69,23264.94,4400.0,360,1,Semiurban,764,2022-04-30,Rejected,59841.63,0.074,0.224,0.1372,0.7633,0.1988
CUST10597,Female,33,Married,Post Graduate,Yes,36336.66,14195.34,5700.0,360,1,Semiurban,711,2022-11-24,Rejected,50532.0,0.113,0.2222,0.1897,0.6696,0.1635
CUST11266,Male,39,Single,Graduate,No,19543.45,28668.69,2800.0,36,1,Rural,639,2023-11-25,Approved,48212.14,0.058,0.0926,0.0727,0.5424,0.1546
CUST11760,Male,29,Married,Not Graduate,No,54615.75,71460.79,6100.0,240,1,Rural,653,2024-08-22,Rejected,126076.54,0.048,0.3632,0.2059,0.5671,0.4507
CUST10680,Male,51,Single,Graduate,No,48423.81,18390.63,8300.0,360,1,Urban,742,2023-01-08,Approved,66814.44,0.124,0.3155,0.2947,0.7244,0.2254
CUST11090,Male,34,Single,Graduate,No,58041.54,16367.02,12000.0,360,1,Rural,724,2023-08-21,Approved,74408.56,0.161,0.3897,0.444,0.6926,0.2542
CUST11918,Female,25,Single,Graduate,No,27115.12,0.0,8300.0,360,1,Semiurban,669,2024-11-16,Rejected,27115.12,0.306,0.151,0.2947,0.5954,0.0744
CUST11675,Female,46,Single,Post Graduate,No,137131.87,15771.41,25775.0,120,1,Urban,522,2024-07-06,Approved,152903.28,0.169,1.0,1.0,0.3357,0.5527
CUST10541,Female,37,Married,Not Graduate,No,37172.86,3556.53,5400.0,360,1,Urban,605,2022-10-24,Rejected,40729.39,0.133,0.2286,0.1776,0.4823,0.1262
CUST11717,Female,44,Married,Graduate,No,52224.82,0.0,6600.0,120,1,Semiurban,653,2024-07-29,Approved,52224.82,0.126,0.3448,0.226,0.5671,0.1699
CUST10935,Male,29,Married,Post Graduate,No,37946.84,8979.48,8100.0,360,0,Urban,636,2023-05-28,Approved,46926.32,0.173,0.2346,0.2866,0.5371,0.1497
CUST11376,Female,38,Single,Post Graduate,No,45586.71,18850.86,6600.0,12,0,Rural,518,2024-01-24,Approved,64437.57,0.102,0.2936,0.226,0.3286,0.2163
CUST11892,Female,68,Married,Not Graduate,No,34501.35,23226.56,7500.0,180,0,Semiurban,500,2024-11-02,Approved,57727.91,0.13,0.208,0.2624,0.2968,0.1908
CUST11344,Female,40,Married,Not Graduate,No,50895.0,22849.96,6700.0,300,1,Urban,593,2024-01-07,Rejected,73744.96,0.091,0.3345,0.2301,0.4611,0.2517
CUST10927,Female,46,Married,Not Graduate,Yes,34443.29,13380.74,8800.0,300,1,Urban,731,2023-05-23,Approved,47824.03,0.184,0.2076,0.3148,0.7049,0.1532
CUST11899,Male,39,Single,Not Graduate,No,48222.63,4754.53,9200.0,60,1,Urban,641,2024-11-06,Rejected,52977.16,0.174,0.3139,0.331,0.5459,0.1727
CUST11210,Male,42,Married,Graduate,Yes,78599.24,0.0,12900.0,240,1,Semiurban,685,2023-10-25,Rejected,78599.24,0.164,0.5483,0.4803,0.6237,0.2702
CUST11999,Female,38,Married,Graduate,No,51114.0,0.0,12800.0,360,1,Semiurban,641,2024-12-31,Rejected,51114.0,0.25,0.3362,0.4763,0.5459,0.1657
CUST11587,Female,36,Married,Post Graduate,Yes,21480.21,0.0,3000.0,180,1,Semiurban,504,2024-05-19,Approved,21480.21,0.14,0.1076,0.0807,0.3039,0.053
CUST11833,Male,58,Single,Graduate,Yes,48423.81,2745.47,8300.0,360,1,Urban,725,2024-10-01,Approved,51169.28,0.162,0.3155,0.2947,0.6943,0.1659
CUST11797,Male,36,Married,Graduate,No,30386.0,0.0,5900.0,12,1,Urban,660,2024-09-11,Rejected,30386.0,0.194,0.1763,0.1978,0.5795,0.0869
CUST11238,Male,25,Single,Not Graduate,No,137131.87,11896.46,25775.0,300,1,Rural,574,2023-11-10,Rejected,149028.33,0.173,1.0,1.0,0.4276,0.5379
CUST11832,Female,38,Single,Post Graduate,No,34314.56,217636.71,8300.0,180,1,Urban,744,2024-09-30,Approved,251951.27,0.033,0.2066,0.2947,0.7279,0.9293
CUST11809,Male,37,Single,Graduate,No,32938.11,108840.59,3700.0,120,1,Semiurban,692,2024-09-17,Rejected,141778.7,0.026,0.196,0.109,0.636,0.5104
CUST10899,Female,29,Married,Graduate,No,28084.88,0.0,4100.0,12,0,Urban,637,2023-05-08,Approved,28084.88,0.146,0.1585,0.1251,0.5389,0.0781
CUST11497,Female,59,Married,Graduate,No,51840.06,16535.56,14000.0,360,1,Rural,610,2024-03-31,Approved,68375.62,0.205,0.3418,0.5247,0.4912,0.2313
CUST10336,Male,51,Married,Post Graduate,No,57530.76,9068.23,10000.0,120,1,Rural,679,2022-07-04,Approved,66598.99,0.15,0.3857,0.3633,0.6131,0.2245
CUST10232,Female,33,Widowed,Graduate,No,67365.0,14426.43,8100.0,360,1,Urban,534,2022-05-08,Rejected,81791.43,0.099,0.4616,0.2866,0.3569,0.2823
CUST11018,Male,32,Married,Graduate,Yes,45429.03,14084.76,5300.0,360,1,Urban,641,2023-07-12,Rejected,59513.79,0.089,0.2924,0.1736,0.5459,0.1976
CUST11431,Female,38,Married,Graduate,Yes,33025.21,16567.88,8300.0,360,1,Rural,626,2024-02-23,Approved,49593.09,0.167,0.1966,0.2947,0.5194,0.1599
CUST10158,Male,40,Married,Not Graduate,No,29788.11,10433.6,5500.0,120,1,Urban,698,2022-03-28,Approved,40221.71,0.137,0.1717,0.1816,0.6466,0.1243
CUST10468,Male,33,Single,Not Graduate,No,50317.77,22487.22,14000.0,300,1,Rural,677,2022-09-14,Rejected,72804.99,0.192,0.3301,0.5247,0.6095,0.2481
CUST11592,Female,50,Married,Not Graduate,No,81835.83,2268.81,8300.0,360,1,Semiurban,625,2024-05-22,Rejected,84104.64,0.099,0.5733,0.2947,0.5177,0.2911
CUST10872,Female,59,Married,Not Graduate,Yes,72061.63,8018.03,10200.0,360,1,Rural,550,2023-04-23,Approved,80079.66,0.127,0.4979,0.3713,0.3852,0.2758
CUST11628,Male,37,Married,Not Graduate,No,104231.26,0.0,18700.0,180,1,Rural,674,2024-06-10,Approved,104231.26,0.179,0.7461,0.7144,0.6042,0.3676
CUST11041,Female,25,Divorced,Post Graduate,Yes,137131.87,15074.39,22200.0,360,1,Urban,561,2023-07-25,Rejected,152206.26,0.146,1.0,0.8557,0.4046,0.55
CUST11117,Female,21,Married,Post Graduate,No,44413.67,74208.53,7800.0,300,1,Semiurban,578,2023-09-04,Rejected,118622.2,0.066,0.2845,0.2745,0.4346,0.4223
CUST11134,Female,49,Married,Graduate,No,78379.24,15638.9,22100.0,360,0,Urban,754,2023-09-14,Approved,94018.14,0.235,0.5466,0.8517,0.7456,0.3288
CUST10585,Female,43,Single,Post Graduate,No,30556.13,7230.67,6000.0,360,1,Urban,657,2022-11-17,Approved,37786.8,0.159,0.1776,0.2018,0.5742,0.115
CUST10205,Male,32,Married,Not Graduate,Yes,17470.66,2991.81,2300.0,360,1,Urban,732,2022-04-23,Rejected,20462.47,0.112,0.0766,0.0525,0.7067,0.0491
CUST10003,Female,35,Single,Graduate,No,56962.55,0.0,6800.0,360,1,Urban,677,2022-01-02,Rejected,56962.55,0.119,0.3814,0.2341,0.6095,0.1879
CUST10895,Male,36,Single,Not Graduate,No,48423.81,5182.42,8300.0,360,1,Semiurban,539,2023-05-06,Rejected,53606.23,0.155,0.3155,0.2947,0.3657,0.1751
CUST11178,Male,31,Married,Not Graduate,No,137131.87,5756.54,25775.0,120,1,Rural,701,2023-10-08,Rejected,142888.41,0.18,1.0,1.0,0.6519,0.5146
CUST11138,Male,29,Single,Not Graduate,No,49533.65,21868.09,11300.0,300,1,Rural,543,2023-09-16,Approved,71401.74,0.158,0.324,0.4157,0.3728,0.2428
CUST11855,Female,41,Married,Not Graduate,Yes,28496.23,0.0,4400.0,360,0,Rural,747,2024-10-13,Approved,28496.23,0.154,0.1617,0.1372,0.7332,0.0797
CUST11228,Female,44,Divorced,Graduate,Yes,29462.77,0.0,4700.0,360,0,Semiurban,698,2023-11-04,Approved,29462.77,0.16,0.1692,0.1493,0.6466,0.0833
CUST11801,Female,36,Single,Graduate,No,42226.36,37856.32,6600.0,180,1,Semiurban,759,2024-09-13,Approved,80082.68,0.082,0.2676,0.226,0.7544,0.2758
CUST10693,Male,41,Single,Not Graduate,No,65960.8,10655.92,18300.0,360,1,Semiurban,686,2023-01-15,Rejected,76616.72,0.239,0.4508,0.6983,0.6254,0.2626
CUST11683,Male,41,Single,Not Graduate,No,63777.37,18248.38,11500.0,60,1,Semiurban,743,2024-07-10,Approved,82025.75,0.14,0.4339,0.4238,0.7261,0.2832
CUST11663,Male,42,Divorced,Graduate,No,81789.63,0.0,9600.0,180,0,Rural,698,2024-06-29,Approved,81789.63,0.117,0.5729,0.3471,0.6466,0.2823
CUST10714,Female,31,Single,Graduate,No,109517.65,45068.67,22200.0,360,0,Semiurban,678,2023-01-27,Rejected,154586.32,0.144,0.7869,0.8557,0.6113,0.5591
CUST11676,Male,51,Divorced,Graduate,Yes,41344.08,0.0,6800.0,360,1,Rural,721,2024-07-07,Approved,41344.08,0.164,0.2608,0.2341,0.6873,0.1285
CUST11861,Female,37,Widowed,Graduate,No,94691.23,0.0,10800.0,36,1,Urban,780,2024-10-16,Approved,94691.23,0.114,0.6725,0.3956,0.7915,0.3314
CUST11468,Male,27,Single,Not Graduate,No,24631.31,19290.57,3100.0,360,1,Semiurban,504,2024-03-15,Rejected,43921.88,0.071,0.1319,0.0848,0.3039,0.1383
CUST10883,Female,51,Married,Graduate,No,66192.68,38127.19,8300.0,360,1,Urban,672,2023-04-29,Approved,104319.87,0.08,0.4526,0.2947,0.6007,0.368
CUST11375,Male,38,Married,Not Graduate,No,34956.91,10993.53,6700.0,12,0,Rural,702,2024-01-24,Approved,45950.44,0.146,0.2115,0.2301,0.6537,0.146
CUST11067,Female,42,Divorced,Post Graduate,No,81728.9,0.0,24200.0,360,1,Urban,642,2023-08-08,Rejected,81728.9,0.296,0.5725,0.9364,0.5477,0.2821
CUST11121,Male,38,Married,Not Graduate,No,99020.8,27778.99,23600.0,60,1,Rural,552,2023-09-07,Rejected,126799.79,0.186,0.7059,0.9122,0.3887,0.4534
CUST11473,Female,59,Single,Not Graduate,No,27987.29,22425.99,3200.0,360,1,Rural,679,2024-03-17,Rejected,50413.28,0.063,0.1578,0.0888,0.6131,0.163
CUST11215,Female,50,Single,Graduate,No,29303.42,0.0,3500.0,360,1,Rural,619,2023-10-28,Approved,29303.42,0.119,0.1679,0.1009,0.5071,0.0827
CUST10157,Female,48,Widowed,Graduate,No,49611.64,21516.18,7100.0,300,1,Rural,585,2022-03-28,Rejected,71127.82,0.1,0.3246,0.2462,0.447,0.2418
CUST11350,Female,44,Married,Not Graduate,No,50917.51,15557.71,6100.0,360,1,Semiurban,632,2024-01-10,Approved,66475.22,0.092,0.3347,0.2059,0.53,0.2241
CUST10523,Female,46,Single,Not Graduate,No,33476.53,12549.71,9200.0,180,0,Rural,569,2022-10-14,Approved,46026.24,0.2,0.2001,0.331,0.4187,0.1463
CUST10462,Female,31,Married,Post Graduate,No,15730.12,0.0,2600.0,360,0,Urban,626,2022-09-11,Rejected,15730.12,0.165,0.0632,0.0646,0.5194,0.0311
CUST10652,Female,36,Married,Graduate,No,27690.52,15895.62,6800.0,360,1,Semiurban,716,2022-12-24,Approved,43586.14,0.156,0.1555,0.2341,0.6784,0.137
CUST10160,Male,35,Married,Not Graduate,No,30159.14,0.0,5700.0,240,1,Urban,772,2022-03-29,Rejected,30159.14,0.189,0.1745,0.1897,0.7774,0.086
CUST10305,Female,38,Divorced,Not Graduate,No,11519.92,44625.06,3400.0,180,1,Rural,692,2022-06-17,Approved,56144.98,0.061,0.0307,0.0969,0.636,0.1848
CUST10656,Female,38,Divorced,Post Graduate,No,40308.19,75709.43,9000.0,360,0,Urban,613,2022-12-26,Approved,116017.62,0.078,0.2528,0.3229,0.4965,0.4124
CUST10547,Male,49,Married,Graduate,No,77609.5,3657.62,8800.0,360,1,Semiurban,765,2022-10-27,Rejected,81267.12,0.108,0.5407,0.3148,0.765,0.2803
CUST10713,Male,38,Single,Graduate,No,17311.86,10693.83,3900.0,360,1,Rural,730,2023-01-26,Approved,28005.69,0.139,0.0754,0.1171,0.7032,0.0778
CUST10395,Female,45,Single,Graduate,Yes,41901.5,0.0,10400.0,360,1,Urban,566,2022-08-05,Approved,41901.5,0.248,0.2651,0.3794,0.4134,0.1306
CUST10783,Female,65,Single,Post Graduate,No,137131.87,0.0,22700.0,180,0,Semiurban,462,2023-03-05,Rejected,137131.87,0.166,1.0,0.8759,0.2297,0.4927
CUST10399,Female,25,Divorced,Graduate,No,24810.84,22195.48,3400.0,360,0,Urban,599,2022-08-07,Approved,47006.32,0.072,0.1333,0.0969,0.4717,0.15
CUST10798,Male,39,Married,Not Graduate,No,67416.94,8361.56,9700.0,360,1,Urban,560,2023-03-14,Approved,75778.5,0.128,0.462,0.3512,0.4028,0.2594
CUST10618,Male,40,Married,Graduate,No,51119.09,20182.86,7500.0,120,1,Semiurban,622,2022-12-05,Approved,71301.95,0.105,0.3363,0.2624,0.5124,0.2424
CUST11552,Male,43,Married,Not Graduate,No,137131.87,28817.09,19200.0,120,1,Rural,624,2024-04-30,Approved,165948.96,0.116,1.0,0.7346,0.5159,0.6023
CUST10508,Female,25,Married,Not Graduate,Yes,107560.66,0.0,25775.0,180,1,Rural,895,2022-10-06,Rejected,107560.66,0.24,0.7718,1.0,0.9947,0.3803
CUST11443,Male,18,Single,Graduate,Yes,48173.64,28012.52,6600.0,360,1,Semiurban,635,2024-03-01,Rejected,76186.16,0.087,0.3135,0.226,0.5353,0.261
CUST10736,Male,27,Married,Graduate,No,49508.57,12354.43,8100.0,360,1,Semiurban,627,2023-02-08,Approved,61863.0,0.131,0.3238,0.2866,0.5212,0.2065
CUST11153,Male,24,Married,Not Graduate,No,34982.64,4221.04,10200.0,360,1,Urban,803,2023-09-24,Approved,39203.68,0.26,0.2117,0.3713,0.8322,0.1204
CUST11686,Female,56,Married,Graduate,Yes,78887.85,8300.01,10200.0,120,1,Urban,753,2024-07-12,Approved,87187.86,0.117,0.5505,0.3713,0.7438,0.3028
CUST11089,Female,40,Married,Graduate,No,48943.0,7523.73,8400.0,180,1,Semiurban,621,2023-08-20,Approved,56466.73,0.149,0.3195,0.2987,0.5106,0.186
CUST10867,Female,38,Single,Not Graduate,No,36618.23,0.0,4800.0,180,1,Urban,653,2023-04-20,Rejected,36618.23,0.131,0.2244,0.1534,0.5671,0.1105
CUST10459,Female,50,Married,Graduate,No,46397.04,15570.13,8600.0,300,1,Semiurban,809,2022-09-09,Rejected,61967.17,0.139,0.2998,0.3068,0.8428,0.2069
CUST10961,Female,55,Single,Post Graduate,Yes,60534.12,0.0,8300.0,360,1,Rural,647,2023-06-11,Approved,60534.12,0.137,0.4089,0.2947,0.5565,0.2015
CUST10062,Female,31,Divorced,Not Graduate,No,49233.57,4460.71,7700.0,240,1,Rural,694,2022-02-03,Rejected,53694.28,0.143,0.3217,0.2704,0.6396,0.1755
CUST11841,Female,20,Single,Not Graduate,No,56915.48,0.0,8400.0,240,1,Semiurban,730,2024-10-05,Rejected,56915.48,0.148,0.381,0.2987,0.7032,0.1877
CUST10871,Male,58,Divorced,Not Graduate,No,60429.45,0.0,7600.0,60,0,Urban,707,2023-04-23,Approved,60429.45,0.126,0.4081,0.2664,0.6625,0.2011
CUST10983,Female,34,Married,Post Graduate,No,48423.81,20451.64,8300.0,360,1,Semiurban,653,2023-06-23,Rejected,68875.45,0.121,0.3155,0.2947,0.5671,0.2332
CUST11594,Female,44,Married,Not Graduate,Yes,54366.19,7974.46,6200.0,360,1,Semiurban,533,2024-05-23,Rejected,62340.65,0.099,0.3613,0.2099,0.3551,0.2083
CUST10457,Female,19,Married,Not Graduate,No,42854.66,7343.54,10500.0,240,1,Rural,553,2022-09-08,Approved,50198.2,0.209,0.2725,0.3835,0.3905,0.1622
CUST11077,Female,24,Married,Graduate,No,91400.74,7260.74,19300.0,36,1,Rural,843,2023-08-13,Rejected,98661.48,0.196,0.6471,0.7386,0.9028,0.3464
CUST10478,Female,39,Widowed,Graduate,No,57798.66,4031.98,8000.0,360,1,Rural,831,2022-09-19,Rejected,61830.64,0.129,0.3878,0.2825,0.8816,0.2064
CUST11531,Male,46,Single,Graduate,No,74390.64,0.0,8900.0,360,1,Semiurban,692,2024-04-18,Approved,74390.64,0.12,0.5158,0.3189,0.636,0.2542
CUST11495,Female,21,Single,Not Graduate,No,28993.19,0.0,6800.0,360,1,Urban,654,2024-03-29,Rejected,28993.19,0.235,0.1655,0.2341,0.5689,0.0816
CUST10870,Male,37,Single,Not Graduate,No,73224.48,8235.52,15500.0,60,0,Urban,782,2023-04-22,Approved,81460.0,0.19,0.5068,0.5853,0.7951,0.281
CUST10790,Male,51,Married,Post Graduate,No,23742.82,47479.5,8300.0,360,1,Semiurban,567,2023-03-09,Approved,71222.32,0.117,0.125,0.2947,0.4152,0.2421
CUST10617,Male,38,Married,Not Graduate,No,14564.39,46274.5,2900.0,360,1,Urban,684,2022-12-04,Rejected,60838.89,0.048,0.0542,0.0767,0.6219,0.2026
CUST11869,Female,34,Single,Not Graduate,No,71673.98,9440.54,22200.0,60,1,Rural,724,2024-10-20,Rejected,81114.52,0.274,0.4949,0.8557,0.6926,0.2797
CUST11390,Female,35,Married,Not Graduate,No,115582.22,0.0,14600.0,360,0,Rural,695,2024-02-01,Approved,115582.22,0.126,0.8337,0.5489,0.6413,0.4108
CUST11429,Female,37,Widowed,Not Graduate,No,36084.8,5119.34,4300.0,180,1,Rural,653,2024-02-22,Approved,41204.14,0.104,0.2203,0.1332,0.5671,0.128
CUST11887,Male,41,Divorced,Graduate,No,59671.52,10434.46,10600.0,360,1,Rural,721,2024-10-30,Approved,70105.98,0.151,0.4023,0.3875,0.6873,0.2379
CUST11635,Female,37,Single,Post Graduate,No,69428.35,35979.9,14700.0,360,1,Semiurban,653,2024-06-14,Rejected,105408.25,0.139,0.4776,0.553,0.5671,0.3721
CUST10347,Male,38,Divorced,Graduate,No,11988.41,0.0,2500.0,240,0,Rural,577,2022-07-10,Approved,11988.41,0.209,0.0343,0.0605,0.4329,0.0169
CUST11027,Female,36,Single,Graduate,No,48423.81,37412.78,8300.0,360,1,Semiurban,653,2023-07-17,Rejected,85836.59,0.097,0.3155,0.2947,0.5671,0.2977
CUST11208,Male,45,Married,Not Graduate,No,71242.97,78938.94,16100.0,240,1,Urban,758,2023-10-24,Approved,150181.91,0.107,0.4916,0.6095,0.7527,0.5423
CUST11595,Female,30,Married,Graduate,No,36235.12,16067.79,7800.0,360,0,Rural,779,2024-05-23,Approved,52302.91,0.149,0.2214,0.2745,0.7898,0.1702
CUST10760,Male,39,Married,Graduate,No,66278.01,0.0,9400.0,300,1,Urban,711,2023-02-21,Rejected,66278.01,0.142,0.4532,0.3391,0.6696,0.2233
CUST10954,Female,44,Single,Post Graduate,Yes,46895.47,7397.08,7400.0,240,1,Rural,685,2023-06-07,Rejected,54292.55,0.136,0.3037,0.2583,0.6237,0.1777
CUST10446,Female,49,Married,Post Graduate,No,43983.72,5287.5,8500.0,240,0,Semiurban,682,2022-09-02,Approved,49271.22,0.173,0.2812,0.3027,0.6184,0.1587
CUST10650,Female,28,Widowed,Not Graduate,No,26246.49,0.0,3100.0,12,1,Rural,664,2022-12-23,Rejected,26246.49,0.118,0.1443,0.0848,0.5866,0.0711
CUST11246,Female,51,Single,Not Graduate,No,35649.41,0.0,4500.0,360,1,Rural,647,2023-11-14,Approved,35649.41,0.126,0.2169,0.1413,0.5565,0.1069
CUST11808,Female,38,Divorced,Graduate,No,29778.2,0.0,6200.0,240,1,Semiurban,604,2024-09-17,Approved,29778.2,0.208,0.1716,0.2099,0.4806,0.0845
CUST10379,Male,33,Married,Post Graduate,No,31469.32,30255.73,6900.0,360,1,Rural,627,2022-07-27,Approved,61725.05,0.112,0.1846,0.2381,0.5212,0.206
CUST10564,Female,19,Single,Graduate,No,91509.29,0.0,10200.0,120,1,Urban,736,2022-11-05,Approved,91509.29,0.111,0.6479,0.3713,0.7138,0.3193
CUST11345,Female,44,Married,Not Graduate,No,41069.86,13163.12,8100.0,360,1,Rural,672,2024-01-07,Rejected,54232.98,0.149,0.2587,0.2866,0.6007,0.1775
CUST11752,Male,45,Widowed,Post Graduate,No,23210.11,24642.52,2700.0,360,1,Rural,582,2024-08-17,Rejected,47852.63,0.056,0.1209,0.0686,0.4417,0.1533
CUST11606,Female,39,Single,Not Graduate,No,61499.19,2396.83,9100.0,360,1,Semiurban,653,2024-05-29,Rejected,63896.02,0.142,0.4164,0.3269,0.5671,0.2143
CUST10956,Male,59,Single,Graduate,Yes,22468.38,5374.27,6800.0,360,1,Semiurban,801,2023-06-08,Rejected,27842.65,0.244,0.1152,0.2341,0.8286,0.0772
CUST11932,Male,33,Single,Post Graduate,Yes,65148.24,6355.69,7500.0,360,1,Rural,530,2024-11-24,Rejected,71503.93,0.105,0.4445,0.2624,0.3498,0.2432
CUST10977,Female,51,Single,Graduate,Yes,39510.12,0.0,6900.0,180,1,Urban,731,2023-06-20,Rejected,39510.12,0.175,0.2467,0.2381,0.7049,0.1215
CUST10920,Male,38,Single,Graduate,No,92432.36,0.0,25775.0,180,0,Urban,649,2023-05-19,Rejected,92432.36,0.279,0.6551,1.0,0.5601,0.3228
CUST10231,Female,37,Married,Not Graduate,No,137131.87,9057.55,25775.0,36,0,Semiurban,557,2022-05-07,Rejected,146189.42,0.176,1.0,1.0,0.3975,0.5272
CUST11221,Male,47,Married,Not Graduate,No,56725.05,0.0,10200.0,360,1,Urban,570,2023-10-31,Rejected,56725.05,0.18,0.3795,0.3713,0.4205,0.187
CUST10382,Female,47,Married,Post Graduate,No,39927.35,0.0,9300.0,360,1,Urban,622,2022-07-29,Approved,39927.35,0.233,0.2499,0.335,0.5124,0.1231
CUST11186,Female,71,Widowed,Not Graduate,No,57996.6,0.0,14100.0,180,1,Urban,486,2023-10-12,Rejected,57996.6,0.243,0.3893,0.5288,0.2721,0.1918
CUST11223,Female,45,Widowed,Not Graduate,No,63598.33,0.0,17800.0,360,0,Urban,702,2023-11-01,Approved,63598.33,0.28,0.4326,0.6781,0.6537,0.2131
CUST10072,Female,38,Married,Graduate,No,48423.81,0.0,8300.0,36,1,Semiurban,720,2022-02-09,Rejected,48423.81,0.171,0.3155,0.2947,0.6855,0.1554
CUST10070,Male,22,Divorced,Not Graduate,No,39975.05,0.0,8300.0,360,1,Urban,531,2022-02-08,Approved,39975.05,0.208,0.2503,0.2947,0.3516,0.1233
CUST11343,Female,33,Single,Not Graduate,No,21479.0,27843.68,4000.0,360,1,Rural,853,2024-01-06,Approved,49322.68,0.081,0.1075,0.1211,0.9205,0.1589
CUST11114,Female,29,Married,Not Graduate,No,29302.46,0.0,3500.0,360,0,Semiurban,448,2023-09-03,Rejected,29302.46,0.119,0.1679,0.1009,0.2049,0.0827
CUST10171,Female,62,Widowed,Not Graduate,No,137131.87,22601.59,25775.0,360,1,Urban,596,2022-04-04,Rejected,159733.46,0.161,1.0,1.0,0.4664,0.5786
CUST11047,Male,60,Single,Not Graduate,No,89154.22,0.0,16100.0,240,1,Rural,646,2023-07-28,Rejected,89154.22,0.181,0.6298,0.6095,0.5548,0.3103
CUST10168,Male,39,Single,Not Graduate,No,31142.67,11719.82,5400.0,360,1,Semiurban,657,2022-04-03,Approved,42862.49,0.126,0.1821,0.1776,0.5742,0.1343
CUST10493,Male,46,Married,Graduate,No,43544.86,5963.4,5600.0,180,1,Urban,801,2022-09-28,Approved,49508.26,0.113,0.2778,0.1857,0.8286,0.1596
CUST11260,Male,43,Single,Graduate,Yes,137131.87,2554.67,25775.0,360,1,Rural,739,2023-11-22,Approved,139686.54,0.185,1.0,1.0,0.7191,0.5024
CUST11038,Female,64,Single,Graduate,No,40368.43,29638.81,5500.0,360,1,Urban,676,2023-07-23,Approved,70007.24,0.079,0.2533,0.1816,0.6078,0.2375
CUST11776,Male,46,Married,Post Graduate,No,45161.84,15851.55,6100.0,360,0,Urban,622,2024-08-30,Approved,61013.39,0.1,0.2903,0.2059,0.5124,0.2033
CUST10893,Male,47,Married,Graduate,No,17502.8,12774.69,5800.0,120,1,Urban,617,2023-05-05,Rejected,30277.49,0.192,0.0769,0.1937,0.5035,0.0864
CUST10272,Male,44,Married,Not Graduate,Yes,137131.87,14523.32,25775.0,360,1,Urban,651,2022-05-29,Approved,151655.19,0.17,1.0,1.0,0.5636,0.5479
CUST11304,Female,34,Married,Not Graduate,No,26739.72,17045.79,3700.0,360,1,Semiurban,686,2023-12-16,Approved,43785.51,0.085,0.1481,0.109,0.6254,0.1378
CUST10420,Female,38,Single,Graduate,No,73266.04,38796.5,8500.0,360,0,Rural,655,2022-08-19,Approved,112062.54,0.076,0.5072,0.3027,0.5707,0.3974
CUST10094,Male,26,Married,Graduate,Yes,35699.08,21959.84,6200.0,12,0,Urban,732,2022-02-21,Approved,57658.92,0.108,0.2173,0.2099,0.7067,0.1905
CUST11377,Male,38,Divorced,Graduate,No,116566.78,0.0,19600.0,360,1,Rural,631,2024-01-25,Approved,116566.78,0.168,0.8413,0.7508,0.5283,0.4145
CUST11593,Female,38,Divorced,Not Graduate,No,61346.36,0.0,16800.0,180,0,Semiurban,773,2024-05-22,Approved,61346.36,0.274,0.4152,0.6377,0.7792,0.2046
CUST11604,Male,29,Widowed,Not Graduate,No,46226.86,15605.94,6800.0,180,1,Rural,607,2024-05-28,Rejected,61832.8,0.11,0.2985,0.2341,0.4859,0.2064
CUST10042,Male,37,Married,Not Graduate,No,68966.31,7565.74,8300.0,360,1,Rural,686,2022-01-24,Approved,76532.05,0.108,0.474,0.2947,0.6254,0.2623
CUST10056,Female,38,Married,Graduate,No,9287.9,0.0,2800.0,360,1,Semiurban,726,2022-01-31,Approved,9287.9,0.301,0.0135,0.0727,0.6961,0.0066
CUST11610,Male,56,Married,Not Graduate,No,34293.48,8102.6,4800.0,360,1,Semiurban,701,2024-05-31,Approved,42396.08,0.113,0.2064,0.1534,0.6519,0.1325
CUST11798,Female,46,Married,Graduate,No,73224.59,26931.44,8500.0,360,1,Semiurban,789,2024-09-11,Approved,100156.03,0.085,0.5068,0.3027,0.8074,0.3521
CUST11183,Male,44,Single,Graduate,No,76737.45,62846.76,11900.0,180,1,Semiurban,743,2023-10-11,Rejected,139584.21,0.085,0.534,0.44,0.7261,0.502
CUST11297,Male,23,Widowed,Not Graduate,No,137131.87,0.0,25775.0,360,1,Rural,608,2023-12-12,Rejected,137131.87,0.188,1.0,1.0,0.4876,0.4927
CUST10888,Male,46,Single,Not Graduate,Yes,38554.5,0.0,10100.0,240,1,Semiurban,653,2023-05-02,Approved,38554.5,0.262,0.2393,0.3673,0.5671,0.1179
CUST10574,Female,32,Married,Not Graduate,No,97991.18,19371.75,25775.0,120,1,Semiurban,719,2022-11-11,Approved,117362.93,0.22,0.698,1.0,0.6837,0.4176
CUST10038,Male,49,Single,Graduate,No,47694.52,0.0,5900.0,120,1,Semiurban,619,2022-01-21,Approved,47694.52,0.124,0.3098,0.1978,0.5071,0.1527
CUST10306,Female,29,Married,Graduate,No,137131.87,0.0,24700.0,360,1,Rural,776,2022-06-17,Approved,137131.87,0.18,1.0,0.9566,0.7845,0.4927
CUST10668,Male,40,Divorced,Graduate,No,44231.27,18904.06,6400.0,360,1,Semiurban,623,2023-01-01,Rejected,63135.33,0.101,0.2831,0.218,0.5141,0.2114
CUST10006,Male,31,Married,Graduate,Yes,46248.79,19582.6,14500.0,60,1,Urban,586,2022-01-04,Approved,65831.39,0.22,0.2987,0.5449,0.4488,0.2216
CUST11070,Male,38,Married,Graduate,No,33039.25,2829.15,4600.0,360,1,Rural,806,2023-08-10,Approved,35868.4,0.128,0.1968,0.1453,0.8375,0.1077
CUST10782,Female,38,Widowed,Post Graduate,No,39198.64,9737.65,7300.0,360,1,Urban,649,2023-03-05,Approved,48936.29,0.149,0.2443,0.2543,0.5601,0.1574
CUST10408,Male,43,Single,Post Graduate,No,35708.13,0.0,5100.0,360,1,Urban,795,2022-08-12,Approved,35708.13,0.143,0.2173,0.1655,0.818,0.1071
CUST11008,Male,30,Married,Graduate,Yes,94584.44,0.0,23100.0,300,1,Rural,665,2023-07-07,Approved,94584.44,0.244,0.6717,0.892,0.5883,0.3309
CUST10781,Female,28,Single,Graduate,No,46910.05,14721.23,11300.0,360,1,Rural,700,2023-03-04,Approved,61631.28,0.183,0.3038,0.4157,0.6502,0.2057
CUST10166,Female,38,Married,Graduate,No,28606.11,0.0,4500.0,300,1,Urban,680,2022-04-01,Rejected,28606.11,0.157,0.1625,0.1413,0.6148,0.0801
CUST10534,Male,38,Single,Post Graduate,No,90428.36,30006.95,14300.0,36,1,Semiurban,626,2022-10-20,Rejected,120435.31,0.119,0.6396,0.5368,0.5194,0.4292
CUST10583,Female,45,Single,Graduate,Yes,58820.11,0.0,18300.0,36,0,Urban,790,2022-11-16,Approved,58820.11,0.311,0.3957,0.6983,0.8092,0.195
CUST11267,Female,38,Single,Not Graduate,No,42346.72,0.0,12800.0,360,1,Urban,729,2023-11-26,Rejected,42346.72,0.302,0.2686,0.4763,0.7014,0.1323
CUST11920,Female,42,Single,Post Graduate,Yes,24453.75,0.0,4900.0,360,1,Semiurban,603,2024-11-17,Approved,24453.75,0.2,0.1305,0.1574,0.4788,0.0643
CUST11890,Male,38,Married,Graduate,No,66767.15,20903.62,10800.0,360,1,Urban,749,2024-11-01,Approved,87670.77,0.123,0.457,0.3956,0.7367,0.3047
CUST11395,Male,39,Single,Post Graduate,No,33776.04,2881.31,6300.0,360,1,Urban,673,2024-02-04,Rejected,36657.35,0.172,0.2024,0.2139,0.6025,0.1107
CUST11784,Male,33,Married,Not Graduate,No,22863.86,17346.07,3600.0,120,1,Urban,731,2024-09-04,Approved,40209.93,0.09,0.1182,0.1049,0.7049,0.1242
CUST11271,Female,28,Single,Graduate,No,40757.74,3446.12,7000.0,300,0,Rural,673,2023-11-28,Approved,44203.86,0.158,0.2563,0.2422,0.6025,0.1394
CUST11908,Female,56,Single,Post Graduate,No,55615.75,0.0,13900.0,360,0,Rural,642,2024-11-11,Approved,55615.75,0.25,0.371,0.5207,0.5477,0.1828
CUST11122,Female,19,Divorced,Graduate,No,95599.69,3137.35,17500.0,60,1,Urban,631,2023-09-07,Rejected,98737.04,0.177,0.6795,0.666,0.5283,0.3467
CUST11301,Female,31,Married,Post Graduate,No,51961.91,21897.35,5900.0,180,1,Semiurban,647,2023-12-14,Rejected,73859.26,0.08,0.3428,0.1978,0.5565,0.2521
CUST11084,Female,37,Single,Graduate,No,43980.35,0.0,8200.0,360,1,Urban,653,2023-08-17,Rejected,43980.35,0.186,0.2812,0.2906,0.5671,0.1385
CUST10813,Female,47,Single,Not Graduate,No,35810.39,0.0,5400.0,60,0,Rural,659,2023-03-22,Approved,35810.39,0.151,0.2181,0.1776,0.5777,0.1075
CUST10316,Female,26,Single,Not Graduate,No,58883.44,0.0,9100.0,360,0,Semiurban,674,2022-06-23,Approved,58883.44,0.155,0.3962,0.3269,0.6042,0.1952
CUST11296,Male,38,Divorced,Graduate,No,37625.61,0.0,4300.0,240,1,Rural,618,2023-12-11,Approved,37625.61,0.114,0.2321,0.1332,0.5053,0.1144
CUST11738,Female,23,Married,Graduate,No,45432.76,0.0,10900.0,300,1,Rural,818,2024-08-10,Rejected,45432.76,0.24,0.2924,0.3996,0.8587,0.1441
CUST10516,Male,33,Married,Graduate,No,45279.69,0.0,7500.0,360,1,Rural,731,2022-10-10,Rejected,45279.69,0.166,0.2912,0.2624,0.7049,0.1435
CUST11684,Male,23,Divorced,Graduate,No,18223.49,46262.34,4500.0,360,1,Semiurban,640,2024-07-11,Approved,64485.83,0.07,0.0824,0.1413,0.5442,0.2165
CUST10533,Female,53,Single,Graduate,Yes,49043.56,13069.12,11400.0,360,1,Urban,749,2022-10-19,Approved,62112.68,0.184,0.3203,0.4198,0.7367,0.2075
CUST11113,Female,61,Single,Not Graduate,No,88230.73,0.0,11400.0,360,1,Urban,680,2023-09-02,Rejected,88230.73,0.129,0.6226,0.4198,0.6148,0.3068
CUST10271,Male,40,Married,Graduate,No,39887.09,15228.99,5100.0,36,1,Rural,651,2022-05-29,Approved,55116.08,0.093,0.2496,0.1655,0.5636,0.1809
CUST10548,Male,43,Married,Not Graduate,No,43348.68,11093.37,12900.0,360,1,Rural,795,2022-10-28,Approved,54442.05,0.237,0.2763,0.4803,0.818,0.1783
CUST10964,Female,48,Single,Graduate,No,32533.98,4155.99,5600.0,180,1,Semiurban,614,2023-06-13,Rejected,36689.97,0.153,0.1929,0.1857,0.4982,0.1108
CUST11713,Male,19,Single,Graduate,No,41028.45,11510.76,7300.0,360,1,Semiurban,719,2024-07-27,Approved,52539.21,0.139,0.2584,0.2543,0.6837,0.1711
CUST11645,Female,49,Single,Graduate,Yes,101718.99,0.0,23900.0,360,1,Semiurban,764,2024-06-20,Approved,101718.99,0.235,0.7267,0.9243,0.7633,0.3581
CUST10598,Female,38,Single,Not Graduate,No,40339.81,4556.72,10400.0,240,1,Rural,683,2022-11-24,Approved,44896.53,0.232,0.2531,0.3794,0.6201,0.142
CUST11618,Female,37,Widowed,Post Graduate,Yes,28821.61,2405.46,9300.0,180,1,Rural,664,2024-06-05,Approved,31227.07,0.298,0.1642,0.335,0.5866,0.0901
CUST10570,Male,46,Single,Graduate,No,46191.03,8149.53,6400.0,360,1,Urban,695,2022-11-09,Rejected,54340.56,0.118,0.2982,0.218,0.6413,0.1779
CUST10074,Male,33,Divorced,Graduate,No,44314.28,0.0,11400.0,12,0,Urban,657,2022-02-10,Approved,44314.28,0.257,0.2838,0.4198,0.5742,0.1398
CUST10061,Female,38,Single,Graduate,Yes,17016.35,169533.47,2500.0,360,1,Semiurban,653,2022-02-03,Approved,186549.82,0.013,0.0731,0.0605,0.5671,0.6806
CUST11282,Female,46,Married,Not Graduate,No,40542.96,11846.36,7300.0,36,1,Semiurban,618,2023-12-04,Approved,52389.32,0.139,0.2547,0.2543,0.5053,0.1705
CUST10809,Female,32,Married,Post Graduate,Yes,32700.51,25583.75,6700.0,300,1,Rural,687,2023-03-20,Approved,58284.26,0.115,0.1941,0.2301,0.6272,0.1929
CUST10244,Female,29,Married,Graduate,No,55105.24,2583.06,7600.0,12,1,Rural,648,2022-05-14,Rejected,57688.3,0.132,0.367,0.2664,0.5583,0.1907
CUST11864,Female,35,Single,Graduate,No,35336.27,6443.94,5000.0,360,1,Urban,666,2024-10-18,Approved,41780.21,0.12,0.2145,0.1615,0.5901,0.1302
CUST10105,Male,22,Single,Not Graduate,No,41308.4,1920.87,4800.0,360,1,Urban,624,2022-02-27,Approved,43229.27,0.111,0.2606,0.1534,0.5159,0.1357
CUST10673,Male,29,Divorced,Not Graduate,No,31796.33,9193.76,6800.0,360,1,Urban,772,2023-01-04,Approved,40990.09,0.166,0.1872,0.2341,0.7774,0.1272
CUST10642,Male,41,Single,Not Graduate,No,48423.81,5280.65,8300.0,180,1,Urban,578,2022-12-18,Rejected,53704.46,0.155,0.3155,0.2947,0.4346,0.1755
CUST11279,Female,33,Married,Post Graduate,No,71545.73,37414.8,15200.0,360,1,Rural,693,2023-12-02,Rejected,108960.53,0.14,0.4939,0.5732,0.6378,0.3856
CUST10665,Male,30,Married,Post Graduate,No,79913.68,71734.46,25775.0,360,0,Urban,710,2022-12-31,Rejected,151648.14,0.17,0.5585,1.0,0.6678,0.5479
CUST10509,Male,30,Married,Graduate,No,53397.55,11390.99,7900.0,360,1,Urban,685,2022-10-06,Approved,64788.54,0.122,0.3538,0.2785,0.6237,0.2177
CUST10131,Female,37,Married,Graduate,Yes,66812.51,14472.6,8300.0,300,1,Rural,692,2022-03-13,Rejected,81285.11,0.102,0.4574,0.2947,0.636,0.2804
CUST10444,Male,44,Married,Graduate,No,48423.81,0.0,8300.0,360,1,Urban,672,2022-09-01,Rejected,48423.81,0.171,0.3155,0.2947,0.6007,0.1554
CUST10866,Male,41,Single,Not Graduate,No,68351.7,0.0,10000.0,360,1,Semiurban,500,2023-04-20,Approved,68351.7,0.146,0.4692,0.3633,0.2968,0.2312
CUST11482,Female,39,Married,Not Graduate,No,29319.34,16821.94,8000.0,300,1,Urban,612,2024-03-22,Approved,46141.28,0.173,0.168,0.2825,0.4947,0.1468
CUST11867,Male,37,Married,Graduate,No,21174.64,12122.95,3200.0,360,1,Urban,476,2024-10-19,Approved,33297.59,0.096,0.1052,0.0888,0.2544,0.0979
CUST10057,Female,45,Married,Graduate,No,137131.87,34896.46,24200.0,360,0,Semiurban,612,2022-02-01,Rejected,172028.33,0.141,1.0,0.9364,0.4947,0.6254
CUST11668,Male,50,Single,Graduate,No,54895.21,8844.89,11900.0,360,1,Semiurban,601,2024-07-02,Approved,63740.1,0.187,0.3654,0.44,0.4753,0.2137
CUST11078,Female,42,Married,Graduate,No,100801.83,0.0,22400.0,360,1,Urban,581,2023-08-14,Approved,100801.83,0.222,0.7197,0.8638,0.4399,0.3546
CUST11511,Male,53,Divorced,Graduate,No,51551.19,0.0,15300.0,360,1,Semiurban,641,2024-04-07,Rejected,51551.19,0.297,0.3396,0.5772,0.5459,0.1673
CUST10086,Male,45,Married,Graduate,No,86917.0,0.0,10900.0,360,0,Rural,715,2022-02-17,Rejected,86917.0,0.125,0.6125,0.3996,0.6767,0.3018
CUST11862,Female,40,Widowed,Not Graduate,Yes,87737.67,5624.3,12300.0,240,0,Rural,575,2024-10-16,Approved,93361.97,0.132,0.6188,0.4561,0.4293,0.3263
CUST10771,Female,28,Married,Graduate,No,95074.33,6923.38,22200.0,360,1,Urban,589,2023-02-27,Approved,101997.71,0.218,0.6755,0.8557,0.4541,0.3591
CUST11240,Male,50,Widowed,Post Graduate,Yes,48423.81,0.0,8300.0,360,1,Rural,658,2023-11-11,Approved,48423.81,0.171,0.3155,0.2947,0.576,0.1554
CUST10708,Female,22,Married,Not Graduate,No,87893.01,0.0,10800.0,360,1,Urban,636,2023-01-23,Approved,87893.01,0.123,0.62,0.3956,0.5371,0.3055
CUST11567,Male,35,Married,Graduate,No,25093.82,142023.96,7700.0,360,0,Urban,763,2024-05-08,Rejected,167117.78,0.046,0.1354,0.2704,0.7615,0.6067
CUST11348,Female,49,Widowed,Not Graduate,No,73840.34,15653.63,17600.0,360,1,Urban,774,2024-01-09,Rejected,89493.97,0.197,0.5116,0.67,0.7809,0.3116
CUST11743,Female,26,Married,Not Graduate,No,137131.87,33327.83,25775.0,360,1,Urban,639,2024-08-12,Approved,170459.7,0.151,1.0,1.0,0.5424,0.6194
CUST10538,Male,30,Married,Post Graduate,No,30219.53,12662.66,4200.0,360,1,Semiurban,548,2022-10-22,Rejected,42882.19,0.098,0.175,0.1292,0.3816,0.1344
CUST11445,Female,42,Widowed,Not Graduate,Yes,52048.4,10646.67,6200.0,360,0,Semiurban,563,2024-03-02,Rejected,62695.07,0.099,0.3434,0.2099,0.4081,0.2097
CUST11188,Male,41,Single,Graduate,Yes,33233.66,27564.24,7400.0,360,1,Urban,789,2023-10-13,Rejected,60797.9,0.122,0.1983,0.2583,0.8074,0.2025
CUST11563,Male,38,Divorced,Graduate,No,98213.8,8401.87,19900.0,180,1,Rural,687,2024-05-06,Rejected,106615.67,0.187,0.6997,0.7629,0.6272,0.3767
CUST11315,Female,50,Divorced,Graduate,No,40908.25,0.0,6000.0,36,1,Semiurban,672,2023-12-22,Approved,40908.25,0.147,0.2575,0.2018,0.6007,0.1269
CUST10418,Male,56,Married,Graduate,No,103917.38,0.0,13400.0,360,1,Urban,546,2022-08-17,Approved,103917.38,0.129,0.7437,0.5005,0.3781,0.3664
CUST11857,Male,32,Widowed,Graduate,No,46465.2,50948.5,6800.0,360,1,Urban,711,2024-10-14,Approved,97413.7,0.07,0.3004,0.2341,0.6696,0.3417
CUST11073,Female,29,Married,Graduate,Yes,11927.99,0.0,1900.0,360,0,Semiurban,610,2023-08-11,Rejected,11927.99,0.159,0.0338,0.0363,0.4912,0.0167
CUST11714,Male,40,Married,Graduate,No,137131.87,0.0,17600.0,360,1,Rural,653,2024-07-27,Approved,137131.87,0.128,1.0,0.67,0.5671,0.4927
CUST11642,Female,32,Single,Not Graduate,No,137131.87,54674.27,8300.0,360,0,Urban,601,2024-06-18,Rejected,191806.14,0.043,1.0,0.2947,0.4753,0.7006
CUST10851,Male,57,Single,Graduate,No,72370.11,7418.06,8200.0,12,1,Rural,758,2023-04-12,Approved,79788.17,0.103,0.5003,0.2906,0.7527,0.2747
CUST11759,Female,29,Widowed,Not Graduate,No,55335.74,0.0,6400.0,240,1,Rural,742,2024-08-21,Approved,55335.74,0.116,0.3688,0.218,0.7244,0.1817
CUST11736,Male,37,Single,Graduate,No,98490.34,44260.17,14300.0,360,1,Semiurban,684,2024-08-08,Rejected,142750.51,0.1,0.7018,0.5368,0.6219,0.5141
CUST11700,Female,42,Married,Graduate,No,88030.06,9463.5,15300.0,300,1,Rural,609,2024-07-20,Approved,97493.56,0.157,0.6211,0.5772,0.4894,0.342
CUST11772,Female,45,Divorced,Graduate,No,42585.76,0.0,7000.0,360,1,Semiurban,754,2024-08-28,Approved,42585.76,0.164,0.2704,0.2422,0.7456,0.1332
CUST11307,Female,42,Widowed,Graduate,No,58921.44,0.0,11700.0,360,1,Rural,610,2023-12-17,Rejected,58921.44,0.199,0.3965,0.4319,0.4912,0.1953
CUST11739,Male,52,Married,Graduate,Yes,16248.45,0.0,2700.0,360,1,Semiurban,791,2024-08-10,Rejected,16248.45,0.166,0.0672,0.0686,0.811,0.0331
CUST11805,Female,33,Married,Graduate,No,74001.11,15625.31,18700.0,180,1,Urban,575,2024-09-15,Approved,89626.42,0.209,0.5128,0.7144,0.4293,0.3121
CUST10304,Female,44,Single,Not Graduate,No,35157.72,0.0,4700.0,36,1,Urban,589,2022-06-16,Approved,35157.72,0.134,0.2131,0.1493,0.4541,0.105
CUST11958,Female,23,Single,Graduate,No,88574.0,12655.73,11700.0,120,0,Rural,722,2024-12-08,Approved,101229.73,0.116,0.6253,0.4319,0.689,0.3562
CUST10335,Female,43,Married,Graduate,No,90010.85,96067.23,16200.0,240,1,Urban,638,2022-07-03,Approved,186078.08,0.087,0.6364,0.6135,0.5406,0.6788
CUST10995,Female,25,Single,Graduate,No,137131.87,8766.23,25775.0,360,0,Semiurban,755,2023-06-30,Approved,145898.1,0.177,1.0,1.0,0.7473,0.526
CUST10569,Female,59,Widowed,Graduate,No,58352.32,19650.3,13600.0,360,1,Rural,793,2022-11-08,Approved,78002.62,0.174,0.3921,0.5086,0.8145,0.2679
CUST10088,Male,30,Single,Not Graduate,Yes,78976.76,0.0,11600.0,360,1,Semiurban,722,2022-02-18,Approved,78976.76,0.147,0.5512,0.4279,0.689,0.2716
CUST10874,Male,65,Single,Not Graduate,No,120246.69,4637.61,14000.0,360,1,Urban,752,2023-04-24,Rejected,124884.3,0.112,0.8697,0.5247,0.742,0.4461
CUST11159,Male,41,Single,Not Graduate,No,77496.3,0.0,22400.0,360,1,Urban,714,2023-09-27,Rejected,77496.3,0.289,0.5398,0.8638,0.6749,0.266
CUST11532,Female,41,Married,Not Graduate,Yes,16256.41,26907.27,1900.0,36,1,Urban,620,2024-04-19,Approved,43163.68,0.044,0.0672,0.0363,0.5088,0.1354
CUST10712,Female,35,Single,Graduate,No,42119.79,0.0,4900.0,360,0,Urban,652,2023-01-26,Approved,42119.79,0.116,0.2668,0.1574,0.5654,0.1315
CUST11756,Male,45,Married,Graduate,No,31102.21,41609.35,5600.0,360,1,Rural,731,2024-08-19,Approved,72711.56,0.077,0.1818,0.1857,0.7049,0.2478
CUST11912,Male,56,Widowed,Not Graduate,No,137131.87,23569.78,25775.0,360,1,Urban,535,2024-11-13,Rejected,160701.65,0.16,1.0,1.0,0.3587,0.5823
CUST11389,Male,22,Single,Graduate,No,67928.6,5624.61,14600.0,36,0,Urban,509,2024-01-31,Approved,73553.21,0.198,0.466,0.5489,0.3127,0.251
CUST10221,Female,43,Married,Post Graduate,Yes,62918.0,0.0,10400.0,360,1,Urban,809,2022-05-02,Rejected,62918.0,0.165,0.4273,0.3794,0.8428,0.2105
CUST10319,Female,39,Married,Graduate,No,16279.7,18758.67,2300.0,360,1,Semiurban,511,2022-06-24,Approved,35038.37,0.066,0.0674,0.0525,0.3163,0.1045
CUST11765,Male,39,Married,Not Graduate,No,137131.87,3462.42,25775.0,120,0,Urban,773,2024-08-24,Rejected,140594.29,0.183,1.0,1.0,0.7792,0.5059
CUST10878,Female,27,Single,Not Graduate,Yes,36525.56,32650.81,7200.0,240,1,Rural,653,2023-04-26,Approved,69176.37,0.104,0.2237,0.2503,0.5671,0.2343
CUST11995,Male,30,Married,Not Graduate,Yes,99132.4,0.0,17000.0,180,1,Urban,472,2024-12-28,Approved,99132.4,0.171,0.7068,0.6458,0.2473,0.3482
CUST10825,Male,55,Married,Graduate,No,27470.0,6578.84,3300.0,360,1,Rural,748,2023-03-28,Approved,34048.84,0.097,0.1538,0.0928,0.735,0.1008
CUST11996,Male,64,Married,Graduate,No,29473.86,69079.86,4300.0,360,1,Semiurban,533,2024-12-29,Rejected,98553.72,0.044,0.1692,0.1332,0.3551,0.346
CUST11475,Female,20,Married,Post Graduate,No,93868.25,19389.75,10500.0,360,0,Rural,677,2024-03-18,Approved,113258.0,0.093,0.6661,0.3835,0.6095,0.4019
CUST10138,Female,47,Divorced,Graduate,No,48423.81,13744.45,8300.0,360,1,Rural,556,2022-03-17,Rejected,62168.26,0.134,0.3155,0.2947,0.3958,0.2077
CUST10163,Male,40,Divorced,Graduate,No,30324.03,0.0,3600.0,360,1,Rural,731,2022-03-31,Approved,30324.03,0.119,0.1758,0.1049,0.7049,0.0866
CUST11791,Male,20,Divorced,Post Graduate,No,69088.56,16169.88,9400.0,360,1,Rural,674,2024-09-08,Approved,85258.44,0.11,0.4749,0.3391,0.6042,0.2955
CUST11458,Female,34,Married,Not Graduate,Yes,74973.62,27588.68,14200.0,12,1,Rural,696,2024-03-09,Approved,102562.3,0.138,0.5203,0.5328,0.6431,0.3613
CUST10960,Female,59,Divorced,Not Graduate,No,24748.63,0.0,3400.0,300,0,Semiurban,716,2023-06-10,Approved,24748.63,0.137,0.1328,0.0969,0.6784,0.0654
CUST11448,Female,50,Divorced,Not Graduate,Yes,28505.41,0.0,6300.0,180,1,Semiurban,678,2024-03-04,Approved,28505.41,0.221,0.1618,0.2139,0.6113,0.0797
CUST11347,Female,48,Single,Not Graduate,No,13438.29,0.0,1600.0,60,1,Semiurban,624,2024-01-08,Rejected,13438.29,0.119,0.0455,0.0242,0.5159,0.0224
CUST11187,Female,35,Single,Not Graduate,No,115724.63,13588.14,24200.0,360,0,Semiurban,674,2023-10-13,Rejected,129312.77,0.187,0.8348,0.9364,0.6042,0.463
CUST11940,Male,20,Married,Not Graduate,No,21619.81,0.0,2400.0,360,0,Urban,588,2024-11-28,Approved,21619.81,0.111,0.1086,0.0565,0.4523,0.0535
CUST11308,Male,56,Married,Not Graduate,No,20808.27,38449.86,2700.0,360,0,Rural,547,2023-12-18,Rejected,59258.13,0.046,0.1024,0.0686,0.3799,0.1966
CUST11814,Female,46,Married,Graduate,Yes,137131.87,0.0,25775.0,360,1,Semiurban,597,2024-09-20,Approved,137131.87,0.188,1.0,1.0,0.4682,0.4927
CUST10633,Female,41,Single,Graduate,No,38395.44,185586.99,9900.0,180,1,Urban,594,2022-12-13,Approved,223982.43,0.044,0.2381,0.3592,0.4629,0.8229
CUST11196,Male,28,Widowed,Not Graduate,Yes,35468.35,0.0,5200.0,180,1,Semiurban,728,2023-10-18,Rejected,35468.35,0.147,0.2155,0.1695,0.6996,0.1062
CUST10655,Male,20,Single,Not Graduate,No,78751.27,6611.53,8900.0,360,1,Rural,693,2022-12-25,Rejected,85362.8,0.104,0.5495,0.3189,0.6378,0.2959
CUST10016,Female,35,Single,Graduate,No,63557.24,0.0,9100.0,360,0,Urban,655,2022-01-09,Rejected,63557.24,0.143,0.4322,0.3269,0.5707,0.213
CUST11264,Female,49,Single,Not Graduate,No,28307.87,0.0,7300.0,120,1,Urban,653,2023-11-24,Approved,28307.87,0.258,0.1602,0.2543,0.5671,0.079
CUST11173,Male,30,Married,Not Graduate,Yes,38750.77,0.0,10100.0,360,0,Urban,619,2023-10-05,Rejected,38750.77,0.261,0.2408,0.3673,0.5071,0.1187
CUST10137,Female,39,Divorced,Graduate,No,18552.24,15547.4,2100.0,360,1,Semiurban,725,2022-03-17,Approved,34099.64,0.062,0.085,0.0444,0.6943,0.101
CUST11233,Female,34,Married,Graduate,No,19497.78,0.0,3900.0,240,1,Semiurban,681,2023-11-07,Rejected,19497.78,0.2,0.0923,0.1171,0.6166,0.0455
CUST10697,Female,52,Divorced,Graduate,No,30435.29,0.0,10100.0,360,1,Rural,840,2023-01-17,Approved,30435.29,0.332,0.1767,0.3673,0.8975,0.087
CUST11097,Female,28,Married,Graduate,No,67276.34,8644.71,8000.0,300,1,Semiurban,724,2023-08-24,Approved,75921.05,0.105,0.4609,0.2825,0.6926,0.26
CUST11624,Female,23,Married,Not Graduate,No,78714.02,13800.75,8900.0,360,1,Semiurban,771,2024-06-08,Approved,92514.77,0.096,0.5492,0.3189,0.7756,0.3231
CUST10448,Male,30,Married,Not Graduate,No,27302.85,0.0,3900.0,360,0,Semiurban,717,2022-09-03,Rejected,27302.85,0.143,0.1525,0.1171,0.6802,0.0751
CUST11905,Female,25,Widowed,Not Graduate,No,41033.27,15596.31,10700.0,360,1,Rural,642,2024-11-09,Rejected,56629.58,0.189,0.2584,0.3915,0.5477,0.1866
CUST10327,Female,38,Married,Not Graduate,No,63629.01,0.0,9900.0,240,1,Semiurban,677,2022-06-29,Approved,63629.01,0.156,0.4328,0.3592,0.6095,0.2132
CUST10317,Female,45,Single,Graduate,Yes,36726.11,63415.03,8000.0,180,0,Semiurban,633,2022-06-23,Rejected,100141.14,0.08,0.2252,0.2825,0.5318,0.3521
CUST11538,Female,41,Divorced,Not Graduate,No,66474.1,11798.18,15200.0,360,1,Semiurban,801,2024-04-22,Rejected,78272.28,0.194,0.4548,0.5732,0.8286,0.2689
CUST10526,Female,28,Married,Not Graduate,No,25130.0,0.0,3800.0,360,1,Rural,510,2022-10-16,Rejected,25130.0,0.151,0.1357,0.113,0.3145,0.0669
CUST10087,Female,59,Widowed,Graduate,No,84845.1,58771.06,19600.0,180,1,Urban,623,2022-02-17,Approved,143616.16,0.136,0.5965,0.7508,0.5141,0.5174
CUST11928,Male,52,Married,Not Graduate,No,103944.71,41947.37,12700.0,120,0,Urban,559,2024-11-22,Rejected,145892.08,0.087,0.7439,0.4723,0.4011,0.526
CUST10148,Female,46,Single,Graduate,No,92217.65,0.0,24900.0,60,1,Rural,609,2022-03-23,Approved,92217.65,0.27,0.6534,0.9647,0.4894,0.3219
CUST11631,Male,27,Divorced,Graduate,No,52339.81,19850.3,7500.0,360,1,Semiurban,673,2024-06-12,Rejected,72190.11,0.104,0.3457,0.2624,0.6025,0.2458
CUST11302,Male,56,Single,Graduate,No,38054.54,0.0,10900.0,360,1,Rural,727,2023-12-15,Approved,38054.54,0.286,0.2355,0.3996,0.6979,0.116
CUST11470,Female,42,Married,Not Graduate,No,36291.99,17016.64,8300.0,360,1,Semiurban,688,2024-03-16,Approved,53308.63,0.156,0.2219,0.2947,0.629,0.174
CUST10365,Female,43,Single,Not Graduate,No,20798.52,0.0,6500.0,360,1,Rural,649,2022-07-19,Approved,20798.52,0.313,0.1023,0.222,0.5601,0.0504
CUST10589,Male,37,Single,Not Graduate,Yes,96293.94,36692.89,22400.0,240,1,Rural,572,2022-11-19,Approved,132986.83,0.168,0.6849,0.8638,0.424,0.477
CUST11785,Female,21,Divorced,Not Graduate,No,50887.46,12249.19,9100.0,360,0,Rural,757,2024-09-04,Approved,63136.65,0.144,0.3345,0.3269,0.7509,0.2114
CUST10198,Male,26,Widowed,Graduate,No,92724.45,4948.29,12300.0,300,1,Urban,532,2022-04-19,Rejected,97672.74,0.126,0.6573,0.4561,0.3534,0.3427
CUST11906,Female,46,Married,Not Graduate,No,56892.11,7056.05,18900.0,360,1,Urban,799,2024-11-10,Approved,63948.16,0.296,0.3808,0.7225,0.8251,0.2145
CUST10192,Male,48,Married,Graduate,No,22776.33,0.0,5300.0,120,0,Semiurban,697,2022-04-16,Approved,22776.33,0.233,0.1176,0.1736,0.6449,0.0579
CUST10404,Female,55,Married,Graduate,No,21728.32,0.0,3900.0,60,0,Urban,520,2022-08-10,Approved,21728.32,0.179,0.1095,0.1171,0.3322,0.0539
CUST11583,Male,47,Married,Graduate,Yes,25615.86,0.0,8300.0,60,1,Semiurban,511,2024-05-17,Approved,25615.86,0.324,0.1395,0.2947,0.3163,0.0687
CUST11997,Male,37,Single,Graduate,Yes,41902.85,24511.66,8800.0,360,1,Urban,425,2024-12-29,Rejected,66414.51,0.133,0.2651,0.3148,0.1643,0.2238
CUST10483,Male,49,Single,Not Graduate,Yes,35054.8,0.0,5000.0,360,1,Semiurban,727,2022-09-22,Rejected,35054.8,0.143,0.2123,0.1615,0.6979,0.1046
CUST11469,Male,69,Single,Not Graduate,No,46780.03,0.0,5900.0,360,1,Urban,749,2024-03-15,Approved,46780.03,0.126,0.3028,0.1978,0.7367,0.1492
CUST10791,Female,50,Married,Not Graduate,Yes,34098.75,0.0,3800.0,240,1,Semiurban,532,2023-03-10,Approved,34098.75,0.111,0.2049,0.113,0.3534,0.101
CUST10799,Male,50,Divorced,Graduate,No,52567.96,18002.91,7800.0,360,1,Rural,592,2023-03-14,Approved,70570.87,0.111,0.3474,0.2745,0.4594,0.2396
CUST10384,Female,47,Single,Not Graduate,No,34432.95,4595.31,4300.0,300,0,Urban,600,2022-07-30,Approved,39028.26,0.11,0.2075,0.1332,0.4735,0.1197
CUST10750,Male,36,Married,Graduate,No,50942.07,5951.43,9600.0,300,1,Rural,625,2023-02-15,Rejected,56893.5,0.169,0.3349,0.3471,0.5177,0.1876
CUST10422,Male,30,Single,Graduate,No,47992.46,67163.44,11100.0,180,1,Urban,677,2022-08-20,Approved,115155.9,0.096,0.3121,0.4077,0.6095,0.4092
CUST10314,Female,33,Single,Graduate,Yes,44363.32,10947.83,9500.0,360,0,Urban,552,2022-06-22,Approved,55311.15,0.172,0.2841,0.3431,0.3887,0.1816
CUST11021,Male,29,Single,Not Graduate,No,87477.21,0.0,18200.0,360,1,Rural,797,2023-07-14,Rejected,87477.21,0.208,0.6168,0.6942,0.8216,0.3039
CUST10543,Female,32,Single,Graduate,Yes,137131.87,0.0,21300.0,60,1,Semiurban,740,2022-10-25,Rejected,137131.87,0.155,1.0,0.8194,0.7208,0.4927
CUST10913,Female,39,Married,Not Graduate,No,35101.94,15935.48,4300.0,360,1,Semiurban,771,2023-05-16,Rejected,51037.42,0.084,0.2127,0.1332,0.7756,0.1654
CUST10662,Male,48,Widowed,Not Graduate,No,34825.8,28908.63,8700.0,360,1,Semiurban,592,2022-12-29,Approved,63734.43,0.137,0.2105,0.3108,0.4594,0.2136
CUST10902,Male,39,Single,Graduate,No,49810.99,12774.65,5700.0,360,1,Urban,494,2023-05-10,Rejected,62585.64,0.091,0.3262,0.1897,0.2862,0.2093
CUST11453,Female,43,Single,Not Graduate,Yes,137131.87,8609.58,20300.0,120,0,Semiurban,620,2024-03-06,Rejected,145741.45,0.139,1.0,0.779,0.5088,0.5254
CUST10685,Male,44,Married,Graduate,No,123109.88,4790.94,25775.0,360,1,Urban,689,2023-01-11,Approved,127900.82,0.202,0.8918,1.0,0.6307,0.4576
CUST11687,Female,37,Single,Not Graduate,No,71931.78,30693.57,8400.0,360,0,Urban,686,2024-07-13,Rejected,102625.35,0.082,0.4969,0.2987,0.6254,0.3615
CUST10159,Male,43,Married,Post Graduate,No,23190.01,14394.5,3300.0,240,0,Rural,633,2022-03-29,Approved,37584.51,0.088,0.1207,0.0928,0.5318,0.1142
CUST10999,Male,38,Married,Not Graduate,Yes,41955.32,6767.32,7400.0,60,1,Urban,821,2023-07-02,Approved,48722.64,0.152,0.2656,0.2583,0.864,0.1566
CUST11309,Female,33,Married,Not Graduate,No,77339.87,10305.49,11200.0,180,1,Semiurban,732,2023-12-19,Approved,87645.36,0.128,0.5386,0.4117,0.7067,0.3046
CUST11787,Female,19,Married,Not Graduate,Yes,34579.3,0.0,5800.0,360,0,Urban,606,2024-09-05,Approved,34579.3,0.168,0.2086,0.1937,0.4841,0.1028
CUST10202,Female,29,Single,Not Graduate,No,28509.77,6587.75,6100.0,360,1,Semiurban,684,2022-04-21,Approved,35097.52,0.174,0.1618,0.2059,0.6219,0.1048
CUST11023,Female,31,Married,Post Graduate,No,57805.21,8629.44,7100.0,360,1,Rural,695,2023-07-15,Rejected,66434.65,0.107,0.3879,0.2462,0.6413,0.2239
CUST11542,Female,50,Single,Not Graduate,No,65065.26,0.0,8100.0,360,1,Rural,765,2024-04-24,Approved,65065.26,0.124,0.4439,0.2866,0.765,0.2187
CUST11506,Male,22,Single,Not Graduate,Yes,64686.34,0.0,11000.0,360,1,Semiurban,645,2024-04-04,Rejected,64686.34,0.17,0.441,0.4036,0.553,0.2173
CUST10112,Male,38,Single,Post Graduate,No,82411.83,5989.28,13900.0,360,1,Urban,650,2022-03-03,Approved,88401.11,0.157,0.5777,0.5207,0.5618,0.3074
CUST11817,Female,43,Single,Graduate,No,35441.0,0.0,5100.0,360,1,Rural,517,2024-09-22,Rejected,35441.0,0.144,0.2153,0.1655,0.3269,0.1061
CUST11242,Female,36,Married,Post Graduate,No,39315.18,0.0,9700.0,360,1,Semiurban,596,2023-11-12,Rejected,39315.18,0.247,0.2452,0.3512,0.4664,0.1208
CUST10980,Female,38,Married,Not Graduate,No,63516.6,38011.58,17400.0,36,1,Semiurban,533,2023-06-21,Rejected,101528.18,0.171,0.4319,0.662,0.3551,0.3573
CUST10922,Female,32,Married,Not Graduate,No,56602.28,47813.06,11600.0,300,0,Urban,610,2023-05-21,Approved,104415.34,0.111,0.3786,0.4279,0.4912,0.3683
CUST11493,Female,32,Married,Not Graduate,No,21339.94,5325.04,2700.0,300,1,Urban,682,2024-03-28,Approved,26664.98,0.101,0.1065,0.0686,0.6184,0.0727
CUST11598,Female,19,Married,Graduate,No,47199.12,11952.76,9100.0,360,1,Urban,665,2024-05-25,Rejected,59151.88,0.154,0.306,0.3269,0.5883,0.1962
CUST11426,Male,42,Single,Graduate,No,55342.89,9625.42,9400.0,180,1,Semiurban,684,2024-02-21,Rejected,64968.31,0.145,0.3689,0.3391,0.6219,0.2183
CUST11251,Male,43,Divorced,Not Graduate,No,37113.29,9221.71,11400.0,360,1,Urban,608,2023-11-17,Rejected,46335.0,0.246,0.2282,0.4198,0.4876,0.1475
CUST10815,Male,38,Married,Post Graduate,Yes,60229.35,0.0,7300.0,360,0,Urban,775,2023-03-23,Approved,60229.35,0.121,0.4066,0.2543,0.7827,0.2003
CUST11374,Female,35,Single,Post Graduate,No,32649.44,8601.89,7800.0,360,1,Urban,630,2024-01-23,Rejected,41251.33,0.189,0.1937,0.2745,0.5265,0.1282
CUST11622,Female,40,Divorced,Post Graduate,Yes,48726.8,0.0,7700.0,180,1,Rural,898,2024-06-07,Approved,48726.8,0.158,0.3178,0.2704,1.0,0.1566
CUST10679,Female,51,Single,Graduate,Yes,67076.76,9968.64,16900.0,360,1,Semiurban,597,2023-01-07,Approved,77045.4,0.219,0.4594,0.6418,0.4682,0.2643
CUST11093,Male,48,Single,Graduate,Yes,137131.87,18650.27,25775.0,240,1,Rural,617,2023-08-22,Approved,155782.14,0.165,1.0,1.0,0.5035,0.5636
CUST10080,Female,46,Single,Post Graduate,No,48414.57,11359.95,11300.0,360,0,Semiurban,670,2022-02-13,Approved,59774.52,0.189,0.3154,0.4157,0.5972,0.1986
CUST11770,Female,53,Married,Graduate,No,93375.26,4340.96,25775.0,180,1,Rural,622,2024-08-27,Rejected,97716.22,0.264,0.6623,1.0,0.5124,0.3429
CUST11352,Male,46,Single,Post Graduate,No,38822.84,0.0,7900.0,360,1,Rural,559,2024-01-11,Approved,38822.84,0.203,0.2414,0.2785,0.4011,0.1189
CUST11749,Female,44,Single,Graduate,No,23638.18,8567.65,3100.0,360,1,Urban,689,2024-08-16,Rejected,32205.83,0.096,0.1242,0.0848,0.6307,0.0938
CUST10752,Male,38,Single,Post Graduate,Yes,12178.4,0.0,2300.0,240,1,Urban,718,2023-02-16,Approved,12178.4,0.189,0.0358,0.0525,0.682,0.0176
CUST11327,Female,38,Married,Graduate,No,59125.88,35299.07,16400.0,60,1,Semiurban,625,2023-12-28,Approved,94424.95,0.174,0.3981,0.6216,0.5177,0.3303
CUST11054,Male,46,Married,Not Graduate,No,99162.94,6385.83,24900.0,120,1,Urban,636,2023-08-01,Approved,105548.77,0.236,0.707,0.9647,0.5371,0.3726
CUST10242,Male,38,Married,Post Graduate,No,86049.24,6311.11,21700.0,360,1,Urban,799,2022-05-13,Approved,92360.35,0.235,0.6058,0.8355,0.8251,0.3225
CUST11991,Female,52,Single,Post Graduate,Yes,137131.87,0.0,8300.0,120,0,Urban,736,2024-12-26,Rejected,137131.87,0.061,1.0,0.2947,0.7138,0.4927
CUST10641,Female,52,Married,Not Graduate,No,32524.19,0.0,6600.0,36,1,Urban,709,2022-12-18,Rejected,32524.19,0.203,0.1928,0.226,0.6661,0.095
CUST10696,Male,38,Single,Not Graduate,No,32675.09,0.0,6700.0,240,1,Urban,635,2023-01-17,Approved,32675.09,0.205,0.1939,0.2301,0.5353,0.0956
CUST10209,Female,38,Married,Not Graduate,No,21790.93,16897.32,3200.0,180,1,Semiurban,580,2022-04-25,Approved,38688.25,0.083,0.11,0.0888,0.4382,0.1184
CUST11821,Female,28,Single,Not Graduate,Yes,57941.45,0.0,7300.0,120,1,Rural,510,2024-09-24,Rejected,57941.45,0.126,0.3889,0.2543,0.3145,0.1916
CUST10770,Male,34,Married,Not Graduate,No,137131.87,77262.66,24800.0,360,1,Semiurban,626,2023-02-26,Approved,214394.53,0.116,1.0,0.9606,0.5194,0.7865
CUST11764,Male,41,Divorced,Graduate,Yes,38684.53,0.0,5500.0,60,1,Semiurban,682,2024-08-24,Approved,38684.53,0.142,0.2403,0.1816,0.6184,0.1184
CUST10435,Male,38,Divorced,Not Graduate,No,81032.01,24568.38,13800.0,360,1,Rural,696,2022-08-27,Rejected,105600.39,0.131,0.5671,0.5166,0.6431,0.3728
CUST11063,Female,38,Married,Post Graduate,No,43857.29,0.0,7400.0,360,1,Rural,653,2023-08-06,Rejected,43857.29,0.169,0.2802,0.2583,0.5671,0.1381
CUST10974,Male,35,Single,Graduate,No,43072.2,14074.38,5900.0,12,1,Urban,565,2023-06-18,Rejected,57146.58,0.103,0.2742,0.1978,0.4117,0.1886
CUST10551,Male,55,Divorced,Not Graduate,No,87014.86,21759.07,10200.0,360,1,Rural,653,2022-10-29,Approved,108773.93,0.094,0.6133,0.3713,0.5671,0.3849
CUST11403,Male,27,Divorced,Graduate,No,110356.38,1881.98,15900.0,60,1,Urban,705,2024-02-08,Approved,112238.36,0.142,0.7934,0.6014,0.659,0.3981
CUST11412,Female,35,Married,Not Graduate,No,64454.55,7384.73,8900.0,360,1,Rural,582,2024-02-13,Approved,71839.28,0.124,0.4392,0.3189,0.4417,0.2445
CUST11013,Female,60,Single,Not Graduate,Yes,61264.48,5035.01,6800.0,240,1,Rural,552,2023-07-09,Approved,66299.49,0.103,0.4146,0.2341,0.3887,0.2234
CUST11896,Female,30,Married,Post Graduate,No,22135.41,12101.35,3900.0,360,0,Semiurban,682,2024-11-04,Rejected,34236.76,0.114,0.1126,0.1171,0.6184,0.1015
CUST10466,Female,35,Married,Graduate,No,23579.58,0.0,6400.0,360,1,Rural,883,2022-09-13,Rejected,23579.58,0.271,0.1238,0.218,0.9735,0.061
CUST11484,Female,59,Married,Post Graduate,No,91307.04,93775.02,12500.0,360,1,Semiurban,645,2024-03-23,Rejected,185082.06,0.068,0.6464,0.4642,0.553,0.675
CUST11545,Female,35,Married,Graduate,No,112472.44,8751.39,18200.0,360,1,Urban,440,2024-04-26,Approved,121223.83,0.15,0.8097,0.6942,0.1908,0.4322
CUST10277,Female,24,Married,Graduate,No,13868.24,0.0,2600.0,360,1,Semiurban,762,2022-06-01,Approved,13868.24,0.187,0.0488,0.0646,0.7597,0.0241
CUST11069,Female,36,Married,Not Graduate,No,26774.12,0.0,3700.0,120,0,Semiurban,651,2023-08-09,Approved,26774.12,0.138,0.1484,0.109,0.5636,0.0731
CUST11017,Female,38,Married,Post Graduate,No,48423.81,11313.06,8300.0,60,1,Urban,557,2023-07-12,Approved,59736.87,0.139,0.3155,0.2947,0.3975,0.1984
CUST11330,Male,49,Married,Not Graduate,Yes,64826.58,0.0,13200.0,360,1,Urban,746,2023-12-30,Approved,64826.58,0.204,0.442,0.4924,0.7314,0.2178
CUST10722,Male,44,Married,Not Graduate,No,34601.37,0.0,4300.0,360,1,Urban,666,2023-01-31,Approved,34601.37,0.124,0.2088,0.1332,0.5901,0.1029
CUST11963,Male,40,Widowed,Graduate,No,62013.21,4601.45,15900.0,360,0,Urban,453,2024-12-11,Approved,66614.66,0.239,0.4203,0.6014,0.2138,0.2246
CUST10786,Female,38,Single,Graduate,No,35464.1,11069.96,11700.0,360,1,Urban,642,2023-03-07,Approved,46534.06,0.251,0.2155,0.4319,0.5477,0.1483
CUST11554,Male,27,Married,Post Graduate,Yes,30437.95,11524.13,7700.0,360,1,Semiurban,579,2024-05-01,Rejected,41962.08,0.183,0.1767,0.2704,0.4364,0.1309
CUST11317,Male,36,Single,Not Graduate,No,19527.21,0.0,5500.0,360,1,Rural,623,2023-12-23,Rejected,19527.21,0.282,0.0925,0.1816,0.5141,0.0456
CUST11565,Female,30,Married,Graduate,No,19352.2,32016.68,5500.0,360,1,Semiurban,649,2024-05-07,Approved,51368.88,0.107,0.0911,0.1816,0.5601,0.1666
CUST11436,Male,19,Married,Graduate,Yes,43095.22,19608.52,11500.0,360,1,Rural,570,2024-02-26,Rejected,62703.74,0.183,0.2743,0.4238,0.4205,0.2097
CUST10906,Female,45,Married,Post Graduate,No,36890.82,54277.93,9400.0,12,1,Rural,757,2023-05-12,Approved,91168.75,0.103,0.2265,0.3391,0.7509,0.318
CUST10563,Female,44,Single,Not Graduate,No,36174.64,34631.72,7500.0,360,1,Semiurban,667,2022-11-05,Rejected,70806.36,0.106,0.2209,0.2624,0.5919,0.2405
CUST10388,Male,36,Married,Graduate,Yes,105890.33,0.0,22300.0,300,1,Semiurban,702,2022-08-01,Approved,105890.33,0.211,0.7589,0.8597,0.6537,0.3739
CUST10022,Female,40,Single,Graduate,No,137131.87,0.0,18800.0,360,1,Urban,851,2022-01-13,Rejected,137131.87,0.137,1.0,0.7185,0.917,0.4927
CUST11953,Female,27,Married,Graduate,No,32607.11,8186.68,4400.0,180,1,Urban,737,2024-12-05,Rejected,40793.79,0.108,0.1934,0.1372,0.7155,0.1264
CUST10124,Male,28,Married,Not Graduate,No,48765.63,16132.85,14600.0,360,1,Rural,422,2022-03-09,Rejected,64898.48,0.225,0.3181,0.5489,0.159,0.2181
CUST11820,Female,28,Single,Graduate,No,15521.28,6795.12,4100.0,360,1,Semiurban,694,2024-09-23,Rejected,22316.4,0.184,0.0616,0.1251,0.6396,0.0562
CUST10773,Female,58,Single,Not Graduate,No,48423.81,9618.57,8300.0,360,1,Urban,660,2023-02-28,Approved,58042.38,0.143,0.3155,0.2947,0.5795,0.192
CUST10880,Female,37,Single,Not Graduate,No,65902.92,15453.43,13100.0,360,1,Semiurban,763,2023-04-28,Approved,81356.35,0.161,0.4503,0.4884,0.7615,0.2806
CUST11144,Female,45,Divorced,Post Graduate,Yes,87088.97,6110.85,19300.0,360,1,Rural,645,2023-09-19,Approved,93199.82,0.207,0.6138,0.7386,0.553,0.3257
CUST11166,Female,40,Married,Graduate,No,29193.81,25005.47,6200.0,360,1,Semiurban,723,2023-10-01,Approved,54199.28,0.114,0.1671,0.2099,0.6908,0.1774
CUST10050,Male,50,Married,Not Graduate,No,98867.79,18550.58,15800.0,120,1,Semiurban,674,2022-01-28,Approved,117418.37,0.135,0.7047,0.5974,0.6042,0.4178
CUST11703,Female,28,Single,Graduate,Yes,48569.82,0.0,12400.0,360,1,Urban,556,2024-07-21,Approved,48569.82,0.255,0.3166,0.4601,0.3958,0.156
CUST11466,Female,37,Single,Post Graduate,No,20214.23,0.0,2700.0,12,1,Semiurban,517,2024-03-14,Approved,20214.23,0.134,0.0978,0.0686,0.3269,0.0482
CUST11105,Male,51,Married,Not Graduate,No,73342.81,0.0,8200.0,240,1,Urban,610,2023-08-29,Rejected,73342.81,0.112,0.5078,0.2906,0.4912,0.2502
CUST10703,Male,36,Single,Not Graduate,No,24852.81,10676.75,5200.0,360,1,Rural,653,2023-01-21,Rejected,35529.56,0.146,0.1336,0.1695,0.5671,0.1064
CUST10482,Female,41,Single,Graduate,Yes,19144.41,16372.34,4000.0,360,1,Semiurban,560,2022-09-22,Rejected,35516.75,0.113,0.0895,0.1211,0.4028,0.1064
CUST11145,Male,27,Single,Not Graduate,No,56552.26,29148.34,6800.0,360,1,Rural,580,2023-09-20,Rejected,85700.6,0.079,0.3782,0.2341,0.4382,0.2972
CUST11921,Male,26,Married,Not Graduate,No,63340.01,601.77,10200.0,360,1,Rural,669,2024-11-18,Approved,63941.78,0.16,0.4306,0.3713,0.5954,0.2144
CUST10066,Female,29,Married,Graduate,No,46519.34,0.0,6900.0,360,1,Semiurban,769,2022-02-06,Approved,46519.34,0.148,0.3008,0.2381,0.7721,0.1482
CUST11730,Female,41,Married,Graduate,No,24491.68,13073.52,2900.0,12,1,Urban,646,2024-08-05,Approved,37565.2,0.077,0.1308,0.0767,0.5548,0.1141
CUST10733,Female,52,Single,Not Graduate,Yes,20441.47,0.0,5000.0,360,1,Urban,544,2023-02-06,Approved,20441.47,0.245,0.0995,0.1615,0.3746,0.049
CUST11794,Male,52,Married,Graduate,No,96281.56,16890.41,14300.0,360,1,Rural,573,2024-09-09,Rejected,113171.97,0.126,0.6848,0.5368,0.4258,0.4016
CUST10801,Male,45,Divorced,Not Graduate,Yes,48423.81,0.0,8300.0,360,1,Urban,712,2023-03-15,Rejected,48423.81,0.171,0.3155,0.2947,0.6714,0.1554
CUST11555,Male,44,Married,Not Graduate,No,26942.24,43025.3,4400.0,240,1,Urban,613,2024-05-01,Approved,69967.54,0.063,0.1497,0.1372,0.4965,0.2373
CUST11478,Female,39,Single,Not Graduate,No,33726.24,100555.66,5900.0,360,1,Urban,681,2024-03-20,Approved,134281.9,0.044,0.2021,0.1978,0.6166,0.4819
CUST10907,Male,29,Married,Not Graduate,No,22955.96,0.0,2700.0,240,1,Urban,656,2023-05-12,Rejected,22955.96,0.118,0.1189,0.0686,0.5724,0.0586
CUST10031,Female,40,Married,Graduate,No,52937.31,28388.21,8700.0,360,1,Urban,626,2022-01-17,Rejected,81325.52,0.107,0.3503,0.3108,0.5194,0.2805
CUST10417,Male,37,Single,Post Graduate,No,29584.45,0.0,3800.0,240,1,Rural,665,2022-08-17,Approved,29584.45,0.128,0.1701,0.113,0.5883,0.0838
CUST10632,Male,54,Single,Graduate,No,96041.21,10981.96,11900.0,60,1,Urban,857,2022-12-13,Approved,107023.17,0.111,0.6829,0.44,0.9276,0.3782
CUST11693,Male,53,Single,Not Graduate,No,91323.74,4285.29,16400.0,360,1,Rural,638,2024-07-16,Rejected,95609.03,0.172,0.6465,0.6216,0.5406,0.3348
CUST11447,Female,30,Married,Graduate,Yes,59418.97,6761.63,11800.0,60,1,Rural,740,2024-03-03,Approved,66180.6,0.178,0.4003,0.4359,0.7208,0.2229
CUST10064,Female,43,Single,Not Graduate,No,72562.13,30068.18,11400.0,300,1,Urban,427,2022-02-05,Approved,102630.31,0.111,0.5017,0.4198,0.1678,0.3615
CUST11698,Female,46,Divorced,Graduate,No,23709.92,33432.85,5900.0,360,0,Urban,605,2024-07-19,Rejected,57142.77,0.103,0.1248,0.1978,0.4823,0.1886
CUST11615,Male,46,Married,Not Graduate,No,54896.54,45819.04,8800.0,360,1,Semiurban,413,2024-06-03,Approved,100715.58,0.087,0.3654,0.3148,0.1431,0.3543
CUST10077,Female,45,Single,Graduate,No,31107.74,0.0,5000.0,360,1,Semiurban,646,2022-02-12,Rejected,31107.74,0.161,0.1818,0.1615,0.5548,0.0896
CUST10491,Female,34,Married,Graduate,No,78726.39,23670.63,8800.0,360,1,Urban,717,2022-09-26,Rejected,102397.02,0.086,0.5493,0.3148,0.6802,0.3606
CUST11516,Male,35,Married,Not Graduate,No,48423.81,17825.78,8300.0,360,1,Urban,619,2024-04-10,Rejected,66249.59,0.125,0.3155,0.2947,0.5071,0.2232
CUST11534,Male,35,Single,Not Graduate,No,38282.03,9770.3,7900.0,360,1,Semiurban,642,2024-04-20,Rejected,48052.33,0.164,0.2372,0.2785,0.5477,0.154
CUST10532,Female,47,Married,Post Graduate,No,91764.68,2995.47,11700.0,360,1,Semiurban,715,2022-10-19,Approved,94760.15,0.123,0.6499,0.4319,0.6767,0.3316
CUST10065,Female,38,Married,Post Graduate,No,93428.99,26303.29,12800.0,360,1,Semiurban,685,2022-02-05,Approved,119732.28,0.107,0.6628,0.4763,0.6237,0.4266
CUST11699,Male,45,Single,Not Graduate,No,22831.18,19131.02,3800.0,360,1,Urban,594,2024-07-19,Approved,41962.2,0.091,0.118,0.113,0.4629,0.1309
CUST10296,Female,37,Married,Not Graduate,No,30952.82,13652.15,4500.0,360,1,Rural,653,2022-06-12,Approved,44604.97,0.101,0.1806,0.1413,0.5671,0.1409
CUST10591,Female,35,Married,Not Graduate,No,38310.98,0.0,12100.0,360,1,Rural,583,2022-11-20,Approved,38310.98,0.316,0.2374,0.448,0.4435,0.117
CUST10767,Male,19,Married,Graduate,No,49699.9,0.0,9300.0,360,0,Urban,735,2023-02-25,Approved,49699.9,0.187,0.3253,0.335,0.712,0.1603
CUST10724,Male,38,Widowed,Graduate,No,94065.08,13656.27,18500.0,360,1,Urban,642,2023-02-01,Approved,107721.35,0.172,0.6677,0.7064,0.5477,0.3809
CUST11433,Male,21,Widowed,Graduate,No,18699.22,5465.8,2700.0,240,0,Rural,583,2024-02-24,Approved,24165.02,0.112,0.0861,0.0686,0.4435,0.0632
CUST10626,Female,49,Widowed,Not Graduate,No,64535.37,48256.06,11600.0,180,1,Urban,643,2022-12-09,Approved,112791.43,0.103,0.4398,0.4279,0.5495,0.4002
CUST11491,Female,33,Married,Graduate,No,37866.77,0.0,5100.0,240,0,Rural,737,2024-03-27,Approved,37866.77,0.135,0.234,0.1655,0.7155,0.1153
CUST11957,Male,33,Single,Not Graduate,No,49272.92,47542.35,7900.0,360,1,Rural,827,2024-12-07,Approved,96815.27,0.082,0.322,0.2785,0.8746,0.3394
CUST11212,Female,31,Married,Graduate,No,83124.62,0.0,14800.0,360,0,Rural,729,2023-10-26,Rejected,83124.62,0.178,0.5832,0.557,0.7014,0.2874
CUST11620,Male,38,Single,Graduate,No,48423.81,7864.47,8300.0,120,1,Semiurban,682,2024-06-06,Approved,56288.28,0.147,0.3155,0.2947,0.6184,0.1853
CUST10251,Male,33,Married,Graduate,Yes,64224.95,12792.97,14100.0,360,0,Semiurban,645,2022-05-18,Rejected,77017.92,0.183,0.4374,0.5288,0.553,0.2642
CUST11829,Female,58,Married,Graduate,No,46435.8,0.0,8600.0,360,1,Semiurban,660,2024-09-28,Rejected,46435.8,0.185,0.3001,0.3068,0.5795,0.1479
CUST11767,Male,48,Single,Not Graduate,No,38124.56,41221.48,11800.0,180,1,Rural,803,2024-08-25,Approved,79346.04,0.149,0.236,0.4359,0.8322,0.273
CUST11913,Female,41,Single,Not Graduate,No,38848.29,47807.12,4300.0,360,1,Semiurban,536,2024-11-13,Rejected,86655.41,0.05,0.2416,0.1332,0.3604,0.3008
CUST10982,Male,54,Widowed,Not Graduate,No,36946.4,3512.7,6300.0,60,1,Semiurban,534,2023-06-22,Rejected,40459.1,0.156,0.2269,0.2139,0.3569,0.1252
CUST11782,Male,55,Married,Not Graduate,No,55490.41,13158.19,7700.0,360,1,Semiurban,686,2024-09-03,Approved,68648.6,0.112,0.37,0.2704,0.6254,0.2323
CUST10706,Female,30,Married,Graduate,No,46203.88,17796.62,7800.0,60,1,Semiurban,614,2023-01-22,Approved,64000.5,0.122,0.2983,0.2745,0.4982,0.2147
CUST10487,Male,27,Single,Graduate,No,32711.45,79716.03,8300.0,360,1,Urban,789,2022-09-24,Rejected,112427.48,0.074,0.1942,0.2947,0.8074,0.3988
CUST10273,Female,62,Single,Graduate,No,47298.01,21647.31,11900.0,360,1,Semiurban,653,2022-05-30,Rejected,68945.32,0.173,0.3068,0.44,0.5671,0.2335
CUST11719,Female,23,Widowed,Not Graduate,No,58529.14,0.0,9500.0,360,1,Urban,653,2024-07-30,Rejected,58529.14,0.162,0.3934,0.3431,0.5671,0.1939
CUST11678,Male,37,Divorced,Graduate,No,68863.35,9627.1,17400.0,120,1,Rural,643,2024-07-08,Approved,78490.45,0.222,0.4732,0.662,0.5495,0.2698
CUST10963,Male,27,Widowed,Graduate,No,53285.58,23285.0,7900.0,360,1,Urban,661,2023-06-12,Rejected,76570.58,0.103,0.353,0.2785,0.5813,0.2625
CUST10877,Male,49,Single,Graduate,No,85754.18,0.0,23800.0,180,1,Semiurban,774,2023-04-26,Rejected,85754.18,0.278,0.6035,0.9203,0.7809,0.2974
CUST11647,Female,23,Single,Graduate,No,59720.17,9369.11,10600.0,360,1,Urban,654,2024-06-21,Approved,69089.28,0.153,0.4026,0.3875,0.5689,0.234
CUST11822,Female,43,Married,Graduate,No,23696.86,0.0,2900.0,360,1,Urban,665,2024-09-25,Rejected,23696.86,0.122,0.1247,0.0767,0.5883,0.0614
CUST10411,Female,50,Widowed,Not Graduate,No,65515.65,0.0,21200.0,12,1,Semiurban,590,2022-08-14,Rejected,65515.65,0.324,0.4474,0.8153,0.4558,0.2204
CUST10667,Female,55,Married,Not Graduate,Yes,35044.19,89911.91,4700.0,360,1,Semiurban,677,2023-01-01,Rejected,124956.1,0.038,0.2122,0.1493,0.6095,0.4464
CUST11262,Male,51,Single,Post Graduate,No,45385.7,4227.2,9800.0,360,1,Urban,619,2023-11-23,Approved,49612.9,0.198,0.292,0.3552,0.5071,0.16
CUST10149,Male,35,Married,Post Graduate,No,16266.18,6667.53,3600.0,60,1,Urban,592,2022-03-23,Approved,22933.71,0.157,0.0673,0.1049,0.4594,0.0585
CUST10644,Female,49,Married,Not Graduate,No,45863.22,14610.01,10500.0,60,1,Rural,701,2022-12-19,Approved,60473.23,0.174,0.2957,0.3835,0.6519,0.2012
CUST10218,Female,25,Divorced,Graduate,Yes,80373.51,51560.81,11600.0,240,1,Urban,742,2022-04-30,Rejected,131934.32,0.088,0.562,0.4279,0.7244,0.473
CUST10239,Male,40,Married,Not Graduate,No,47137.11,0.0,12000.0,180,1,Rural,652,2022-05-11,Approved,47137.11,0.255,0.3055,0.444,0.5654,0.1505
CUST11131,Female,25,Married,Not Graduate,No,119010.95,4768.82,13300.0,360,0,Rural,672,2023-09-12,Rejected,123779.77,0.107,0.8602,0.4965,0.6007,0.4419
CUST11216,Male,46,Divorced,Not Graduate,Yes,32573.99,7054.75,7300.0,360,0,Urban,672,2023-10-29,Approved,39628.74,0.184,0.1932,0.2543,0.6007,0.122
CUST10792,Male,38,Married,Not Graduate,No,103806.31,25558.9,14000.0,360,1,Rural,679,2023-03-10,Approved,129365.21,0.108,0.7428,0.5247,0.6131,0.4632
CUST10191,Male,28,Married,Not Graduate,Yes,28153.88,0.0,3700.0,360,1,Urban,565,2022-04-15,Rejected,28153.88,0.131,0.1591,0.109,0.4117,0.0784
CUST10333,Male,49,Married,Not Graduate,No,51411.07,18594.24,5900.0,360,1,Semiurban,665,2022-07-02,Approved,70005.31,0.084,0.3385,0.1978,0.5883,0.2375
CUST11329,Male,30,Single,Not Graduate,No,43344.56,11524.01,6100.0,360,1,Semiurban,727,2023-12-29,Rejected,54868.57,0.111,0.2763,0.2059,0.6979,0.1799
CUST11332,Female,50,Single,Not Graduate,No,29597.57,29062.6,4400.0,180,0,Rural,743,2023-12-31,Rejected,58660.17,0.075,0.1702,0.1372,0.7261,0.1944
CUST10962,Male,58,Single,Post Graduate,No,55443.5,0.0,8900.0,360,1,Urban,648,2023-06-11,Approved,55443.5,0.161,0.3696,0.3189,0.5583,0.1821
CUST11371,Female,44,Married,Graduate,No,78557.88,2624.45,22400.0,120,0,Urban,556,2024-01-21,Approved,81182.33,0.276,0.548,0.8638,0.3958,0.28
CUST11961,Female,35,Married,Graduate,Yes,55441.74,7618.23,15700.0,180,0,Urban,621,2024-12-10,Rejected,63059.97,0.249,0.3696,0.5933,0.5106,0.2111
CUST11660,Male,47,Single,Not Graduate,Yes,49566.43,2902.52,13500.0,360,1,Semiurban,644,2024-06-28,Approved,52468.95,0.257,0.3243,0.5045,0.5512,0.1708
CUST11625,Male,45,Married,Graduate,No,30438.92,13813.14,3900.0,180,1,Semiurban,515,2024-06-09,Rejected,44252.06,0.088,0.1767,0.1171,0.3233,0.1396
CUST10582,Male,20,Widowed,Graduate,No,57868.62,9869.44,8300.0,60,1,Rural,658,2022-11-15,Rejected,67738.06,0.123,0.3884,0.2947,0.576,0.2289
CUST11929,Female,30,Married,Graduate,No,36225.48,4269.58,5500.0,360,1,Rural,638,2024-11-22,Approved,40495.06,0.136,0.2213,0.1816,0.5406,0.1253
CUST11442,Male,35,Married,Not Graduate,No,28919.77,0.0,8100.0,60,1,Rural,598,2024-02-29,Approved,28919.77,0.28,0.165,0.2866,0.47,0.0813
CUST10839,Female,50,Married,Post Graduate,No,20358.47,4101.57,4500.0,360,1,Urban,652,2023-04-05,Rejected,24460.04,0.184,0.0989,0.1413,0.5654,0.0643
CUST10627,Male,37,Married,Not Graduate,No,73281.72,5020.96,13800.0,180,1,Urban,634,2022-12-10,Rejected,78302.68,0.176,0.5073,0.5166,0.5336,0.269
CUST10323,Female,32,Single,Graduate,No,49241.29,70491.25,15900.0,360,1,Semiurban,714,2022-06-26,Approved,119732.54,0.133,0.3218,0.6014,0.6749,0.4266
CUST11651,Male,20,Single,Not Graduate,No,76052.2,0.0,12500.0,12,1,Urban,577,2024-06-23,Approved,76052.2,0.164,0.5287,0.4642,0.4329,0.2605
CUST11160,Male,46,Single,Graduate,No,20482.44,0.0,3800.0,240,1,Urban,648,2023-09-28,Approved,20482.44,0.186,0.0999,0.113,0.5583,0.0492
CUST10778,Male,33,Married,Not Graduate,No,52076.56,0.0,7200.0,360,0,Semiurban,670,2023-03-03,Approved,52076.56,0.138,0.3437,0.2503,0.5972,0.1693
CUST11076,Female,44,Widowed,Graduate,No,132657.97,0.0,19300.0,360,1,Urban,599,2023-08-13,Approved,132657.97,0.145,0.9655,0.7386,0.4717,0.4757
CUST10939,Male,31,Married,Graduate,No,78747.88,15092.85,19400.0,360,1,Urban,780,2023-05-30,Approved,93840.73,0.207,0.5495,0.7427,0.7915,0.3281
CUST10437,Female,20,Single,Graduate,No,34759.81,23091.36,7600.0,180,1,Urban,685,2022-08-28,Approved,57851.17,0.131,0.21,0.2664,0.6237,0.1913
CUST10119,Female,39,Single,Post Graduate,No,84326.66,10831.38,25200.0,120,0,Semiurban,635,2022-03-07,Approved,95158.04,0.265,0.5925,0.9768,0.5353,0.3331
CUST11419,Female,38,Married,Not Graduate,No,19132.24,0.0,4400.0,360,1,Urban,716,2024-02-17,Approved,19132.24,0.23,0.0894,0.1372,0.6784,0.0441
CUST11571,Female,42,Married,Not Graduate,No,28241.61,0.0,3600.0,360,1,Urban,586,2024-05-10,Rejected,28241.61,0.127,0.1597,0.1049,0.4488,0.0787
CUST11026,Female,55,Married,Not Graduate,Yes,137131.87,15221.63,23300.0,360,1,Rural,625,2023-07-17,Approved,152353.5,0.153,1.0,0.9001,0.5177,0.5506
CUST11253,Female,49,Married,Graduate,No,93383.89,0.0,20000.0,240,1,Urban,675,2023-11-18,Approved,93383.89,0.214,0.6624,0.7669,0.606,0.3264
CUST11386,Male,46,Married,Graduate,No,44134.38,4756.69,7000.0,60,0,Urban,587,2024-01-30,Approved,48891.07,0.143,0.2824,0.2422,0.4505,0.1572
CUST10076,Male,33,Married,Graduate,No,44849.89,17771.71,10900.0,120,1,Semiurban,770,2022-02-11,Rejected,62621.6,0.174,0.2879,0.3996,0.7739,0.2094
CUST11053,Male,35,Married,Graduate,No,42541.39,0.0,4900.0,360,1,Urban,809,2023-07-31,Approved,42541.39,0.115,0.2701,0.1574,0.8428,0.1331
CUST10900,Female,55,Married,Graduate,No,26353.41,74095.81,5700.0,240,1,Semiurban,819,2023-05-08,Rejected,100449.22,0.057,0.1452,0.1897,0.8604,0.3532
CUST10371,Male,38,Married,Not Graduate,No,71661.35,11320.04,9000.0,360,1,Urban,685,2022-07-23,Approved,82981.39,0.108,0.4948,0.3229,0.6237,0.2868
CUST11873,Female,41,Married,Post Graduate,No,92325.09,0.0,20200.0,360,1,Semiurban,558,2024-10-22,Approved,92325.09,0.219,0.6542,0.775,0.3993,0.3224
CUST11449,Male,21,Single,Graduate,No,39925.46,0.0,4800.0,360,1,Semiurban,639,2024-03-04,Rejected,39925.46,0.12,0.2499,0.1534,0.5424,0.1231
CUST11987,Female,29,Married,Not Graduate,No,94024.81,0.0,14700.0,180,1,Urban,696,2024-12-24,Approved,94024.81,0.156,0.6674,0.553,0.6431,0.3288
CUST10941,Female,49,Single,Graduate,No,32061.7,0.0,7400.0,120,1,Rural,497,2023-05-31,Approved,32061.7,0.231,0.1892,0.2583,0.2915,0.0932
CUST10577,Female,41,Married,Graduate,Yes,40291.17,0.0,5200.0,12,1,Semiurban,672,2022-11-13,Approved,40291.17,0.129,0.2527,0.1695,0.6007,0.1245
CUST10819,Male,33,Married,Not Graduate,No,64546.62,3739.74,12800.0,60,1,Urban,735,2023-03-25,Approved,68286.36,0.187,0.4399,0.4763,0.712,0.231
CUST11476,Female,38,Married,Graduate,No,39493.65,13637.91,6600.0,360,1,Rural,716,2024-03-19,Approved,53131.56,0.124,0.2466,0.226,0.6784,0.1733
CUST11900,Female,38,Single,Not Graduate,No,40807.12,0.0,7200.0,360,1,Urban,649,2024-11-06,Approved,40807.12,0.176,0.2567,0.2503,0.5601,0.1265
CUST11742,Male,36,Married,Graduate,No,63234.84,34802.01,9500.0,36,0,Semiurban,809,2024-08-12,Approved,98036.85,0.097,0.4298,0.3431,0.8428,0.3441
CUST11741,Male,30,Married,Graduate,No,53521.32,0.0,7600.0,180,0,Urban,795,2024-08-11,Rejected,53521.32,0.142,0.3548,0.2664,0.818,0.1748
CUST10886,Female,50,Single,Graduate,No,90526.24,14922.6,25775.0,180,1,Urban,695,2023-05-01,Approved,105448.84,0.244,0.6404,1.0,0.6413,0.3723
CUST10968,Female,38,Married,Graduate,No,75528.58,2200.13,23600.0,360,1,Semiurban,708,2023-06-15,Approved,77728.71,0.304,0.5246,0.9122,0.6643,0.2669
CUST11605,Male,46,Married,Post Graduate,Yes,29965.31,8408.48,3600.0,300,0,Urban,754,2024-05-29,Approved,38373.79,0.094,0.173,0.1049,0.7456,0.1172
CUST10785,Female,29,Divorced,Graduate,No,75488.61,25163.93,10300.0,360,1,Semiurban,568,2023-03-07,Approved,100652.54,0.102,0.5243,0.3754,0.417,0.354
CUST11549,Male,40,Married,Not Graduate,No,31715.11,1774.15,6200.0,60,1,Rural,560,2024-04-28,Approved,33489.26,0.185,0.1865,0.2099,0.4028,0.0987
CUST11690,Female,22,Married,Not Graduate,No,112826.56,5240.33,25775.0,360,1,Semiurban,623,2024-07-14,Rejected,118066.89,0.218,0.8124,1.0,0.5141,0.4202
CUST11617,Female,42,Widowed,Graduate,Yes,50771.36,0.0,16200.0,180,1,Semiurban,629,2024-06-04,Approved,50771.36,0.319,0.3336,0.6135,0.5247,0.1644
CUST10301,Male,38,Divorced,Graduate,No,28647.81,5917.56,3900.0,360,1,Rural,650,2022-06-14,Approved,34565.37,0.113,0.1629,0.1171,0.5618,0.1027
CUST10689,Female,54,Single,Graduate,No,26578.71,10862.07,3100.0,360,1,Semiurban,608,2023-01-13,Rejected,37440.78,0.083,0.1469,0.0848,0.4876,0.1137
CUST10812,Female,57,Widowed,Not Graduate,No,54622.91,24548.02,10500.0,360,1,Urban,472,2023-03-21,Rejected,79170.93,0.133,0.3633,0.3835,0.2473,0.2723
CUST11061,Female,31,Married,Not Graduate,No,51102.54,0.0,10400.0,120,1,Urban,649,2023-08-05,Approved,51102.54,0.204,0.3361,0.3794,0.5601,0.1656
CUST10236,Female,28,Married,Graduate,No,16207.12,0.0,2500.0,120,1,Semiurban,738,2022-05-10,Rejected,16207.12,0.154,0.0669,0.0605,0.7173,0.0329
CUST11115,Male,47,Single,Not Graduate,No,34665.94,0.0,7200.0,12,1,Rural,523,2023-09-03,Rejected,34665.94,0.208,0.2093,0.2503,0.3375,0.1031
CUST11363,Male,50,Married,Not Graduate,Yes,57464.1,5178.79,7300.0,360,1,Urban,786,2024-01-17,Rejected,62642.89,0.117,0.3852,0.2543,0.8021,0.2095
CUST10499,Female,33,Married,Graduate,No,61518.97,12287.16,9300.0,360,1,Urban,693,2022-10-01,Rejected,73806.13,0.126,0.4165,0.335,0.6378,0.2519
CUST11665,Female,42,Single,Graduate,Yes,24150.53,37302.33,4500.0,360,1,Rural,581,2024-07-01,Rejected,61452.86,0.073,0.1282,0.1413,0.4399,0.205
CUST11079,Male,50,Single,Not Graduate,No,50602.71,6600.6,5700.0,180,1,Rural,449,2023-08-15,Approved,57203.31,0.1,0.3323,0.1897,0.2067,0.1888
CUST11326,Female,46,Married,Post Graduate,No,137131.87,9624.66,25775.0,360,0,Urban,636,2023-12-28,Rejected,146756.53,0.176,1.0,1.0,0.5371,0.5293
CUST10794,Male,46,Single,Graduate,No,75429.5,16652.73,9500.0,360,1,Rural,542,2023-03-11,Approved,92082.23,0.103,0.5239,0.3431,0.371,0.3214
CUST11934,Male,30,Married,Graduate,No,74400.21,0.0,8800.0,360,1,Rural,582,2024-11-25,Approved,74400.21,0.118,0.5159,0.3148,0.4417,0.2542
CUST11539,Female,54,Married,Not Graduate,No,45410.33,60791.19,6700.0,360,1,Urban,490,2024-04-23,Approved,106201.52,0.063,0.2922,0.2301,0.2792,0.3751
CUST11942,Female,58,Married,Not Graduate,Yes,53839.28,74220.14,7900.0,300,0,Urban,676,2024-11-29,Approved,128059.42,0.062,0.3573,0.2785,0.6078,0.4582
CUST10990,Female,40,Single,Graduate,No,32644.35,36996.19,7500.0,60,1,Semiurban,770,2023-06-27,Rejected,69640.54,0.108,0.1937,0.2624,0.7739,0.2361
CUST11379,Female,39,Married,Graduate,No,78927.51,0.0,9400.0,180,1,Semiurban,711,2024-01-26,Approved,78927.51,0.119,0.5509,0.3391,0.6696,0.2714
CUST10934,Male,34,Single,Post Graduate,No,28153.99,10038.6,9200.0,360,1,Urban,699,2023-05-27,Approved,38192.59,0.241,0.1591,0.331,0.6484,0.1165
CUST10387,Female,38,Divorced,Graduate,No,53957.22,17612.21,11700.0,360,1,Urban,686,2022-07-31,Rejected,71569.43,0.163,0.3582,0.4319,0.6254,0.2434
CUST11477,Female,38,Single,Graduate,No,13077.71,37540.32,2500.0,180,1,Urban,565,2024-03-20,Approved,50618.03,0.049,0.0427,0.0605,0.4117,0.1638
CUST10390,Female,27,Single,Not Graduate,No,40719.47,15361.71,10200.0,360,1,Rural,754,2022-08-02,Rejected,56081.18,0.182,0.256,0.3713,0.7456,0.1846
CUST10743,Male,42,Single,Graduate,Yes,104027.6,7243.33,22700.0,120,0,Semiurban,653,2023-02-11,Approved,111270.93,0.204,0.7445,0.8759,0.5671,0.3944
CUST10352,Female,38,Married,Post Graduate,No,31738.95,5637.7,4500.0,360,1,Semiurban,539,2022-07-12,Rejected,37376.65,0.12,0.1867,0.1413,0.3657,0.1134
CUST11217,Female,49,Single,Graduate,No,57196.34,0.0,6800.0,360,1,Semiurban,668,2023-10-29,Rejected,57196.34,0.119,0.3832,0.2341,0.5936,0.1888
CUST10235,Female,38,Single,Not Graduate,Yes,24668.92,13894.1,5200.0,180,1,Rural,586,2022-05-09,Approved,38563.02,0.135,0.1322,0.1695,0.4488,0.1179
CUST11716,Male,44,Married,Graduate,No,63321.66,2913.13,7700.0,60,1,Semiurban,797,2024-07-28,Approved,66234.79,0.116,0.4304,0.2704,0.8216,0.2232
CUST10480,Female,27,Single,Graduate,No,84689.8,6792.25,10100.0,240,0,Urban,669,2022-09-20,Approved,91482.05,0.11,0.5953,0.3673,0.5954,0.3191
CUST10567,Male,36,Single,Post Graduate,No,59045.39,0.0,10200.0,12,1,Rural,661,2022-11-07,Approved,59045.39,0.173,0.3974,0.3713,0.5813,0.1958
CUST11140,Female,26,Married,Not Graduate,No,45615.72,0.0,8700.0,360,1,Urban,616,2023-09-17,Approved,45615.72,0.191,0.2938,0.3108,0.5018,0.1448
CUST11691,Female,54,Single,Graduate,No,137131.87,2482.22,25775.0,360,1,Rural,571,2024-07-15,Approved,139614.09,0.185,1.0,1.0,0.4223,0.5022
CUST11874,Male,26,Single,Post Graduate,No,33963.61,53312.98,4800.0,360,1,Semiurban,601,2024-10-23,Rejected,87276.59,0.055,0.2039,0.1534,0.4753,0.3032
CUST11574,Male,37,Single,Not Graduate,Yes,41768.35,15219.14,5700.0,360,1,Urban,733,2024-05-12,Approved,56987.49,0.1,0.2641,0.1897,0.7085,0.188
CUST10120,Female,24,Married,Graduate,Yes,48423.81,25786.1,8300.0,120,1,Urban,618,2022-03-07,Approved,74209.91,0.112,0.3155,0.2947,0.5053,0.2535
CUST11737,Male,38,Married,Not Graduate,No,81248.67,5516.96,12800.0,36,1,Rural,646,2024-08-09,Rejected,86765.63,0.148,0.5688,0.4763,0.5548,0.3012
CUST11024,Female,38,Married,Post Graduate,No,40246.5,17929.79,9100.0,240,1,Semiurban,594,2023-07-15,Rejected,58176.29,0.156,0.2524,0.3269,0.4629,0.1925
CUST11086,Male,37,Married,Post Graduate,No,26875.13,0.0,5000.0,36,1,Urban,758,2023-08-18,Rejected,26875.13,0.186,0.1492,0.1615,0.7527,0.0735
CUST11272,Female,37,Married,Not Graduate,No,94394.13,54498.25,12800.0,360,1,Urban,641,2023-11-28,Approved,148892.38,0.086,0.6702,0.4763,0.5459,0.5374
CUST10926,Male,48,Single,Graduate,No,66986.91,7786.47,9100.0,36,1,Urban,680,2023-05-23,Rejected,74773.38,0.122,0.4587,0.3269,0.6148,0.2556
CUST10515,Male,33,Widowed,Graduate,No,100312.02,5041.9,12900.0,360,1,Rural,536,2022-10-10,Rejected,105353.92,0.122,0.7159,0.4803,0.3604,0.3719
CUST10223,Female,45,Married,Graduate,No,39339.21,4237.85,4600.0,360,1,Semiurban,704,2022-05-03,Approved,43577.06,0.106,0.2454,0.1453,0.6572,0.137
CUST11485,Male,60,Single,Graduate,Yes,64222.98,6807.99,8300.0,360,1,Rural,614,2024-03-24,Approved,71030.97,0.117,0.4374,0.2947,0.4982,0.2414
CUST10843,Female,44,Married,Not Graduate,No,43937.53,0.0,5200.0,360,1,Semiurban,849,2023-04-07,Rejected,43937.53,0.118,0.2808,0.1695,0.9134,0.1384
CUST11245,Male,32,Married,Graduate,No,135599.8,8878.36,25775.0,360,1,Urban,551,2023-11-13,Approved,144478.16,0.178,0.9882,1.0,0.3869,0.5206
CUST10052,Female,26,Single,Graduate,Yes,44387.54,0.0,7400.0,36,1,Urban,674,2022-01-29,Rejected,44387.54,0.167,0.2843,0.2583,0.6042,0.1401
CUST11853,Male,37,Single,Post Graduate,No,53266.38,6133.6,9100.0,360,1,Semiurban,610,2024-10-12,Rejected,59399.98,0.153,0.3528,0.3269,0.4912,0.1972
CUST10485,Female,39,Married,Not Graduate,No,137131.87,0.0,25775.0,120,0,Semiurban,706,2022-09-23,Approved,137131.87,0.188,1.0,1.0,0.6608,0.4927
CUST11925,Male,33,Married,Not Graduate,Yes,109740.78,0.0,17100.0,360,1,Urban,648,2024-11-20,Approved,109740.78,0.156,0.7886,0.6498,0.5583,0.3886
CUST10818,Female,36,Single,Not Graduate,No,67145.75,3144.84,8600.0,240,1,Semiurban,772,2023-03-25,Rejected,70290.59,0.122,0.4599,0.3068,0.7774,0.2386
CUST10155,Female,42,Widowed,Not Graduate,No,48704.1,16231.6,7100.0,60,1,Urban,715,2022-03-26,Approved,64935.7,0.109,0.3176,0.2462,0.6767,0.2182
CUST11366,Male,35,Single,Not Graduate,Yes,45240.75,0.0,13700.0,120,1,Urban,772,2024-01-19,Approved,45240.75,0.303,0.2909,0.5126,0.7774,0.1433
CUST10600,Female,34,Widowed,Not Graduate,No,137131.87,0.0,25775.0,120,1,Semiurban,696,2022-11-25,Rejected,137131.87,0.188,1.0,1.0,0.6431,0.4927
CUST11611,Male,46,Divorced,Post Graduate,No,75920.05,0.0,10900.0,360,1,Urban,659,2024-06-01,Approved,75920.05,0.144,0.5276,0.3996,0.5777,0.26
CUST10248,Female,45,Married,Not Graduate,No,43570.81,6575.45,8300.0,360,0,Semiurban,601,2022-05-16,Approved,50146.26,0.166,0.278,0.2947,0.4753,0.162
CUST10761,Male,39,Single,Graduate,No,58766.55,0.0,15800.0,360,1,Rural,816,2023-02-21,Rejected,58766.55,0.269,0.3953,0.5974,0.8551,0.1948
CUST11837,Female,34,Married,Graduate,No,137131.87,12477.76,25775.0,120,1,Urban,583,2024-10-03,Approved,149609.63,0.172,1.0,1.0,0.4435,0.5402
CUST11130,Female,46,Married,Post Graduate,Yes,114281.74,0.0,25775.0,360,1,Semiurban,715,2023-09-11,Approved,114281.74,0.226,0.8237,1.0,0.6767,0.4058
CUST10542,Female,38,Married,Not Graduate,No,71111.93,10505.24,10000.0,180,1,Semiurban,635,2022-10-24,Approved,81617.17,0.123,0.4905,0.3633,0.5353,0.2816
CUST10793,Male,36,Single,Graduate,No,33948.65,13937.66,4300.0,240,1,Rural,672,2023-03-11,Approved,47886.31,0.09,0.2038,0.1332,0.6007,0.1534
CUST11141,Female,53,Divorced,Graduate,No,49093.35,0.0,8300.0,360,1,Urban,428,2023-09-18,Rejected,49093.35,0.169,0.3206,0.2947,0.1696,0.158
CUST11463,Male,40,Single,Graduate,No,67220.34,23610.7,8700.0,360,0,Semiurban,565,2024-03-12,Approved,90831.04,0.096,0.4605,0.3108,0.4117,0.3167
CUST10628,Female,42,Widowed,Graduate,No,35292.5,0.0,11000.0,360,1,Semiurban,799,2022-12-11,Approved,35292.5,0.312,0.2141,0.4036,0.8251,0.1055
CUST10150,Female,32,Single,Graduate,No,31163.36,2857.99,4200.0,360,1,Urban,696,2022-03-24,Rejected,34021.35,0.123,0.1823,0.1292,0.6431,0.1007
CUST11650,Male,47,Widowed,Graduate,No,31415.01,4109.19,7000.0,120,1,Semiurban,763,2024-06-22,Rejected,35524.2,0.197,0.1842,0.2422,0.7615,0.1064
CUST10291,Male,21,Married,Graduate,No,48423.81,18289.44,8300.0,360,1,Rural,793,2022-06-09,Approved,66713.25,0.124,0.3155,0.2947,0.8145,0.225
CUST10381,Female,68,Married,Graduate,No,91739.26,20444.06,14500.0,360,1,Urban,714,2022-07-28,Approved,112183.32,0.129,0.6497,0.5449,0.6749,0.3979
CUST10686,Female,37,Single,Graduate,No,107991.62,0.0,16100.0,120,1,Urban,563,2023-01-11,Approved,107991.62,0.149,0.7751,0.6095,0.4081,0.3819
CUST11367,Male,40,Married,Graduate,No,80553.12,55690.82,15800.0,240,1,Urban,653,2024-01-19,Rejected,136243.94,0.116,0.5634,0.5974,0.5671,0.4893
CUST11224,Male,42,Widowed,Not Graduate,No,40763.53,0.0,5100.0,360,1,Rural,645,2023-11-02,Approved,40763.53,0.125,0.2564,0.1655,0.553,0.1263
CUST10897,Male,38,Married,Graduate,Yes,23354.75,3313.18,4200.0,360,1,Semiurban,548,2023-05-07,Approved,26667.93,0.157,0.122,0.1292,0.3816,0.0727
CUST10854,Male,23,Single,Graduate,No,47199.88,3277.37,8000.0,360,1,Semiurban,694,2023-04-13,Rejected,50477.25,0.158,0.306,0.2825,0.6396,0.1632
CUST11071,Female,46,Married,Graduate,No,137131.87,0.0,19300.0,360,1,Rural,710,2023-08-10,Approved,137131.87,0.141,1.0,0.7386,0.6678,0.4927
CUST10808,Female,48,Married,Graduate,No,13607.71,8478.25,1800.0,120,1,Semiurban,739,2023-03-19,Approved,22085.96,0.081,0.0468,0.0323,0.7191,0.0553
CUST11697,Female,47,Single,Post Graduate,No,25318.12,0.0,4100.0,360,1,Semiurban,673,2024-07-18,Approved,25318.12,0.162,0.1372,0.1251,0.6025,0.0676
CUST10891,Female,32,Married,Graduate,No,51738.79,8967.38,6000.0,360,1,Semiurban,749,2023-05-04,Approved,60706.17,0.099,0.341,0.2018,0.7367,0.2021
CUST11766,Female,46,Married,Graduate,No,21822.53,0.0,3600.0,360,1,Semiurban,656,2024-08-25,Rejected,21822.53,0.165,0.1102,0.1049,0.5724,0.0543
CUST11364,Female,47,Married,Post Graduate,No,56131.61,14263.96,14100.0,360,1,Rural,585,2024-01-18,Rejected,70395.57,0.2,0.3749,0.5288,0.447,0.239
CUST10615,Male,63,Single,Graduate,No,30050.1,37555.19,4500.0,360,1,Semiurban,652,2022-12-03,Rejected,67605.29,0.067,0.1737,0.1413,0.5654,0.2284
CUST10154,Male,40,Married,Not Graduate,No,24137.6,0.0,5800.0,300,0,Semiurban,622,2022-03-26,Approved,24137.6,0.24,0.1281,0.1937,0.5124,0.0631
CUST11193,Female,58,Married,Post Graduate,No,39187.51,0.0,6300.0,360,1,Urban,853,2023-10-16,Approved,39187.51,0.161,0.2442,0.2139,0.9205,0.1203
CUST11723,Female,30,Married,Graduate,Yes,46396.67,6803.77,5400.0,180,0,Semiurban,749,2024-08-01,Rejected,53200.44,0.102,0.2998,0.1776,0.7367,0.1736
CUST11790,Male,34,Married,Not Graduate,No,137131.87,19853.96,25775.0,360,1,Rural,757,2024-09-07,Approved,156985.83,0.164,1.0,1.0,0.7509,0.5682
CUST10322,Male,38,Single,Graduate,No,48423.81,0.0,8300.0,360,1,Urban,619,2022-06-26,Rejected,48423.81,0.171,0.3155,0.2947,0.5071,0.1554
CUST11556,Female,23,Married,Graduate,No,101607.3,0.0,12100.0,120,1,Rural,751,2024-05-02,Rejected,101607.3,0.119,0.7259,0.448,0.7403,0.3576
CUST10082,Female,49,Married,Not Graduate,No,22732.92,32544.62,3500.0,360,1,Rural,702,2022-02-14,Rejected,55277.54,0.063,0.1172,0.1009,0.6537,0.1815
CUST10512,Male,53,Married,Graduate,No,35546.59,0.0,5200.0,180,1,Semiurban,609,2022-10-08,Rejected,35546.59,0.146,0.2161,0.1695,0.4894,0.1065
CUST11535,Female,25,Married,Post Graduate,No,97716.16,33546.55,16600.0,360,1,Urban,687,2024-04-20,Approved,131262.71,0.126,0.6958,0.6297,0.6272,0.4704
CUST11494,Female,38,Married,Graduate,No,34031.42,0.0,7200.0,180,1,Rural,639,2024-03-29,Rejected,34031.42,0.212,0.2044,0.2503,0.5424,0.1007
CUST10929,Male,38,Married,Graduate,No,29442.06,12242.55,4300.0,36,1,Semiurban,632,2023-05-24,Rejected,41684.61,0.103,0.169,0.1332,0.53,0.1298
CUST11847,Female,36,Married,Not Graduate,Yes,58411.7,11171.08,7400.0,36,1,Urban,634,2024-10-08,Approved,69582.78,0.106,0.3925,0.2583,0.5336,0.2359
CUST11357,Female,36,Single,Graduate,No,62173.62,33943.1,13300.0,360,1,Urban,639,2024-01-14,Approved,96116.72,0.138,0.4216,0.4965,0.5424,0.3368
CUST10010,Female,43,Single,Graduate,No,23377.51,11732.73,3100.0,360,0,Semiurban,653,2022-01-06,Rejected,35110.24,0.088,0.1222,0.0848,0.5671,0.1048
CUST10831,Female,38,Single,Not Graduate,No,24888.67,3594.44,7100.0,360,1,Rural,714,2023-04-01,Rejected,28483.11,0.249,0.1339,0.2462,0.6749,0.0796
CUST10032,Male,30,Single,Not Graduate,No,19483.05,0.0,3000.0,12,1,Rural,645,2022-01-18,Approved,19483.05,0.154,0.0921,0.0807,0.553,0.0454
CUST11524,Male,38,Married,Post Graduate,Yes,122714.04,0.0,22500.0,360,1,Rural,490,2024-04-14,Approved,122714.04,0.183,0.8887,0.8678,0.2792,0.4379
CUST10413,Male,28,Single,Graduate,No,33109.42,10846.29,6200.0,180,1,Urban,640,2022-08-15,Approved,43955.71,0.141,0.1973,0.2099,0.5442,0.1384
CUST10580,Female,50,Married,Not Graduate,Yes,35429.35,6368.05,5700.0,300,1,Urban,645,2022-11-14,Rejected,41797.4,0.136,0.2152,0.1897,0.553,0.1302
CUST11406,Female,38,Married,Post Graduate,No,48423.81,30358.25,8300.0,360,0,Urban,796,2024-02-10,Rejected,78782.06,0.105,0.3155,0.2947,0.8198,0.2709
CUST11559,Male,42,Single,Graduate,No,114471.87,1590.19,15600.0,180,1,Rural,648,2024-05-03,Rejected,116062.06,0.134,0.8251,0.5893,0.5583,0.4126
CUST11502,Female,28,Married,Not Graduate,No,26429.78,0.0,7100.0,120,1,Rural,600,2024-04-02,Approved,26429.78,0.269,0.1457,0.2462,0.4735,0.0718
CUST11916,Female,27,Married,Not Graduate,No,55075.21,10174.17,14200.0,360,1,Semiurban,577,2024-11-15,Approved,65249.38,0.218,0.3668,0.5328,0.4329,0.2194
CUST10614,Male,43,Married,Graduate,No,66139.43,0.0,11600.0,360,1,Urban,717,2022-12-03,Approved,66139.43,0.175,0.4522,0.4279,0.6802,0.2228
CUST11045,Male,52,Married,Graduate,No,60396.43,17508.81,8100.0,360,0,Urban,781,2023-07-27,Rejected,77905.24,0.104,0.4079,0.2866,0.7933,0.2675
CUST11402,Female,32,Single,Graduate,No,79156.61,0.0,12800.0,300,1,Semiurban,765,2024-02-07,Approved,79156.61,0.162,0.5526,0.4763,0.765,0.2723
CUST11014,Male,38,Divorced,Post Graduate,No,137131.87,0.0,17900.0,120,1,Semiurban,644,2023-07-10,Rejected,137131.87,0.131,1.0,0.6821,0.5512,0.4927
CUST10089,Female,23,Married,Not Graduate,No,58789.58,14143.48,11000.0,300,1,Semiurban,385,2022-02-18,Approved,72933.06,0.151,0.3955,0.4036,0.0936,0.2486
CUST11710,Female,21,Single,Graduate,No,69328.09,8421.63,12900.0,360,0,Rural,613,2024-07-25,Approved,77749.72,0.166,0.4768,0.4803,0.4965,0.2669
CUST10601,Male,38,Single,Not Graduate,No,137131.87,14295.24,25775.0,360,1,Urban,600,2022-11-26,Approved,151427.11,0.17,1.0,1.0,0.4735,0.5471
CUST11237,Female,39,Divorced,Not Graduate,No,133114.6,9789.34,16900.0,360,0,Urban,576,2023-11-09,Approved,142903.94,0.118,0.969,0.6418,0.4311,0.5147
CUST11990,Male,37,Single,Not Graduate,No,51201.13,10763.19,12300.0,360,1,Semiurban,625,2024-12-26,Rejected,61964.32,0.199,0.3369,0.4561,0.5177,0.2069
CUST10133,Male,31,Single,Not Graduate,No,70242.6,6644.18,19300.0,180,0,Semiurban,818,2022-03-14,Approved,76886.78,0.251,0.4838,0.7386,0.8587,0.2637
CUST11370,Male,38,Single,Post Graduate,No,12456.44,4563.03,1500.0,360,1,Semiurban,818,2024-01-21,Rejected,17019.47,0.088,0.0379,0.0202,0.8587,0.036
CUST10555,Male,31,Married,Not Graduate,No,42618.3,0.0,6900.0,300,1,Rural,766,2022-11-01,Approved,42618.3,0.162,0.2707,0.2381,0.7668,0.1334
CUST11031,Male,40,Married,Not Graduate,No,54113.03,11089.62,11700.0,12,1,Urban,606,2023-07-19,Rejected,65202.65,0.179,0.3594,0.4319,0.4841,0.2192
CUST11575,Male,55,Widowed,Graduate,No,44331.69,18110.82,4900.0,360,1,Semiurban,557,2024-05-12,Rejected,62442.51,0.078,0.2839,0.1574,0.3975,0.2087
CUST10320,Female,38,Widowed,Graduate,Yes,64608.43,6943.67,21400.0,360,1,Semiurban,617,2022-06-25,Rejected,71552.1,0.299,0.4404,0.8234,0.5035,0.2434
CUST11781,Female,33,Single,Not Graduate,No,85987.42,18831.4,13100.0,240,1,Urban,868,2024-09-02,Rejected,104818.82,0.125,0.6053,0.4884,0.947,0.3699
CUST11211,Female,28,Married,Not Graduate,Yes,104456.24,18487.57,13200.0,180,1,Rural,730,2023-10-26,Rejected,122943.81,0.107,0.7479,0.4924,0.7032,0.4388
CUST11748,Female,29,Married,Not Graduate,No,49819.19,0.0,6000.0,360,1,Semiurban,769,2024-08-15,Approved,49819.19,0.12,0.3262,0.2018,0.7721,0.1607
CUST10634,Male,45,Married,Graduate,No,137131.87,0.0,23000.0,360,1,Semiurban,649,2022-12-14,Rejected,137131.87,0.168,1.0,0.888,0.5601,0.4927
CUST10552,Male,42,Single,Post Graduate,No,137131.87,11350.16,25775.0,360,1,Semiurban,500,2022-10-30,Approved,148482.03,0.174,1.0,1.0,0.2968,0.5359
CUST11328,Male,52,Married,Graduate,No,64385.77,72582.33,10400.0,60,1,Rural,495,2023-12-29,Rejected,136968.1,0.076,0.4386,0.3794,0.288,0.4921
CUST11055,Female,64,Married,Graduate,No,96735.63,0.0,12100.0,360,1,Semiurban,739,2023-08-01,Rejected,96735.63,0.125,0.6883,0.448,0.7191,0.3391
CUST11568,Female,21,Married,Not Graduate,No,48423.81,8386.04,8300.0,300,1,Rural,767,2024-05-08,Approved,56809.85,0.146,0.3155,0.2947,0.7686,0.1873
CUST10796,Male,34,Single,Not Graduate,No,48216.36,9734.2,14500.0,360,1,Urban,704,2023-03-13,Approved,57950.56,0.25,0.3139,0.5449,0.6572,0.1917
CUST11671,Female,39,Divorced,Not Graduate,No,77286.74,34324.37,11500.0,300,1,Urban,647,2024-07-04,Approved,111611.11,0.103,0.5382,0.4238,0.5565,0.3957
CUST11933,Female,35,Single,Not Graduate,No,13121.65,0.0,1600.0,300,1,Rural,714,2024-11-24,Approved,13121.65,0.122,0.0431,0.0242,0.6749,0.0212
CUST10174,Male,50,Married,Graduate,Yes,60797.92,0.0,18800.0,360,1,Urban,594,2022-04-06,Approved,60797.92,0.309,0.411,0.7185,0.4629,0.2025
CUST10766,Male,52,Single,Graduate,No,34483.92,0.0,5300.0,360,1,Urban,709,2023-02-24,Approved,34483.92,0.154,0.2079,0.1736,0.6661,0.1024
CUST10245,Male,32,Single,Graduate,No,37601.18,0.0,9100.0,360,1,Semiurban,756,2022-05-15,Rejected,37601.18,0.242,0.232,0.3269,0.7491,0.1143
CUST11080,Male,43,Married,Post Graduate,No,14104.13,0.0,3500.0,360,1,Semiurban,586,2023-08-15,Rejected,14104.13,0.248,0.0506,0.1009,0.4488,0.0249
CUST11747,Female,30,Single,Not Graduate,No,65619.42,0.0,8100.0,12,1,Urban,601,2024-08-14,Rejected,65619.42,0.123,0.4482,0.2866,0.4753,0.2208
CUST10145,Male,41,Single,Graduate,No,137131.87,0.0,25775.0,180,1,Urban,604,2022-03-21,Rejected,137131.87,0.188,1.0,1.0,0.4806,0.4927
CUST10090,Male,27,Married,Graduate,No,75690.05,30912.24,8300.0,360,1,Semiurban,643,2022-02-19,Rejected,106602.29,0.078,0.5259,0.2947,0.5495,0.3766
CUST11416,Female,21,Married,Graduate,No,21967.98,0.0,5800.0,360,1,Urban,553,2024-02-15,Approved,21967.98,0.264,0.1113,0.1937,0.3905,0.0548
CUST10682,Male,36,Widowed,Graduate,No,69462.56,7109.04,8400.0,360,1,Urban,743,2023-01-09,Approved,76571.6,0.11,0.4778,0.2987,0.7261,0.2625
CUST10310,Female,47,Single,Not Graduate,No,45024.17,7869.44,9100.0,360,1,Urban,697,2022-06-19,Rejected,52893.61,0.172,0.2892,0.3269,0.6449,0.1724
CUST11383,Female,26,Married,Post Graduate,No,38771.28,1932.58,8300.0,300,1,Semiurban,532,2024-01-28,Approved,40703.86,0.204,0.241,0.2947,0.3534,0.1261
CUST10093,Female,39,Married,Not Graduate,No,16279.77,10506.32,2400.0,120,1,Urban,571,2022-02-20,Approved,26786.09,0.09,0.0674,0.0565,0.4223,0.0732
CUST11577,Female,52,Married,Not Graduate,No,42514.87,24110.41,7000.0,360,1,Semiurban,517,2024-05-13,Approved,66625.28,0.105,0.2699,0.2422,0.3269,0.2246
CUST10924,Male,42,Married,Not Graduate,No,48713.97,14813.78,5800.0,60,1,Rural,635,2023-05-22,Approved,63527.75,0.091,0.3177,0.1937,0.5353,0.2129
CUST11696,Male,41,Married,Graduate,No,89063.46,70886.12,13000.0,360,1,Semiurban,717,2024-07-18,Rejected,159949.58,0.081,0.6291,0.4844,0.6802,0.5795
CUST11035,Female,45,Single,Post Graduate,No,20333.84,0.0,4100.0,360,1,Semiurban,785,2023-07-21,Approved,20333.84,0.202,0.0987,0.1251,0.8004,0.0486
CUST11400,Female,38,Married,Graduate,No,21470.58,0.0,3100.0,12,1,Semiurban,600,2024-02-06,Rejected,21470.58,0.144,0.1075,0.0848,0.4735,0.053
CUST10243,Female,36,Married,Graduate,No,80760.65,5771.31,23600.0,360,1,Rural,736,2022-05-14,Approved,86531.96,0.273,0.565,0.9122,0.7138,0.3003
CUST11500,Female,29,Married,Post Graduate,No,28053.31,7944.8,5700.0,360,1,Rural,793,2024-04-01,Approved,35998.11,0.158,0.1583,0.1897,0.8145,0.1082
CUST11111,Female,41,Single,Post Graduate,Yes,59167.27,10263.86,14300.0,36,1,Urban,667,2023-09-01,Rejected,69431.13,0.206,0.3984,0.5368,0.5919,0.2353
CUST10214,Male,31,Widowed,Graduate,No,44793.11,2347.07,9200.0,180,1,Semiurban,765,2022-04-28,Rejected,47140.18,0.195,0.2875,0.331,0.765,0.1506
CUST11994,Female,38,Single,Not Graduate,No,95261.61,27548.04,12200.0,300,0,Rural,773,2024-12-28,Rejected,122809.65,0.099,0.6769,0.4521,0.7792,0.4383
CUST11197,Female,43,Single,Graduate,Yes,56287.11,0.0,18800.0,60,1,Rural,535,2023-10-18,Rejected,56287.11,0.334,0.3761,0.7185,0.3587,0.1853
CUST10998,Female,38,Widowed,Graduate,No,34238.02,0.0,6700.0,360,1,Rural,822,2023-07-01,Approved,34238.02,0.196,0.206,0.2301,0.8657,0.1015
CUST10853,Female,38,Single,Graduate,No,15951.81,4816.08,4500.0,240,1,Urban,651,2023-04-13,Approved,20767.89,0.217,0.0649,0.1413,0.5636,0.0503
CUST10425,Female,35,Divorced,Not Graduate,No,98459.63,25416.79,16300.0,240,1,Rural,695,2022-08-21,Rejected,123876.42,0.132,0.7016,0.6176,0.6413,0.4423
CUST11773,Male,41,Single,Not Graduate,No,79919.66,63967.43,12600.0,360,1,Semiurban,401,2024-08-29,Approved,143887.09,0.088,0.5585,0.4682,0.1219,0.5184
CUST11142,Female,31,Married,Graduate,No,25969.18,2601.2,4500.0,360,1,Urban,653,2023-09-18,Approved,28570.38,0.158,0.1422,0.1413,0.5671,0.08
CUST11143,Female,60,Single,Post Graduate,No,59118.79,24792.83,7400.0,360,1,Urban,681,2023-09-19,Approved,83911.62,0.088,0.398,0.2583,0.6166,0.2904
CUST10226,Male,41,Single,Not Graduate,Yes,18338.03,6359.17,2500.0,360,1,Urban,631,2022-05-04,Rejected,24697.2,0.101,0.0833,0.0605,0.5283,0.0652
CUST11636,Female,53,Married,Not Graduate,No,28700.4,0.0,3600.0,120,1,Rural,512,2024-06-15,Approved,28700.4,0.125,0.1633,0.1049,0.318,0.0804
CUST10000,Male,27,Married,Graduate,No,122574.15,23974.52,15500.0,360,1,Urban,876,2022-01-01,Approved,146548.67,0.106,0.8877,0.5853,0.9611,0.5285
CUST11418,Male,32,Single,Graduate,Yes,10756.25,38120.05,1400.0,360,1,Semiurban,659,2024-02-16,Rejected,48876.3,0.029,0.0248,0.0161,0.5777,0.1572
CUST10401,Female,40,Married,Post Graduate,No,42420.15,10054.79,5700.0,12,1,Rural,543,2022-08-08,Approved,52474.94,0.109,0.2691,0.1897,0.3728,0.1708
CUST11428,Male,31,Married,Not Graduate,No,40032.13,0.0,8400.0,360,1,Semiurban,459,2024-02-22,Approved,40032.13,0.21,0.2507,0.2987,0.2244,0.1235
CUST11103,Female,31,Single,Graduate,Yes,33547.94,0.0,6100.0,360,1,Semiurban,628,2023-08-28,Approved,33547.94,0.182,0.2007,0.2059,0.523,0.0989
CUST10084,Male,41,Married,Graduate,Yes,27397.46,0.0,3800.0,60,0,Semiurban,622,2022-02-16,Rejected,27397.46,0.139,0.1532,0.113,0.5124,0.0755
CUST10162,Male,39,Married,Not Graduate,Yes,60244.19,0.0,18100.0,12,1,Urban,382,2022-03-30,Approved,60244.19,0.3,0.4067,0.6902,0.0883,0.2004
CUST10114,Male,38,Married,Graduate,No,62332.4,0.0,7700.0,120,1,Semiurban,771,2022-03-04,Approved,62332.4,0.124,0.4228,0.2704,0.7756,0.2083
CUST10670,Male,36,Married,Graduate,No,24308.04,5979.19,7700.0,360,0,Semiurban,567,2023-01-03,Approved,30287.23,0.254,0.1294,0.2704,0.4152,0.0865
CUST11174,Female,42,Married,Not Graduate,No,40681.4,4281.22,6200.0,240,0,Urban,608,2023-10-06,Approved,44962.62,0.138,0.2557,0.2099,0.4876,0.1423
CUST11537,Male,35,Married,Graduate,No,103729.07,15479.6,17700.0,360,1,Semiurban,653,2024-04-21,Approved,119208.67,0.148,0.7422,0.6741,0.5671,0.4246
CUST11527,Female,49,Married,Graduate,No,65687.95,15812.94,18000.0,60,1,Urban,742,2024-04-16,Approved,81500.89,0.221,0.4487,0.6862,0.7244,0.2812
CUST11392,Male,40,Single,Graduate,No,137131.87,15790.08,25775.0,180,1,Urban,686,2024-02-02,Rejected,152921.95,0.169,1.0,1.0,0.6254,0.5528
CUST10889,Female,31,Widowed,Not Graduate,No,137131.87,40808.97,25775.0,360,1,Rural,564,2023-05-02,Approved,177940.84,0.145,1.0,1.0,0.4099,0.6479
CUST11501,Female,41,Single,Not Graduate,No,54701.01,15018.73,7200.0,360,1,Semiurban,799,2024-04-02,Approved,69719.74,0.103,0.3639,0.2503,0.8251,0.2364
CUST10625,Female,27,Single,Post Graduate,No,25853.46,0.0,5800.0,300,1,Urban,549,2022-12-09,Approved,25853.46,0.224,0.1413,0.1937,0.3834,0.0696
CUST11972,Male,22,Divorced,Post Graduate,Yes,64670.13,49323.6,10000.0,360,1,Rural,649,2024-12-16,Approved,113993.73,0.088,0.4408,0.3633,0.5601,0.4047
CUST10952,Male,38,Married,Graduate,No,48423.81,11454.36,8300.0,360,1,Urban,530,2023-06-06,Rejected,59878.17,0.139,0.3155,0.2947,0.3498,0.199
CUST10807,Male,32,Married,Graduate,No,48423.81,50203.1,8300.0,360,1,Semiurban,711,2023-03-19,Approved,98626.91,0.084,0.3155,0.2947,0.6696,0.3463
CUST10258,Male,58,Married,Graduate,No,105136.11,11958.15,21400.0,60,1,Semiurban,583,2022-05-22,Approved,117094.26,0.183,0.7531,0.8234,0.4435,0.4165
CUST10624,Female,53,Single,Graduate,No,61225.65,10016.27,8400.0,360,1,Rural,808,2022-12-08,Approved,71241.92,0.118,0.4143,0.2987,0.841,0.2422
CUST10826,Female,31,Married,Not Graduate,No,30127.98,20415.21,3500.0,60,1,Urban,642,2023-03-29,Approved,50543.19,0.069,0.1743,0.1009,0.5477,0.1635
CUST10234,Female,44,Married,Not Graduate,No,78966.22,13353.36,10100.0,360,0,Urban,694,2022-05-09,Approved,92319.58,0.109,0.5512,0.3673,0.6396,0.3223
CUST10135,Male,40,Single,Graduate,No,137131.87,12910.6,19600.0,360,1,Rural,892,2022-03-15,Rejected,150042.47,0.131,1.0,0.7508,0.9894,0.5418
CUST10616,Male,45,Married,Not Graduate,No,19117.06,0.0,2600.0,360,1,Rural,648,2022-12-04,Approved,19117.06,0.136,0.0893,0.0646,0.5583,0.044
CUST11973,Female,22,Single,Graduate,No,39108.93,11931.78,6600.0,300,1,Semiurban,657,2024-12-16,Approved,51040.71,0.129,0.2436,0.226,0.5742,0.1654
CUST10836,Male,37,Single,Graduate,No,137131.87,0.0,16100.0,120,1,Rural,542,2023-04-03,Approved,137131.87,0.117,1.0,0.6095,0.371,0.4927
CUST10842,Female,35,Married,Not Graduate,Yes,42817.44,28471.84,4900.0,360,1,Urban,743,2023-04-07,Approved,71289.28,0.069,0.2722,0.1574,0.7261,0.2424
CUST10959,Female,42,Single,Not Graduate,No,72457.81,8794.75,10100.0,240,1,Semiurban,655,2023-06-10,Approved,81252.56,0.124,0.5009,0.3673,0.5707,0.2803
CUST10592,Male,60,Married,Graduate,No,63202.77,19610.77,10000.0,60,1,Semiurban,485,2022-11-21,Approved,82813.54,0.121,0.4295,0.3633,0.2703,0.2862
CUST11314,Male,29,Married,Graduate,No,137131.87,8189.06,25775.0,360,0,Urban,730,2023-12-21,Rejected,145320.93,0.177,1.0,1.0,0.7032,0.5239
CUST11525,Male,33,Widowed,Post Graduate,No,21740.37,13053.43,2600.0,180,1,Semiurban,567,2024-04-15,Rejected,34793.8,0.075,0.1096,0.0646,0.4152,0.1036
CUST11291,Female,29,Divorced,Graduate,No,63515.2,5992.2,11600.0,360,0,Urban,775,2023-12-09,Approved,69507.4,0.167,0.4319,0.4279,0.7827,0.2356
CUST10343,Female,32,Single,Graduate,No,43416.19,15146.51,8000.0,180,1,Semiurban,615,2022-07-07,Rejected,58562.7,0.137,0.2768,0.2825,0.5,0.194
CUST11659,Male,18,Divorced,Post Graduate,No,37400.12,0.0,4400.0,360,0,Rural,524,2024-06-27,Rejected,37400.12,0.118,0.2304,0.1372,0.3392,0.1135
CUST11720,Male,60,Married,Post Graduate,No,37843.81,0.0,5500.0,360,1,Urban,606,2024-07-31,Approved,37843.81,0.145,0.2338,0.1816,0.4841,0.1152
CUST10293,Male,37,Married,Graduate,No,137131.87,9569.78,25775.0,360,1,Urban,667,2022-06-10,Approved,146701.65,0.176,1.0,1.0,0.5919,0.5291
CUST10364,Female,35,Single,Graduate,No,47404.79,0.0,5400.0,360,1,Rural,693,2022-07-19,Approved,47404.79,0.114,0.3076,0.1776,0.6378,0.1516
CUST10178,Male,42,Married,Post Graduate,No,137131.87,3794.92,25775.0,240,1,Semiurban,761,2022-04-08,Approved,140926.79,0.183,1.0,1.0,0.758,0.5071
CUST10659,Female,18,Single,Not Graduate,No,35169.37,14486.75,10400.0,12,1,Urban,863,2022-12-27,Approved,49656.12,0.209,0.2132,0.3794,0.9382,0.1601
CUST10996,Female,46,Married,Not Graduate,No,49282.53,17591.02,8000.0,360,1,Urban,653,2023-06-30,Rejected,66873.55,0.12,0.3221,0.2825,0.5671,0.2256
CUST10014,Female,47,Married,Graduate,No,56883.11,30529.49,12600.0,360,1,Rural,630,2022-01-08,Approved,87412.6,0.144,0.3807,0.4682,0.5265,0.3037
CUST11110,Male,38,Married,Graduate,No,29570.53,0.0,9300.0,240,1,Rural,603,2023-09-01,Rejected,29570.53,0.315,0.17,0.335,0.4788,0.0838
CUST11394,Female,28,Widowed,Graduate,No,23885.22,0.0,5000.0,360,1,Urban,737,2024-02-03,Approved,23885.22,0.209,0.1261,0.1615,0.7155,0.0621
CUST10165,Female,44,Single,Post Graduate,No,63070.45,9028.84,19400.0,360,1,Urban,625,2022-04-01,Approved,72099.29,0.269,0.4285,0.7427,0.5177,0.2455
CUST11891,Male,37,Married,Not Graduate,No,29169.57,0.0,3600.0,360,1,Urban,685,2024-11-01,Rejected,29169.57,0.123,0.1669,0.1049,0.6237,0.0822
CUST11359,Male,50,Single,Not Graduate,No,40517.33,2473.71,5900.0,240,1,Semiurban,752,2024-01-15,Approved,42991.04,0.137,0.2545,0.1978,0.742,0.1348
CUST10059,Male,55,Married,Post Graduate,No,137131.87,0.0,25775.0,360,1,Urban,754,2022-02-02,Approved,137131.87,0.188,1.0,1.0,0.7456,0.4927
CUST10709,Female,33,Married,Post Graduate,No,113444.18,7943.41,25775.0,180,0,Semiurban,641,2023-01-24,Approved,121387.59,0.212,0.8172,1.0,0.5459,0.4329
CUST10676,Female,27,Married,Not Graduate,No,20153.01,26188.11,4400.0,12,1,Semiurban,676,2023-01-06,Approved,46341.12,0.095,0.0973,0.1372,0.6078,0.1475
CUST11378,Female,34,Married,Not Graduate,Yes,135441.74,4302.81,8300.0,360,1,Urban,711,2024-01-25,Approved,139744.55,0.059,0.987,0.2947,0.6696,0.5026
CUST10780,Male,34,Single,Graduate,No,87368.02,11986.38,10100.0,360,1,Rural,738,2023-03-04,Approved,99354.4,0.102,0.616,0.3673,0.7173,0.3491
CUST10424,Female,37,Divorced,Not Graduate,Yes,80735.59,0.0,15800.0,120,0,Urban,699,2022-08-21,Rejected,80735.59,0.196,0.5648,0.5974,0.6484,0.2783
CUST10292,Female,30,Married,Post Graduate,No,38891.47,73058.69,9000.0,180,0,Semiurban,563,2022-06-09,Approved,111950.16,0.08,0.2419,0.3229,0.4081,0.397
CUST11065,Female,25,Single,Graduate,No,130066.54,0.0,25600.0,360,1,Semiurban,602,2023-08-07,Approved,130066.54,0.197,0.9455,0.9929,0.477,0.4659
CUST11802,Male,24,Married,Graduate,No,34277.51,0.0,4000.0,120,1,Semiurban,648,2024-09-14,Approved,34277.51,0.117,0.2063,0.1211,0.5583,0.1016
CUST10329,Male,43,Single,Graduate,No,23018.0,2850.73,2600.0,60,1,Rural,522,2022-06-30,Approved,25868.73,0.101,0.1194,0.0646,0.3357,0.0697
CUST10429,Female,46,Widowed,Not Graduate,No,39546.75,0.0,4600.0,360,0,Rural,636,2022-08-23,Approved,39546.75,0.116,0.247,0.1453,0.5371,0.1217
CUST11012,Female,31,Widowed,Graduate,No,39176.51,5896.6,4500.0,360,1,Urban,585,2023-07-09,Rejected,45073.11,0.1,0.2441,0.1413,0.447,0.1427
CUST10079,Female,39,Single,Graduate,No,32772.51,12692.01,8300.0,12,1,Urban,761,2022-02-13,Rejected,45464.52,0.183,0.1947,0.2947,0.758,0.1442
CUST11052,Male,50,Single,Not Graduate,No,81429.83,0.0,16000.0,360,1,Rural,633,2023-07-31,Approved,81429.83,0.196,0.5702,0.6054,0.5318,0.2809
CUST10937,Male,37,Married,Not Graduate,No,42616.66,2714.43,5600.0,120,1,Semiurban,627,2023-05-29,Approved,45331.09,0.124,0.2707,0.1857,0.5212,0.1437
CUST10834,Male,33,Married,Not Graduate,No,45294.05,50531.7,9300.0,360,1,Urban,661,2023-04-02,Approved,95825.75,0.097,0.2913,0.335,0.5813,0.3357
CUST10749,Female,40,Married,Graduate,No,33681.13,6162.94,3800.0,180,1,Semiurban,502,2023-02-15,Approved,39844.07,0.095,0.2017,0.113,0.3004,0.1228
CUST10890,Male,27,Divorced,Not Graduate,No,40255.65,25572.46,5000.0,360,1,Semiurban,632,2023-05-03,Rejected,65828.11,0.076,0.2524,0.1615,0.53,0.2216
CUST10254,Male,33,Widowed,Not Graduate,No,77355.23,0.0,14900.0,60,1,Urban,576,2022-05-20,Approved,77355.23,0.193,0.5387,0.561,0.4311,0.2654
CUST11877,Male,36,Divorced,Post Graduate,No,24772.62,0.0,3200.0,240,1,Semiurban,556,2024-10-25,Approved,24772.62,0.129,0.133,0.0888,0.3958,0.0655
CUST11970,Male,48,Married,Graduate,No,56856.98,29824.27,14500.0,360,1,Semiurban,694,2024-12-15,Approved,86681.25,0.167,0.3805,0.5449,0.6396,0.3009
CUST11407,Male,40,Single,Graduate,No,64791.05,0.0,16900.0,300,0,Urban,629,2024-02-10,Rejected,64791.05,0.261,0.4418,0.6418,0.5247,0.2177
CUST11337,Female,33,Single,Post Graduate,No,40879.58,26200.42,7800.0,240,1,Urban,657,2024-01-03,Approved,67080.0,0.116,0.2573,0.2745,0.5742,0.2264
CUST11108,Female,40,Single,Post Graduate,No,37118.23,7850.37,7800.0,360,0,Rural,638,2023-08-30,Approved,44968.6,0.173,0.2282,0.2745,0.5406,0.1423
CUST10136,Female,45,Divorced,Post Graduate,No,31297.22,0.0,6400.0,36,0,Urban,762,2022-03-16,Approved,31297.22,0.204,0.1833,0.218,0.7597,0.0903
CUST11135,Male,52,Single,Graduate,No,137131.87,1955.35,25775.0,360,1,Urban,675,2023-09-14,Approved,139087.22,0.185,1.0,1.0,0.606,0.5001
CUST11218,Female,38,Married,Graduate,Yes,66962.11,0.0,17500.0,120,1,Semiurban,573,2023-10-30,Rejected,66962.11,0.261,0.4585,0.666,0.4258,0.2259
CUST10852,Female,38,Married,Post Graduate,Yes,40024.83,8136.56,5800.0,360,1,Rural,559,2023-04-12,Rejected,48161.39,0.12,0.2507,0.1937,0.4011,0.1544
CUST11202,Female,35,Married,Graduate,No,84862.83,12179.97,11700.0,360,1,Urban,657,2023-10-21,Approved,97042.8,0.121,0.5967,0.4319,0.5742,0.3403
CUST11897,Male,23,Widowed,Not Graduate,No,78121.56,29798.08,10600.0,360,1,Rural,577,2024-11-05,Rejected,107919.64,0.098,0.5446,0.3875,0.4329,0.3816
CUST10723,Female,18,Married,Graduate,No,45441.99,6391.0,5800.0,240,1,Semiurban,573,2023-02-01,Approved,51832.99,0.112,0.2925,0.1937,0.4258,0.1684
CUST10859,Female,38,Married,Graduate,No,94219.06,27069.64,10800.0,240,1,Rural,485,2023-04-16,Rejected,121288.7,0.089,0.6689,0.3956,0.2703,0.4325
CUST10969,Male,31,Single,Graduate,No,8719.26,11576.25,2100.0,60,0,Urban,830,2023-06-15,Approved,20295.51,0.103,0.0091,0.0444,0.8799,0.0485
CUST10496,Female,34,Single,Not Graduate,No,67658.31,0.0,18500.0,240,1,Semiurban,551,2022-09-29,Approved,67658.31,0.273,0.4639,0.7064,0.3869,0.2286
CUST10950,Female,38,Married,Post Graduate,No,48423.81,9442.63,8300.0,240,1,Semiurban,826,2023-06-05,Approved,57866.44,0.143,0.3155,0.2947,0.8728,0.1913
CUST10805,Male,30,Single,Not Graduate,No,89023.6,11120.18,16100.0,120,1,Rural,564,2023-03-17,Approved,100143.78,0.161,0.6288,0.6095,0.4099,0.3521
CUST10129,Female,49,Widowed,Not Graduate,No,18865.71,46699.64,2200.0,120,1,Rural,691,2022-03-12,Approved,65565.35,0.034,0.0874,0.0484,0.6343,0.2206
CUST10337,Male,51,Widowed,Not Graduate,No,30070.66,56662.56,6400.0,180,1,Urban,681,2022-07-04,Approved,86733.22,0.074,0.1738,0.218,0.6166,0.3011
CUST10608,Male,38,Married,Graduate,No,54809.03,0.0,6600.0,360,1,Urban,613,2022-11-30,Approved,54809.03,0.12,0.3647,0.226,0.4965,0.1797
CUST11148,Female,50,Single,Post Graduate,No,48887.35,21993.52,12000.0,360,1,Urban,714,2023-09-21,Rejected,70880.87,0.169,0.319,0.444,0.6749,0.2408
CUST10195,Male,37,Married,Post Graduate,No,36245.47,0.0,4400.0,360,1,Semiurban,653,2022-04-17,Rejected,36245.47,0.121,0.2215,0.1372,0.5671,0.1091
CUST11250,Male,34,Single,Not Graduate,No,21090.7,0.0,2400.0,360,1,Urban,615,2023-11-16,Rejected,21090.7,0.114,0.1045,0.0565,0.5,0.0515
CUST11292,Female,23,Married,Not Graduate,No,7978.97,0.0,1000.0,180,1,Urban,620,2023-12-09,Approved,7978.97,0.125,0.0034,0.0,0.5088,0.0017
CUST11989,Male,52,Married,Not Graduate,Yes,29560.72,13472.05,7900.0,180,1,Urban,572,2024-12-25,Approved,43032.77,0.184,0.1699,0.2785,0.424,0.1349
CUST10909,Male,26,Married,Graduate,Yes,39516.59,0.0,5300.0,360,1,Urban,677,2023-05-13,Approved,39516.59,0.134,0.2467,0.1736,0.6095,0.1216
CUST10584,Female,45,Married,Post Graduate,Yes,45685.27,0.0,14200.0,120,0,Urban,580,2022-11-16,Approved,45685.27,0.311,0.2943,0.5328,0.4382,0.145
CUST10103,Female,31,Married,Not Graduate,No,84075.8,0.0,13600.0,36,1,Semiurban,604,2022-02-26,Rejected,84075.8,0.162,0.5906,0.5086,0.4806,0.291
CUST11860,Female,30,Single,Not Graduate,No,44046.6,6173.45,7600.0,360,1,Semiurban,457,2024-10-15,Approved,50220.05,0.151,0.2817,0.2664,0.2208,0.1623
CUST11975,Male,26,Widowed,Graduate,No,137131.87,26825.51,25775.0,360,1,Urban,527,2024-12-17,Approved,163957.38,0.157,1.0,1.0,0.3445,0.5947
CUST10719,Female,35,Married,Not Graduate,No,28169.42,3209.11,4500.0,60,1,Semiurban,619,2023-01-29,Rejected,31378.53,0.143,0.1592,0.1413,0.5071,0.0906
CUST10884,Male,39,Married,Not Graduate,Yes,115691.2,0.0,25775.0,360,1,Urban,753,2023-04-30,Approved,115691.2,0.223,0.8345,1.0,0.7438,0.4112
CUST10776,Female,24,Married,Post Graduate,Yes,42199.12,47177.82,7200.0,360,1,Urban,634,2023-03-02,Approved,89376.94,0.081,0.2674,0.2503,0.5336,0.3111
CUST11569,Female,28,Divorced,Graduate,Yes,14362.18,0.0,1800.0,360,1,Semiurban,594,2024-05-09,Rejected,14362.18,0.125,0.0526,0.0323,0.4629,0.0259
CUST10849,Female,29,Widowed,Not Graduate,No,21879.42,18993.22,2600.0,360,1,Urban,676,2023-04-11,Rejected,40872.64,0.064,0.1106,0.0646,0.6078,0.1267
CUST10894,Male,49,Married,Not Graduate,No,51187.82,6740.63,8000.0,300,1,Urban,768,2023-05-05,Approved,57928.45,0.138,0.3368,0.2825,0.7703,0.1916
CUST10227,Female,18,Single,Not Graduate,No,21926.02,0.0,4700.0,360,1,Semiurban,561,2022-05-05,Approved,21926.02,0.214,0.111,0.1493,0.4046,0.0547
CUST11893,Male,48,Divorced,Graduate,No,17643.31,33655.82,4200.0,360,0,Rural,579,2024-11-02,Rejected,51299.13,0.082,0.0779,0.1292,0.4364,0.1664
CUST11325,Male,57,Married,Post Graduate,No,15063.48,0.0,1800.0,120,0,Semiurban,571,2023-12-27,Approved,15063.48,0.119,0.058,0.0323,0.4223,0.0286
CUST11299,Female,34,Single,Post Graduate,No,34295.74,4765.03,4500.0,360,0,Urban,771,2023-12-13,Rejected,39060.77,0.115,0.2064,0.1413,0.7756,0.1198
CUST10126,Male,42,Single,Graduate,No,103687.77,0.0,13800.0,240,1,Urban,757,2022-03-11,Approved,103687.77,0.133,0.7419,0.5166,0.7509,0.3656
CUST10405,Male,55,Single,Graduate,Yes,34255.18,0.0,4300.0,240,1,Rural,652,2022-08-10,Rejected,34255.18,0.126,0.2061,0.1332,0.5654,0.1016
CUST10775,Female,25,Married,Post Graduate,No,137131.87,0.0,25775.0,360,1,Urban,667,2023-03-01,Rejected,137131.87,0.188,1.0,1.0,0.5919,0.4927
CUST10821,Female,44,Married,Graduate,No,61318.56,0.0,9300.0,360,0,Semiurban,643,2023-03-26,Approved,61318.56,0.152,0.415,0.335,0.5495,0.2045
CUST10711,Female,34,Married,Post Graduate,Yes,45889.42,2956.44,8300.0,12,1,Urban,560,2023-01-25,Approved,48845.86,0.17,0.2959,0.2947,0.4028,0.157
CUST11901,Male,25,Married,Not Graduate,No,63639.57,3069.5,8400.0,60,1,Urban,590,2024-11-07,Approved,66709.07,0.126,0.4329,0.2987,0.4558,0.225
CUST11060,Female,32,Single,Graduate,No,52020.27,5508.75,9100.0,12,1,Rural,634,2023-08-04,Rejected,57529.02,0.158,0.3432,0.3269,0.5336,0.1901
CUST11163,Male,29,Divorced,Graduate,No,47215.45,0.0,6300.0,60,0,Urban,585,2023-09-30,Approved,47215.45,0.133,0.3061,0.2139,0.447,0.1508
CUST10303,Female,50,Single,Not Graduate,No,91315.63,14604.85,14600.0,180,1,Urban,593,2022-06-15,Rejected,105920.48,0.138,0.6465,0.5489,0.4611,0.374
CUST10267,Male,39,Married,Not Graduate,No,27508.54,0.0,3100.0,360,1,Rural,661,2022-05-27,Rejected,27508.54,0.113,0.1541,0.0848,0.5813,0.0759
CUST11557,Female,31,Divorced,Not Graduate,Yes,42372.32,0.0,12700.0,36,1,Semiurban,692,2024-05-02,Rejected,42372.32,0.3,0.2688,0.4723,0.636,0.1324
CUST10545,Female,44,Married,Not Graduate,No,22637.41,21493.12,5000.0,360,1,Rural,568,2022-10-26,Approved,44130.53,0.113,0.1165,0.1615,0.417,0.1391
CUST10212,Male,19,Married,Not Graduate,No,137131.87,0.0,25775.0,180,1,Urban,659,2022-04-27,Rejected,137131.87,0.188,1.0,1.0,0.5777,0.4927
CUST10896,Male,54,Single,Graduate,Yes,137131.87,1967.96,25775.0,360,1,Semiurban,763,2023-05-06,Rejected,139099.83,0.185,1.0,1.0,0.7615,0.5002
CUST11492,Female,49,Married,Graduate,No,53362.44,14503.86,9400.0,360,0,Urban,611,2024-03-28,Rejected,67866.3,0.139,0.3536,0.3391,0.4929,0.2294
CUST11222,Male,40,Married,Not Graduate,No,28572.27,0.0,3200.0,360,1,Urban,683,2023-11-01,Approved,28572.27,0.112,0.1623,0.0888,0.6201,0.08
CUST10916,Male,31,Divorced,Graduate,No,137131.87,5537.42,25775.0,180,1,Urban,557,2023-05-17,Approved,142669.29,0.181,1.0,1.0,0.3975,0.5138
CUST11551,Female,36,Married,Not Graduate,No,34844.56,0.0,5800.0,360,1,Semiurban,555,2024-04-29,Approved,34844.56,0.166,0.2107,0.1937,0.394,0.1038
CUST10675,Female,39,Single,Not Graduate,Yes,48423.81,0.0,8300.0,360,1,Urban,476,2023-01-05,Approved,48423.81,0.171,0.3155,0.2947,0.2544,0.1554
CUST11289,Female,43,Single,Graduate,Yes,34953.07,5190.87,4800.0,360,1,Urban,642,2023-12-08,Approved,40143.94,0.12,0.2115,0.1534,0.5477,0.124
CUST10814,Male,46,Divorced,Post Graduate,No,90080.0,0.0,8300.0,180,1,Urban,599,2023-03-22,Approved,90080.0,0.092,0.6369,0.2947,0.4717,0.3138
CUST11265,Female,54,Single,Not Graduate,No,98629.91,18900.03,11400.0,360,0,Urban,491,2023-11-24,Rejected,117529.94,0.097,0.7029,0.4198,0.2809,0.4182
CUST10342,Female,30,Married,Not Graduate,Yes,37140.83,0.0,10400.0,360,1,Urban,835,2022-07-07,Approved,37140.83,0.28,0.2284,0.3794,0.8887,0.1125
CUST10549,Female,51,Widowed,Graduate,Yes,31746.4,0.0,3800.0,360,1,Semiurban,641,2022-10-28,Rejected,31746.4,0.12,0.1868,0.113,0.5459,0.092
CUST11410,Female,24,Single,Not Graduate,No,25287.46,0.0,3800.0,360,1,Rural,791,2024-02-12,Approved,25287.46,0.15,0.1369,0.113,0.811,0.0675
CUST11214,Male,25,Married,Not Graduate,No,29723.43,6591.87,3300.0,120,1,Rural,736,2023-10-27,Rejected,36315.3,0.091,0.1712,0.0928,0.7138,0.1094
CUST10966,Female,40,Married,Graduate,No,137131.87,13013.53,25775.0,360,1,Urban,695,2023-06-14,Approved,150145.4,0.172,1.0,1.0,0.6413,0.5422
CUST11230,Male,23,Married,Post Graduate,No,64900.27,0.0,8300.0,360,1,Rural,807,2023-11-05,Rejected,64900.27,0.128,0.4426,0.2947,0.8392,0.2181
CUST10295,Male,38,Married,Graduate,No,64206.46,13656.85,8000.0,120,0,Rural,623,2022-06-11,Rejected,77863.31,0.103,0.4373,0.2825,0.5141,0.2674
CUST10695,Female,26,Married,Graduate,No,69278.13,15474.15,7800.0,60,1,Semiurban,718,2023-01-16,Rejected,84752.28,0.092,0.4764,0.2745,0.682,0.2936
CUST11452,Male,56,Single,Post Graduate,Yes,41258.68,0.0,8400.0,360,1,Rural,668,2024-03-06,Approved,41258.68,0.204,0.2602,0.2987,0.5936,0.1282
CUST10073,Male,40,Divorced,Graduate,No,93937.01,16829.89,11800.0,360,1,Semiurban,691,2022-02-09,Approved,110766.9,0.107,0.6667,0.4359,0.6343,0.3925
CUST10605,Female,42,Single,Graduate,No,41492.77,19442.39,9800.0,180,1,Urban,539,2022-11-28,Approved,60935.16,0.161,0.262,0.3552,0.3657,0.203
CUST10104,Male,26,Married,Graduate,Yes,20264.74,7211.85,6000.0,360,0,Urban,637,2022-02-26,Rejected,27476.59,0.218,0.0982,0.2018,0.5389,0.0758
CUST10645,Female,32,Single,Not Graduate,No,66809.23,7060.66,8700.0,360,1,Urban,541,2022-12-20,Approved,73869.89,0.118,0.4573,0.3108,0.3693,0.2522
CUST11404,Male,38,Divorced,Not Graduate,No,62198.79,0.0,10600.0,12,1,Urban,712,2024-02-09,Rejected,62198.79,0.17,0.4218,0.3875,0.6714,0.2078
CUST11977,Female,42,Single,Graduate,No,48423.81,4845.1,8300.0,360,0,Rural,745,2024-12-18,Approved,53268.91,0.156,0.3155,0.2947,0.7297,0.1739
CUST11040,Male,30,Married,Not Graduate,No,65844.35,24581.43,7400.0,180,1,Semiurban,626,2023-07-24,Rejected,90425.78,0.082,0.4499,0.2583,0.5194,0.3151
CUST10439,Female,28,Single,Graduate,No,62701.52,12233.78,9000.0,240,1,Urban,706,2022-08-29,Rejected,74935.3,0.12,0.4256,0.3229,0.6608,0.2562
CUST11019,Female,39,Married,Not Graduate,No,101971.42,0.0,12800.0,120,1,Semiurban,619,2023-07-13,Rejected,101971.42,0.126,0.7287,0.4763,0.5071,0.359
CUST10091,Female,45,Single,Not Graduate,No,111731.38,11337.89,25775.0,360,1,Rural,641,2022-02-19,Rejected,123069.27,0.209,0.804,1.0,0.5459,0.4392
CUST11112,Female,43,Married,Post Graduate,No,137131.87,47098.49,25775.0,240,0,Rural,840,2023-09-02,Approved,184230.36,0.14,1.0,1.0,0.8975,0.6718
CUST11768,Male,48,Married,Graduate,No,51997.98,14332.03,7800.0,240,0,Semiurban,586,2024-08-26,Approved,66330.01,0.118,0.343,0.2745,0.4488,0.2235
CUST10908,Male,72,Divorced,Not Graduate,Yes,41972.18,4751.42,13900.0,180,0,Rural,647,2023-05-13,Approved,46723.6,0.297,0.2657,0.5207,0.5565,0.149
CUST11474,Female,47,Single,Not Graduate,No,22284.47,51347.39,3300.0,360,0,Rural,614,2024-03-18,Rejected,73631.86,0.045,0.1138,0.0928,0.4982,0.2513
CUST10102,Male,18,Divorced,Graduate,No,54489.66,7986.38,17000.0,360,1,Urban,663,2022-02-25,Approved,62476.04,0.272,0.3623,0.6458,0.5848,0.2089
CUST10238,Male,38,Single,Post Graduate,Yes,26811.68,10375.52,3600.0,360,1,Semiurban,624,2022-05-11,Rejected,37187.2,0.097,0.1487,0.1049,0.5159,0.1127
CUST11715,Male,43,Widowed,Not Graduate,Yes,27215.51,0.0,6500.0,360,0,Urban,596,2024-07-28,Rejected,27215.51,0.239,0.1518,0.222,0.4664,0.0748
CUST10942,Male,39,Single,Not Graduate,No,37229.98,0.0,6700.0,360,1,Urban,572,2023-06-01,Rejected,37229.98,0.18,0.2291,0.2301,0.424,0.1129
CUST11270,Female,31,Married,Graduate,No,50694.98,17410.33,10400.0,180,0,Urban,582,2023-11-27,Approved,68105.31,0.153,0.333,0.3794,0.4417,0.2303
CUST10938,Male,31,Single,Post Graduate,No,36142.16,55097.07,5600.0,300,1,Urban,619,2023-05-29,Approved,91239.23,0.061,0.2207,0.1857,0.5071,0.3182
CUST11705,Female,38,Married,Graduate,No,32779.59,0.0,7000.0,360,0,Semiurban,703,2024-07-22,Approved,32779.59,0.214,0.1947,0.2422,0.6555,0.096
CUST11181,Male,52,Single,Not Graduate,No,94090.93,0.0,12200.0,240,1,Urban,600,2023-10-09,Rejected,94090.93,0.13,0.6679,0.4521,0.4735,0.3291
CUST11503,Female,38,Married,Graduate,No,93625.07,0.0,14000.0,300,1,Urban,653,2024-04-03,Rejected,93625.07,0.15,0.6643,0.5247,0.5671,0.3273
CUST11669,Male,37,Single,Graduate,Yes,52337.0,75787.48,7900.0,12,1,Semiurban,614,2024-07-03,Approved,128124.48,0.062,0.3457,0.2785,0.4982,0.4585
CUST11828,Female,53,Single,Not Graduate,No,40566.87,0.0,8400.0,360,1,Semiurban,621,2024-09-28,Approved,40566.87,0.207,0.2548,0.2987,0.5106,0.1256
CUST10965,Female,30,Single,Not Graduate,No,100066.95,0.0,12100.0,60,1,Urban,695,2023-06-13,Approved,100066.95,0.121,0.714,0.448,0.6413,0.3518
CUST10018,Female,57,Single,Post Graduate,Yes,18258.93,9324.58,2200.0,360,1,Rural,728,2022-01-10,Approved,27583.51,0.08,0.0827,0.0484,0.6996,0.0762
CUST11430,Female,43,Single,Graduate,Yes,51498.64,1790.97,11800.0,360,1,Semiurban,641,2024-02-23,Rejected,53289.61,0.221,0.3392,0.4359,0.5459,0.1739
CUST10121,Female,38,Married,Not Graduate,No,43531.12,9421.23,7200.0,360,1,Urban,819,2022-03-08,Rejected,52952.35,0.136,0.2777,0.2503,0.8604,0.1727
CUST10661,Male,38,Married,Post Graduate,No,19342.21,0.0,3100.0,36,1,Rural,637,2022-12-29,Approved,19342.21,0.16,0.0911,0.0848,0.5389,0.0449
CUST11695,Female,54,Single,Post Graduate,No,29481.01,36443.8,5100.0,360,1,Semiurban,608,2024-07-17,Rejected,65924.81,0.077,0.1693,0.1655,0.4876,0.222
CUST10274,Female,41,Married,Post Graduate,Yes,37488.2,7810.53,4300.0,360,1,Urban,596,2022-05-31,Rejected,45298.73,0.095,0.2311,0.1332,0.4664,0.1436
CUST10433,Female,50,Married,Not Graduate,No,67797.36,0.0,13400.0,60,1,Rural,551,2022-08-26,Rejected,67797.36,0.198,0.465,0.5005,0.3869,0.2291
CUST10811,Male,18,Married,Not Graduate,Yes,47097.07,13392.12,7100.0,360,0,Semiurban,679,2023-03-21,Approved,60489.19,0.117,0.3052,0.2462,0.6131,0.2013
CUST11300,Male,42,Single,Graduate,No,38499.91,3809.17,4600.0,240,1,Semiurban,692,2023-12-14,Rejected,42309.08,0.109,0.2389,0.1453,0.636,0.1322
CUST11335,Female,36,Divorced,Graduate,No,40883.81,0.0,5100.0,12,1,Semiurban,639,2024-01-02,Approved,40883.81,0.125,0.2573,0.1655,0.5424,0.1268
CUST11880,Female,41,Single,Post Graduate,No,50659.7,27570.64,9800.0,180,0,Rural,535,2024-10-26,Approved,78230.34,0.125,0.3327,0.3552,0.3587,0.2688
CUST11903,Male,34,Widowed,Graduate,No,25608.83,9454.06,4600.0,120,1,Semiurban,639,2024-11-08,Approved,35062.89,0.131,0.1394,0.1453,0.5424,0.1046
CUST11570,Female,55,Married,Not Graduate,Yes,25343.96,0.0,8200.0,300,1,Urban,492,2024-05-10,Rejected,25343.96,0.324,0.1374,0.2906,0.2827,0.0677
CUST10181,Male,41,Married,Not Graduate,Yes,53160.4,1733.71,11000.0,300,1,Semiurban,673,2022-04-10,Approved,54894.11,0.2,0.352,0.4036,0.6025,0.18
CUST10184,Male,52,Married,Not Graduate,No,137131.87,0.0,16700.0,360,1,Semiurban,487,2022-04-11,Rejected,137131.87,0.122,1.0,0.6337,0.2739,0.4927
CUST10406,Male,27,Married,Not Graduate,No,39548.48,21609.38,7900.0,180,1,Semiurban,509,2022-08-11,Approved,61157.86,0.129,0.247,0.2785,0.3127,0.2039
CUST10865,Male,21,Married,Post Graduate,Yes,22075.47,24161.25,2500.0,360,1,Semiurban,690,2023-04-19,Rejected,46236.72,0.054,0.1121,0.0605,0.6325,0.1471
CUST11630,Female,60,Widowed,Not Graduate,Yes,36610.93,9305.85,6100.0,120,1,Semiurban,653,2024-06-11,Approved,45916.78,0.133,0.2243,0.2059,0.5671,0.1459
CUST10520,Female,38,Divorced,Not Graduate,No,12055.29,0.0,3400.0,360,0,Semiurban,775,2022-10-12,Rejected,12055.29,0.282,0.0348,0.0969,0.7827,0.0172
CUST11003,Male,40,Married,Graduate,Yes,83519.09,3145.53,19600.0,360,0,Rural,575,2023-07-04,Approved,86664.62,0.226,0.5863,0.7508,0.4293,0.3008
CUST10380,Female,39,Single,Graduate,No,8496.44,0.0,1000.0,360,1,Rural,547,2022-07-28,Approved,8496.44,0.118,0.0074,0.0,0.3799,0.0036
CUST11434,Male,32,Married,Not Graduate,No,48423.81,0.0,8300.0,360,1,Urban,562,2024-02-25,Approved,48423.81,0.171,0.3155,0.2947,0.4064,0.1554
CUST11658,Female,38,Single,Graduate,No,97599.87,28715.54,11200.0,240,1,Urban,617,2024-06-27,Rejected,126315.41,0.089,0.6949,0.4117,0.5035,0.4516
CUST11393,Male,44,Married,Graduate,Yes,19082.27,0.0,8300.0,300,1,Semiurban,698,2024-02-03,Rejected,19082.27,0.435,0.089,0.2947,0.6466,0.0439
CUST11424,Female,35,Married,Not Graduate,Yes,55829.9,11651.14,9700.0,360,1,Semiurban,653,2024-02-20,Approved,67481.04,0.144,0.3726,0.3512,0.5671,0.2279
CUST11612,Male,25,Married,Not Graduate,No,58966.19,0.0,19400.0,120,1,Semiurban,509,2024-06-02,Approved,58966.19,0.329,0.3968,0.7427,0.3127,0.1955
CUST10427,Female,21,Married,Not Graduate,No,24069.89,0.0,3600.0,180,1,Semiurban,770,2022-08-22,Rejected,24069.89,0.15,0.1275,0.1049,0.7739,0.0628
CUST10078,Female,34,Married,Post Graduate,No,45349.98,0.0,9200.0,360,1,Urban,653,2022-02-12,Approved,45349.98,0.203,0.2917,0.331,0.5671,0.1437
CUST11597,Male,49,Widowed,Graduate,No,90665.08,12462.34,11100.0,360,1,Urban,665,2024-05-24,Rejected,103127.42,0.108,0.6414,0.4077,0.5883,0.3634
CUST11009,Female,38,Married,Not Graduate,No,51212.05,38953.75,6900.0,240,0,Semiurban,443,2023-07-07,Approved,90165.8,0.077,0.337,0.2381,0.1961,0.3141
CUST11985,Female,39,Single,Not Graduate,No,137131.87,0.0,23700.0,360,1,Semiurban,685,2024-12-23,Approved,137131.87,0.173,1.0,0.9162,0.6237,0.4927
CUST11661,Female,51,Married,Graduate,Yes,33993.51,10844.72,6500.0,360,1,Urban,639,2024-06-28,Approved,44838.23,0.145,0.2041,0.222,0.5424,0.1418
CUST10607,Male,53,Married,Post Graduate,No,75713.68,4530.66,15700.0,360,1,Rural,703,2022-11-29,Approved,80244.34,0.196,0.5261,0.5933,0.6555,0.2764
CUST11796,Female,31,Divorced,Not Graduate,Yes,31599.54,0.0,4500.0,60,1,Rural,548,2024-09-10,Rejected,31599.54,0.142,0.1856,0.1413,0.3816,0.0915
CUST11902,Female,38,Married,Graduate,Yes,48446.56,17231.63,6400.0,360,1,Rural,560,2024-11-07,Rejected,65678.19,0.097,0.3156,0.218,0.4028,0.221
CUST11057,Male,33,Married,Graduate,No,127652.67,0.0,25775.0,180,1,Urban,824,2023-08-02,Rejected,127652.67,0.202,0.9269,1.0,0.8693,0.4567
CUST11440,Male,45,Married,Not Graduate,No,43253.81,0.0,10200.0,60,1,Urban,573,2024-02-28,Rejected,43253.81,0.236,0.2756,0.3713,0.4258,0.1358
CUST11514,Male,48,Married,Graduate,No,35046.98,11194.69,8400.0,180,1,Urban,744,2024-04-09,Approved,46241.67,0.182,0.2122,0.2987,0.7279,0.1471
CUST11585,Female,40,Divorced,Not Graduate,No,30484.02,95080.26,7500.0,240,1,Semiurban,735,2024-05-18,Approved,125564.28,0.06,0.177,0.2624,0.712,0.4487
CUST11091,Female,43,Married,Not Graduate,No,27213.95,0.0,5200.0,12,1,Rural,682,2023-08-21,Rejected,27213.95,0.191,0.1518,0.1695,0.6184,0.0748
CUST11560,Female,35,Married,Not Graduate,No,69403.77,12432.63,9600.0,120,0,Urban,724,2024-05-04,Approved,81836.4,0.117,0.4774,0.3471,0.6926,0.2825
CUST11101,Male,33,Single,Graduate,No,73416.52,12619.74,8600.0,360,0,Urban,687,2023-08-27,Rejected,86036.26,0.1,0.5083,0.3068,0.6272,0.2984
CUST11129,Female,33,Married,Not Graduate,No,35547.84,21698.83,6800.0,360,1,Semiurban,653,2023-09-11,Rejected,57246.67,0.119,0.2161,0.2341,0.5671,0.189
CUST11235,Male,22,Single,Graduate,No,22224.47,5894.89,6500.0,360,0,Rural,673,2023-11-08,Approved,28119.36,0.231,0.1133,0.222,0.6025,0.0782
CUST11778,Male,34,Married,Not Graduate,No,50414.37,70739.76,7300.0,360,1,Urban,848,2024-08-31,Approved,121154.13,0.06,0.3308,0.2543,0.9117,0.432
CUST10958,Female,38,Married,Graduate,No,52634.16,7908.22,11000.0,360,1,Rural,738,2023-06-09,Approved,60542.38,0.182,0.348,0.4036,0.7173,0.2015
CUST11662,Female,30,Married,Not Graduate,Yes,105456.4,13121.93,17300.0,360,1,Semiurban,666,2024-06-29,Approved,118578.33,0.146,0.7556,0.6579,0.5901,0.4222
CUST10559,Female,39,Single,Not Graduate,No,56949.95,12037.17,6500.0,360,1,Urban,599,2022-11-03,Approved,68987.12,0.094,0.3813,0.222,0.4717,0.2336
CUST10846,Female,49,Married,Graduate,No,40049.5,0.0,5600.0,360,1,Rural,727,2023-04-09,Approved,40049.5,0.14,0.2508,0.1857,0.6979,0.1236
CUST11758,Male,39,Married,Graduate,No,50290.2,0.0,5600.0,180,1,Semiurban,663,2024-08-20,Approved,50290.2,0.111,0.3299,0.1857,0.5848,0.1625
CUST10690,Male,36,Married,Not Graduate,No,40297.22,24565.43,8400.0,120,0,Rural,653,2023-01-13,Approved,64862.65,0.13,0.2528,0.2987,0.5671,0.2179
CUST11519,Male,24,Married,Post Graduate,Yes,29657.81,31256.14,7500.0,240,1,Semiurban,676,2024-04-12,Approved,60913.95,0.123,0.1707,0.2624,0.6078,0.2029
CUST11965,Male,42,Married,Graduate,Yes,83762.31,26505.93,11200.0,180,1,Urban,756,2024-12-12,Approved,110268.24,0.102,0.5882,0.4117,0.7491,0.3906
CUST11878,Female,29,Married,Not Graduate,No,67340.09,0.0,8300.0,360,1,Semiurban,663,2024-10-25,Approved,67340.09,0.123,0.4614,0.2947,0.5848,0.2274
CUST10436,Male,46,Married,Not Graduate,No,53311.98,3102.76,6200.0,360,1,Rural,550,2022-08-27,Approved,56414.74,0.11,0.3532,0.2099,0.3852,0.1858
CUST10490,Male,67,Widowed,Graduate,No,54025.3,4818.29,9800.0,360,1,Semiurban,692,2022-09-26,Rejected,58843.59,0.167,0.3587,0.3552,0.636,0.1951
CUST11850,Male,38,Single,Not Graduate,Yes,55035.14,4804.33,8300.0,360,1,Urban,666,2024-10-10,Approved,59839.47,0.139,0.3665,0.2947,0.5901,0.1988
CUST11629,Female,41,Married,Not Graduate,No,61449.67,0.0,11900.0,12,1,Rural,676,2024-06-11,Approved,61449.67,0.194,0.416,0.44,0.6078,0.205
CUST11387,Male,57,Married,Not Graduate,No,25073.21,0.0,3900.0,360,1,Urban,555,2024-01-30,Approved,25073.21,0.156,0.1353,0.1171,0.394,0.0667
CUST10069,Female,23,Married,Not Graduate,Yes,42032.68,0.0,6700.0,360,1,Urban,841,2022-02-07,Approved,42032.68,0.159,0.2661,0.2301,0.8993,0.1311
CUST11572,Female,23,Divorced,Graduate,No,37137.82,9117.98,4200.0,180,1,Urban,569,2024-05-11,Approved,46255.8,0.091,0.2284,0.1292,0.4187,0.1472
CUST11184,Male,60,Single,Graduate,No,38016.13,11316.01,6000.0,120,1,Semiurban,586,2023-10-11,Approved,49332.14,0.122,0.2352,0.2018,0.4488,0.1589
CUST10011,Female,41,Married,Graduate,No,42325.78,0.0,6000.0,240,1,Semiurban,752,2022-01-07,Approved,42325.78,0.142,0.2684,0.2018,0.742,0.1323
CUST10144,Female,38,Married,Post Graduate,No,66342.44,42281.98,13500.0,300,1,Semiurban,638,2022-03-20,Approved,108624.42,0.124,0.4537,0.5045,0.5406,0.3843
CUST10917,Male,26,Married,Not Graduate,No,26044.08,0.0,6500.0,360,1,Semiurban,602,2023-05-18,Approved,26044.08,0.25,0.1428,0.222,0.477,0.0703
CUST11541,Male,49,Single,Not Graduate,No,78939.35,0.0,9000.0,360,1,Urban,613,2024-04-24,Approved,78939.35,0.114,0.5509,0.3229,0.4965,0.2715
CUST11451,Female,46,Single,Graduate,No,43180.2,14225.3,12900.0,120,1,Urban,649,2024-03-05,Approved,57405.5,0.225,0.275,0.4803,0.5601,0.1896
CUST10639,Male,20,Married,Graduate,Yes,44554.99,15685.26,5900.0,360,1,Urban,525,2022-12-17,Rejected,60240.25,0.098,0.2856,0.1978,0.341,0.2004
CUST10176,Female,64,Single,Post Graduate,No,24999.12,5464.85,5800.0,360,1,Urban,677,2022-04-07,Approved,30463.97,0.19,0.1347,0.1937,0.6095,0.0872
CUST10994,Female,51,Married,Not Graduate,No,53333.26,7325.9,6900.0,360,1,Urban,541,2023-06-29,Rejected,60659.16,0.114,0.3534,0.2381,0.3693,0.202
CUST10440,Female,25,Married,Not Graduate,No,46652.85,13089.56,5600.0,120,0,Semiurban,570,2022-08-30,Approved,59742.41,0.094,0.3018,0.1857,0.4205,0.1985
CUST10521,Female,38,Married,Graduate,No,137131.87,0.0,16600.0,180,0,Rural,759,2022-10-13,Approved,137131.87,0.121,1.0,0.6297,0.7544,0.4927
CUST11993,Male,37,Married,Not Graduate,No,37310.34,0.0,9000.0,360,0,Rural,631,2024-12-27,Rejected,37310.34,0.241,0.2297,0.3229,0.5283,0.1132
CUST11955,Female,53,Single,Not Graduate,No,56397.26,0.0,10500.0,60,1,Urban,574,2024-12-06,Approved,56397.26,0.186,0.377,0.3835,0.4276,0.1858
CUST11712,Female,26,Single,Not Graduate,No,22557.36,14620.61,2900.0,360,1,Semiurban,666,2024-07-26,Rejected,37177.97,0.078,0.1159,0.0767,0.5901,0.1127
CUST11004,Female,59,Single,Graduate,No,30326.62,0.0,10000.0,360,1,Urban,658,2023-07-04,Rejected,30326.62,0.33,0.1758,0.3633,0.576,0.0866
CUST11255,Female,38,Married,Not Graduate,No,62202.98,50241.28,15400.0,180,1,Urban,770,2023-11-19,Rejected,112444.26,0.137,0.4218,0.5812,0.7739,0.3988
CUST11234,Male,23,Widowed,Graduate,No,38145.74,0.0,8300.0,360,1,Semiurban,567,2023-11-07,Approved,38145.74,0.218,0.2362,0.2947,0.4152,0.1164
CUST11664,Female,35,Married,Post Graduate,No,42427.68,6878.81,5400.0,60,1,Semiurban,692,2024-06-30,Approved,49306.49,0.11,0.2692,0.1776,0.636,0.1588
CUST10143,Female,18,Married,Graduate,No,123475.18,0.0,15900.0,360,1,Urban,682,2022-03-20,Approved,123475.18,0.129,0.8946,0.6014,0.6184,0.4408
CUST10753,Female,41,Married,Not Graduate,No,80725.1,0.0,17000.0,360,1,Urban,524,2023-02-17,Approved,80725.1,0.211,0.5647,0.6458,0.3392,0.2782
CUST10519,Female,28,Married,Graduate,No,40301.84,10920.39,4700.0,360,1,Semiurban,646,2022-10-12,Rejected,51222.23,0.092,0.2528,0.1493,0.5548,0.1661
CUST10654,Female,23,Married,Not Graduate,No,57834.67,0.0,8100.0,360,1,Urban,616,2022-12-25,Rejected,57834.67,0.14,0.3881,0.2866,0.5018,0.1912
CUST11322,Male,38,Married,Graduate,No,40360.44,18631.66,5400.0,360,1,Urban,659,2023-12-26,Rejected,58992.1,0.092,0.2532,0.1776,0.5777,0.1956
CUST10822,Male,33,Widowed,Graduate,No,78818.65,15415.85,24900.0,180,1,Urban,775,2023-03-27,Approved,94234.5,0.264,0.55,0.9647,0.7827,0.3296
CUST10428,Male,32,Single,Graduate,No,107253.09,2716.73,22000.0,180,1,Urban,509,2022-08-23,Approved,109969.82,0.2,0.7694,0.8476,0.3127,0.3894
CUST10612,Female,43,Married,Graduate,No,35322.82,21933.19,10900.0,240,1,Rural,593,2022-12-02,Approved,57256.01,0.19,0.2144,0.3996,0.4611,0.189
CUST11505,Female,39,Married,Not Graduate,No,40308.55,8983.36,6500.0,180,1,Rural,634,2024-04-04,Rejected,49291.91,0.132,0.2528,0.222,0.5336,0.1587
CUST11032,Female,55,Single,Post Graduate,No,62313.0,11131.16,8000.0,120,1,Semiurban,604,2023-07-20,Approved,73444.16,0.109,0.4226,0.2825,0.4806,0.2506
CUST10156,Male,43,Married,Not Graduate,No,89518.22,19227.08,24500.0,360,0,Rural,717,2022-03-27,Rejected,108745.3,0.225,0.6326,0.9485,0.6802,0.3848
CUST10539,Female,50,Married,Not Graduate,Yes,33550.52,0.0,6400.0,120,1,Semiurban,683,2022-10-23,Rejected,33550.52,0.191,0.2007,0.218,0.6201,0.0989
CUST11530,Male,50,Married,Not Graduate,No,36014.1,0.0,7100.0,240,1,Rural,656,2024-04-18,Rejected,36014.1,0.197,0.2197,0.2462,0.5724,0.1083
CUST11460,Male,39,Divorced,Not Graduate,Yes,23612.08,9094.21,5500.0,360,1,Semiurban,717,2024-03-10,Approved,32706.29,0.168,0.124,0.1816,0.6802,0.0957
CUST11290,Female,42,Single,Graduate,Yes,30844.24,0.0,5500.0,240,0,Rural,537,2023-12-08,Approved,30844.24,0.178,0.1798,0.1816,0.3622,0.0886
CUST10461,Male,30,Single,Not Graduate,No,129794.12,18009.75,15500.0,180,1,Rural,765,2022-09-10,Rejected,147803.87,0.105,0.9434,0.5853,0.765,0.5333
CUST10576,Male,38,Single,Not Graduate,Yes,37133.19,13081.63,9700.0,60,1,Urban,795,2022-11-12,Approved,50214.82,0.193,0.2283,0.3512,0.818,0.1622
CUST11362,Female,31,Single,Graduate,No,36180.02,0.0,5300.0,360,1,Rural,566,2024-01-17,Rejected,36180.02,0.146,0.221,0.1736,0.4134,0.1089
CUST10255,Male,47,Single,Graduate,No,77684.54,34917.2,21200.0,360,1,Urban,718,2022-05-20,Approved,112601.74,0.188,0.5413,0.8153,0.682,0.3994
CUST10979,Male,30,Married,Not Graduate,No,137131.87,0.0,25775.0,360,1,Rural,645,2023-06-21,Approved,137131.87,0.188,1.0,1.0,0.553,0.4927
CUST11185,Female,36,Married,Not Graduate,No,23438.21,0.0,5200.0,120,1,Rural,470,2023-10-12,Rejected,23438.21,0.222,0.1227,0.1695,0.2438,0.0604
CUST11006,Female,38,Married,Graduate,No,74999.76,12923.76,10400.0,360,1,Urban,542,2023-07-06,Approved,87923.52,0.118,0.5205,0.3794,0.371,0.3056
CUST11521,Female,38,Married,Not Graduate,No,126376.12,40203.12,15100.0,360,1,Urban,775,2024-04-13,Approved,166579.24,0.091,0.917,0.5691,0.7827,0.6047
CUST11689,Female,35,Single,Graduate,Yes,30469.54,13089.66,8800.0,240,1,Semiurban,472,2024-07-14,Rejected,43559.2,0.202,0.1769,0.3148,0.2473,0.1369
CUST10560,Male,32,Married,Graduate,No,91255.68,10753.73,19600.0,360,0,Urban,624,2022-11-03,Rejected,102009.41,0.192,0.646,0.7508,0.5159,0.3592
CUST10208,Male,45,Divorced,Post Graduate,No,54014.22,5180.12,13200.0,120,1,Semiurban,624,2022-04-24,Rejected,59194.34,0.223,0.3586,0.4924,0.5159,0.1964
CUST10910,Male,24,Married,Graduate,Yes,31111.16,6202.25,8800.0,60,1,Semiurban,578,2023-05-14,Rejected,37313.41,0.236,0.1819,0.3148,0.4346,0.1132
CUST11311,Female,38,Divorced,Post Graduate,No,87975.49,0.0,13200.0,360,1,Urban,552,2023-12-20,Rejected,87975.49,0.15,0.6207,0.4924,0.3887,0.3058
CUST10001,Female,48,Single,Post Graduate,Yes,35259.86,0.0,4600.0,120,1,Urban,657,2022-01-01,Approved,35259.86,0.13,0.2139,0.1453,0.5742,0.1054
CUST11365,Female,20,Widowed,Graduate,Yes,98184.64,0.0,20400.0,360,0,Rural,675,2024-01-18,Approved,98184.64,0.208,0.6995,0.783,0.606,0.3446
CUST10269,Male,26,Divorced,Graduate,No,43132.51,0.0,11500.0,360,1,Urban,526,2022-05-28,Rejected,43132.51,0.267,0.2746,0.4238,0.3428,0.1353
CUST10265,Male,39,Married,Post Graduate,No,17243.42,0.0,2200.0,120,1,Semiurban,505,2022-05-26,Rejected,17243.42,0.128,0.0749,0.0484,0.3057,0.0369
CUST10914,Female,44,Widowed,Not Graduate,Yes,44959.6,10170.31,5700.0,240,1,Urban,558,2023-05-16,Approved,55129.91,0.103,0.2887,0.1897,0.3993,0.1809
CUST10230,Male,38,Single,Graduate,No,102727.61,21924.76,25775.0,12,1,Semiurban,532,2022-05-06,Approved,124652.37,0.207,0.7345,1.0,0.3534,0.4453
CUST11988,Female,46,Married,Post Graduate,No,56143.81,23910.0,8300.0,240,1,Semiurban,555,2024-12-24,Approved,80053.81,0.104,0.375,0.2947,0.394,0.2757
CUST11119,Male,52,Single,Not Graduate,No,44131.88,0.0,5400.0,240,1,Semiurban,623,2023-09-05,Rejected,44131.88,0.122,0.2823,0.1776,0.5141,0.1391
CUST11983,Male,39,Single,Graduate,Yes,18301.14,12258.11,5900.0,36,1,Semiurban,672,2024-12-22,Approved,30559.25,0.193,0.083,0.1978,0.6007,0.0875
CUST10864,Male,47,Married,Post Graduate,No,60880.03,0.0,7300.0,360,0,Urban,701,2023-04-19,Rejected,60880.03,0.12,0.4116,0.2543,0.6519,0.2028
CUST11066,Female,55,Single,Not Graduate,No,126962.85,0.0,25775.0,360,1,Rural,602,2023-08-07,Approved,126962.85,0.203,0.9215,1.0,0.477,0.4541
CUST10873,Female,20,Married,Not Graduate,Yes,74090.8,10925.07,11100.0,12,1,Semiurban,631,2023-04-24,Approved,85015.87,0.131,0.5135,0.4077,0.5283,0.2946
CUST11807,Female,41,Married,Graduate,No,19007.56,35880.71,2700.0,360,1,Rural,625,2024-09-16,Rejected,54888.27,0.049,0.0885,0.0686,0.5177,0.18
CUST10398,Female,38,Single,Graduate,No,38933.91,0.0,4500.0,360,1,Semiurban,596,2022-08-07,Rejected,38933.91,0.116,0.2422,0.1413,0.4664,0.1194
CUST11838,Male,46,Divorced,Graduate,No,76679.03,25165.33,10000.0,240,1,Semiurban,638,2024-10-03,Rejected,101844.36,0.098,0.5335,0.3633,0.5406,0.3585
CUST11652,Male,54,Married,Graduate,No,117614.79,8814.7,16800.0,360,1,Rural,648,2024-06-23,Approved,126429.49,0.133,0.8494,0.6377,0.5583,0.452
CUST10045,Female,33,Married,Post Graduate,No,26546.52,0.0,3400.0,360,1,Semiurban,607,2022-01-25,Rejected,26546.52,0.128,0.1466,0.0969,0.4859,0.0723
CUST10161,Female,39,Married,Not Graduate,No,62031.66,15181.43,7700.0,360,1,Urban,638,2022-03-30,Approved,77213.09,0.1,0.4205,0.2704,0.5406,0.2649
CUST10991,Male,56,Single,Not Graduate,No,112816.69,0.0,25775.0,180,1,Urban,635,2023-06-27,Approved,112816.69,0.228,0.8124,1.0,0.5353,0.4003
CUST10727,Male,49,Married,Graduate,No,130688.29,4220.16,21900.0,360,1,Rural,603,2023-02-03,Rejected,134908.45,0.162,0.9503,0.8436,0.4788,0.4843
CUST10629,Female,43,Single,Graduate,No,20635.01,1944.72,3800.0,60,1,Urban,751,2022-12-11,Rejected,22579.73,0.168,0.101,0.113,0.7403,0.0572
CUST10288,Female,48,Single,Graduate,Yes,48423.81,6086.12,8300.0,360,1,Urban,654,2022-06-07,Approved,54509.93,0.152,0.3155,0.2947,0.5689,0.1786
CUST11613,Female,43,Single,Post Graduate,Yes,107544.05,5866.18,15000.0,360,1,Urban,486,2024-06-02,Rejected,113410.23,0.132,0.7717,0.5651,0.2721,0.4025
CUST11059,Male,49,Married,Not Graduate,No,50505.99,0.0,9100.0,120,1,Semiurban,654,2023-08-04,Rejected,50505.99,0.18,0.3315,0.3269,0.5689,0.1634
CUST11967,Female,26,Married,Not Graduate,Yes,43426.75,24340.34,5000.0,360,1,Rural,730,2024-12-13,Approved,67767.09,0.074,0.2769,0.1615,0.7032,0.229
CUST10575,Female,51,Married,Graduate,Yes,59001.04,29109.7,12500.0,360,1,Semiurban,731,2022-11-11,Rejected,88110.74,0.142,0.3971,0.4642,0.7049,0.3063
CUST10850,Male,38,Married,Not Graduate,No,19942.66,0.0,3700.0,360,1,Urban,823,2023-04-11,Approved,19942.66,0.186,0.0957,0.109,0.8675,0.0471
CUST11339,Female,32,Married,Graduate,No,26969.58,16463.97,4500.0,360,1,Urban,615,2024-01-04,Approved,43433.55,0.104,0.1499,0.1413,0.5,0.1365
CUST10911,Male,44,Single,Graduate,No,53799.95,0.0,8000.0,360,1,Urban,662,2023-05-15,Rejected,53799.95,0.149,0.357,0.2825,0.583,0.1759
CUST11254,Male,32,Divorced,Post Graduate,No,36133.01,3445.06,5200.0,240,1,Semiurban,850,2023-11-18,Rejected,39578.07,0.131,0.2206,0.1695,0.9152,0.1218
CUST11722,Male,45,Married,Not Graduate,No,51473.48,0.0,9600.0,360,1,Urban,626,2024-08-01,Approved,51473.48,0.187,0.339,0.3471,0.5194,0.167
CUST11831,Female,34,Single,Graduate,Yes,121531.8,149021.43,17500.0,360,0,Semiurban,696,2024-09-29,Approved,270553.23,0.065,0.8796,0.666,0.6431,1.0
CUST11735,Male,46,Divorced,Graduate,Yes,54512.57,3863.24,6300.0,120,1,Semiurban,674,2024-08-08,Approved,58375.81,0.108,0.3625,0.2139,0.6042,0.1933
CUST10932,Female,40,Married,Graduate,No,36798.76,11264.04,8400.0,240,1,Urban,686,2023-05-26,Approved,48062.8,0.175,0.2258,0.2987,0.6254,0.1541
CUST11100,Male,25,Widowed,Graduate,No,42612.79,0.0,5500.0,360,1,Urban,647,2023-08-26,Approved,42612.79,0.129,0.2706,0.1816,0.5565,0.1333
CUST11657,Female,32,Divorced,Not Graduate,No,22245.81,30120.45,3600.0,60,1,Urban,705,2024-06-26,Rejected,52366.26,0.069,0.1135,0.1049,0.659,0.1704
CUST11207,Female,44,Divorced,Graduate,No,80270.92,6363.79,12500.0,360,1,Urban,755,2023-10-24,Rejected,86634.71,0.144,0.5612,0.4642,0.7473,0.3007
CUST10247,Female,39,Married,Graduate,No,34278.5,14857.13,8500.0,360,1,Rural,676,2022-05-16,Rejected,49135.63,0.173,0.2063,0.3027,0.6078,0.1581
CUST10476,Female,49,Married,Graduate,No,137131.87,63461.71,25775.0,300,1,Urban,644,2022-09-18,Approved,200593.58,0.128,1.0,1.0,0.5512,0.734
CUST11694,Female,39,Married,Graduate,Yes,67170.17,13220.14,13400.0,60,1,Semiurban,602,2024-07-16,Rejected,80390.31,0.167,0.4601,0.5005,0.477,0.277
CUST10085,Male,48,Single,Not Graduate,No,49030.56,0.0,7400.0,120,0,Urban,651,2022-02-16,Approved,49030.56,0.151,0.3201,0.2583,0.5636,0.1577
CUST10469,Female,39,Married,Graduate,No,45529.34,7257.47,10600.0,360,1,Rural,676,2022-09-14,Approved,52786.81,0.201,0.2931,0.3875,0.6078,0.172
CUST10225,Female,61,Widowed,Graduate,No,79224.53,19534.25,11800.0,12,1,Urban,645,2022-05-04,Approved,98758.78,0.119,0.5531,0.4359,0.553,0.3468
CUST10774,Male,24,Single,Post Graduate,No,22783.63,3263.1,2500.0,60,1,Urban,594,2023-02-28,Rejected,26046.73,0.096,0.1176,0.0605,0.4629,0.0704
CUST10331,Male,46,Single,Post Graduate,No,57396.86,0.0,14400.0,12,1,Urban,536,2022-07-01,Rejected,57396.86,0.251,0.3847,0.5409,0.3604,0.1896
CUST10233,Female,60,Divorced,Not Graduate,No,46642.45,0.0,5300.0,60,1,Urban,603,2022-05-08,Approved,46642.45,0.114,0.3017,0.1736,0.4788,0.1487
CUST10588,Male,47,Married,Not Graduate,Yes,52489.93,0.0,11200.0,300,1,Semiurban,615,2022-11-19,Rejected,52489.93,0.213,0.3468,0.4117,0.5,0.1709
CUST10475,Male,21,Married,Not Graduate,No,33988.69,20678.08,5100.0,12,1,Semiurban,650,2022-09-18,Approved,54666.77,0.093,0.2041,0.1655,0.5618,0.1792
CUST11284,Female,25,Single,Post Graduate,No,59753.94,0.0,15100.0,360,1,Semiurban,672,2023-12-05,Rejected,59753.94,0.253,0.4029,0.5691,0.6007,0.1985
CUST11881,Female,44,Married,Graduate,Yes,105322.75,10194.88,24900.0,180,0,Rural,669,2024-10-27,Rejected,115517.63,0.216,0.7545,0.9647,0.5954,0.4105
CUST10599,Female,42,Single,Post Graduate,No,44177.9,10239.08,8100.0,360,1,Urban,633,2022-11-25,Approved,54416.98,0.149,0.2827,0.2866,0.5318,0.1782
CUST10421,Male,44,Married,Post Graduate,No,62383.19,19118.93,8000.0,180,1,Rural,542,2022-08-19,Rejected,81502.12,0.098,0.4232,0.2825,0.371,0.2812
CUST11711,Female,38,Married,Graduate,No,72880.96,7038.97,18500.0,240,1,Urban,645,2024-07-26,Approved,79919.93,0.231,0.5042,0.7064,0.553,0.2752
CUST10182,Female,47,Divorced,Graduate,No,19322.9,15685.57,2900.0,240,0,Semiurban,716,2022-04-10,Rejected,35008.47,0.083,0.0909,0.0767,0.6784,0.1044
CUST10988,Male,35,Single,Graduate,No,35497.26,6503.91,5100.0,360,1,Rural,722,2023-06-26,Approved,42001.17,0.121,0.2157,0.1655,0.689,0.131
CUST11000,Male,27,Married,Graduate,No,49391.4,28851.73,6800.0,360,1,Semiurban,690,2023-07-02,Rejected,78243.13,0.087,0.3229,0.2341,0.6325,0.2688
CUST11641,Male,33,Married,Graduate,No,119691.17,0.0,20100.0,120,1,Rural,625,2024-06-17,Approved,119691.17,0.168,0.8654,0.7709,0.5177,0.4264
CUST11356,Female,45,Married,Graduate,No,59768.34,16286.74,11000.0,360,1,Rural,679,2024-01-13,Rejected,76055.08,0.145,0.403,0.4036,0.6131,0.2605
CUST11462,Male,48,Married,Post Graduate,No,33891.92,62248.56,5600.0,360,1,Urban,735,2024-03-11,Rejected,96140.48,0.058,0.2033,0.1857,0.712,0.3369
CUST10049,Male,23,Single,Graduate,No,38941.14,11930.6,4400.0,360,1,Urban,642,2022-01-27,Approved,50871.74,0.086,0.2423,0.1372,0.5477,0.1647
CUST11888,Female,58,Widowed,Graduate,No,17399.04,0.0,4600.0,36,1,Urban,732,2024-10-31,Rejected,17399.04,0.264,0.0761,0.1453,0.7067,0.0375
CUST11029,Female,23,Widowed,Not Graduate,No,38264.97,35451.4,6400.0,60,1,Rural,605,2023-07-18,Approved,73716.37,0.087,0.2371,0.218,0.4823,0.2516
CUST10529,Male,37,Single,Graduate,No,52493.91,0.0,8700.0,360,1,Semiurban,614,2022-10-17,Approved,52493.91,0.166,0.3469,0.3108,0.4982,0.1709
CUST11258,Female,27,Widowed,Graduate,Yes,23815.78,43223.23,8300.0,360,1,Rural,801,2023-11-21,Approved,67039.01,0.124,0.1256,0.2947,0.8286,0.2262
CUST10486,Female,44,Single,Not Graduate,No,37393.71,11354.03,7300.0,360,1,Semiurban,528,2022-09-24,Rejected,48747.74,0.15,0.2304,0.2543,0.3463,0.1567
CUST11964,Male,42,Single,Not Graduate,No,53957.88,0.0,16600.0,360,1,Semiurban,788,2024-12-11,Approved,53957.88,0.308,0.3582,0.6297,0.8057,0.1765
CUST10497,Female,44,Married,Graduate,No,36158.26,149632.71,7300.0,360,1,Semiurban,739,2022-09-30,Approved,185790.97,0.039,0.2208,0.2543,0.7191,0.6777
CUST11646,Male,65,Single,Not Graduate,No,68469.91,3133.37,10100.0,120,1,Urban,653,2024-06-20,Rejected,71603.28,0.141,0.4702,0.3673,0.5671,0.2436
CUST10106,Female,57,Married,Graduate,No,80619.19,7913.82,14300.0,60,0,Rural,701,2022-02-28,Approved,88533.01,0.162,0.5639,0.5368,0.6519,0.3079
CUST10443,Male,31,Married,Not Graduate,No,36747.85,11337.65,4200.0,360,1,Urban,754,2022-08-31,Rejected,48085.5,0.087,0.2254,0.1292,0.7456,0.1541
CUST11512,Female,38,Single,Post Graduate,Yes,17873.23,0.0,3000.0,360,1,Urban,565,2024-04-08,Approved,17873.23,0.168,0.0797,0.0807,0.4117,0.0393
CUST10646,Male,54,Married,Not Graduate,No,43085.59,0.0,6100.0,240,1,Urban,599,2022-12-20,Rejected,43085.59,0.142,0.2743,0.2059,0.4717,0.1351
CUST11036,Male,56,Divorced,Graduate,Yes,51563.46,0.0,6100.0,60,1,Urban,891,2023-07-22,Approved,51563.46,0.118,0.3397,0.2059,0.9876,0.1674
CUST11762,Male,43,Married,Graduate,No,26373.68,0.0,4400.0,360,1,Rural,552,2024-08-23,Rejected,26373.68,0.167,0.1453,0.1372,0.3887,0.0716
CUST10726,Male,36,Married,Graduate,No,20340.13,0.0,5500.0,360,1,Semiurban,651,2023-02-02,Approved,20340.13,0.27,0.0988,0.1816,0.5636,0.0487
CUST10190,Female,30,Single,Not Graduate,No,17085.06,0.0,2500.0,180,0,Rural,445,2022-04-15,Rejected,17085.06,0.146,0.0736,0.0605,0.1996,0.0363
CUST11788,Female,45,Married,Not Graduate,No,34966.35,39409.69,6100.0,360,1,Semiurban,805,2024-09-06,Approved,74376.04,0.082,0.2116,0.2059,0.8357,0.2541
CUST11856,Male,35,Single,Not Graduate,Yes,84053.55,0.0,25100.0,360,0,Semiurban,719,2024-10-13,Approved,84053.55,0.299,0.5904,0.9728,0.6837,0.2909
CUST10282,Male,37,Married,Not Graduate,No,36320.18,7609.77,4300.0,300,1,Semiurban,757,2022-06-04,Approved,43929.95,0.098,0.2221,0.1332,0.7509,0.1383
CUST10029,Female,29,Single,Graduate,No,105609.01,17229.75,13300.0,240,1,Semiurban,517,2022-01-16,Approved,122838.76,0.108,0.7567,0.4965,0.3269,0.4384
CUST10169,Female,38,Single,Graduate,No,27099.21,6558.63,3500.0,240,1,Urban,698,2022-04-03,Approved,33657.84,0.104,0.1509,0.1009,0.6466,0.0993
CUST11001,Female,44,Married,Graduate,No,30807.71,21850.89,7100.0,36,0,Semiurban,519,2023-07-03,Approved,52658.6,0.135,0.1795,0.2462,0.3304,0.1715
CUST11204,Male,30,Divorced,Not Graduate,Yes,48423.81,0.0,8300.0,360,1,Rural,767,2023-10-22,Rejected,48423.81,0.171,0.3155,0.2947,0.7686,0.1554
CUST10100,Male,44,Married,Not Graduate,No,96263.69,3325.52,10800.0,360,0,Semiurban,668,2022-02-24,Rejected,99589.21,0.108,0.6846,0.3956,0.5936,0.35
CUST10197,Male,29,Married,Not Graduate,Yes,51394.24,0.0,6900.0,360,1,Urban,772,2022-04-18,Approved,51394.24,0.134,0.3384,0.2381,0.7774,0.1667
CUST10495,Female,32,Married,Graduate,No,32196.62,0.0,4500.0,360,1,Semiurban,587,2022-09-29,Rejected,32196.62,0.14,0.1902,0.1413,0.4505,0.0937
CUST11745,Female,37,Married,Graduate,Yes,8735.15,7030.29,1400.0,360,1,Semiurban,645,2024-08-13,Approved,15765.44,0.089,0.0092,0.0161,0.553,0.0313
CUST10647,Female,37,Married,Not Graduate,No,26899.89,12322.7,3500.0,120,1,Rural,681,2022-12-21,Rejected,39222.59,0.089,0.1494,0.1009,0.6166,0.1205
CUST10987,Male,38,Married,Graduate,No,42571.25,21660.32,7500.0,300,1,Semiurban,740,2023-06-25,Approved,64231.57,0.117,0.2703,0.2624,0.7208,0.2155
CUST10044,Female,38,Single,Not Graduate,No,22146.68,13706.48,2800.0,240,1,Urban,672,2022-01-25,Rejected,35853.16,0.078,0.1127,0.0727,0.6007,0.1076
CUST11948,Male,35,Married,Not Graduate,No,25203.81,5731.11,3000.0,180,1,Rural,600,2024-12-03,Approved,30934.92,0.097,0.1363,0.0807,0.4735,0.0889
CUST10710,Female,39,Single,Not Graduate,Yes,63281.87,33624.24,7800.0,360,1,Rural,675,2023-01-24,Approved,96906.11,0.08,0.4301,0.2745,0.606,0.3398
CUST10373,Male,40,Married,Post Graduate,No,37807.81,42888.88,5800.0,60,1,Semiurban,707,2022-07-24,Rejected,80696.69,0.072,0.2335,0.1937,0.6625,0.2781
CUST10678,Male,38,Single,Post Graduate,No,105415.74,0.0,25775.0,360,1,Semiurban,669,2023-01-07,Approved,105415.74,0.245,0.7553,1.0,0.5954,0.3721
CUST10566,Male,58,Single,Graduate,No,137131.87,62461.57,25775.0,360,1,Semiurban,676,2022-11-07,Approved,199593.44,0.129,1.0,1.0,0.6078,0.7302
CUST11672,Male,28,Single,Not Graduate,No,47804.95,0.0,8800.0,300,1,Semiurban,653,2024-07-04,Approved,47804.95,0.184,0.3107,0.3148,0.5671,0.1531
CUST10847,Female,48,Divorced,Post Graduate,No,50097.24,14351.76,5600.0,240,1,Rural,673,2023-04-09,Approved,64449.0,0.087,0.3284,0.1857,0.6025,0.2164
CUST10460,Female,53,Single,Graduate,Yes,90820.28,5148.5,13100.0,360,1,Semiurban,695,2022-09-09,Rejected,95968.78,0.137,0.6426,0.4884,0.6413,0.3362
CUST11437,Female,29,Married,Not Graduate,Yes,18291.82,0.0,3900.0,180,1,Rural,625,2024-02-27,Approved,18291.82,0.213,0.0829,0.1171,0.5177,0.0409
CUST11155,Male,41,Divorced,Post Graduate,No,96227.91,0.0,12300.0,300,1,Semiurban,591,2023-09-25,Approved,96227.91,0.128,0.6844,0.4561,0.4576,0.3372
CUST10039,Female,39,Widowed,Not Graduate,No,78586.86,6754.72,9700.0,360,0,Rural,553,2022-01-22,Approved,85341.58,0.114,0.5482,0.3512,0.3905,0.2958
CUST10434,Male,38,Single,Graduate,No,42056.45,40771.99,6900.0,360,0,Rural,676,2022-08-26,Approved,82828.44,0.083,0.2663,0.2381,0.6078,0.2862
CUST10973,Female,23,Divorced,Graduate,No,22296.5,3300.4,5700.0,300,0,Rural,777,2023-06-17,Approved,25596.9,0.223,0.1139,0.1897,0.7862,0.0686
CUST11239,Male,38,Married,Graduate,No,41375.21,33838.2,5700.0,360,0,Urban,869,2023-11-10,Rejected,75213.41,0.076,0.2611,0.1897,0.9488,0.2573
CUST11007,Male,41,Married,Post Graduate,No,29891.23,1662.78,3300.0,300,1,Rural,446,2023-07-06,Rejected,31554.01,0.105,0.1725,0.0928,0.2014,0.0913
CUST11579,Male,43,Divorced,Not Graduate,Yes,58009.9,12612.97,8000.0,360,1,Semiurban,646,2024-05-14,Rejected,70622.87,0.113,0.3894,0.2825,0.5548,0.2398
CUST11590,Male,31,Married,Not Graduate,No,89196.89,13718.63,23700.0,360,1,Semiurban,746,2024-05-20,Approved,102915.52,0.23,0.6301,0.9162,0.7314,0.3626
CUST11786,Male,30,Divorced,Graduate,No,15741.76,46235.26,2800.0,360,1,Urban,647,2024-09-05,Approved,61977.02,0.045,0.0633,0.0727,0.5565,0.207
CUST11498,Male,46,Single,Post Graduate,No,64704.75,0.0,13800.0,120,1,Rural,539,2024-03-31,Rejected,64704.75,0.213,0.4411,0.5166,0.3657,0.2173
CUST10456,Female,55,Widowed,Not Graduate,No,33516.3,14530.85,8900.0,360,1,Rural,664,2022-09-07,Rejected,48047.15,0.185,0.2004,0.3189,0.5866,0.154
CUST11835,Male,33,Divorced,Not Graduate,No,46679.5,13271.15,12900.0,180,1,Urban,759,2024-10-02,Rejected,59950.65,0.215,0.302,0.4803,0.7544,0.1993
CUST10260,Male,38,Divorced,Graduate,No,45763.06,0.0,13500.0,360,0,Rural,649,2022-05-23,Approved,45763.06,0.295,0.2949,0.5045,0.5601,0.1453
CUST11840,Male,36,Married,Graduate,Yes,137131.87,7154.12,25775.0,180,1,Urban,545,2024-10-04,Rejected,144285.99,0.179,1.0,1.0,0.3763,0.5199
CUST10035,Male,42,Married,Graduate,No,64787.46,14103.98,12900.0,360,1,Semiurban,640,2022-01-20,Rejected,78891.44,0.164,0.4417,0.4803,0.5442,0.2713
CUST10827,Male,44,Single,Not Graduate,Yes,37756.43,12238.7,5300.0,360,1,Rural,708,2023-03-30,Approved,49995.13,0.106,0.2332,0.1736,0.6643,0.1614
CUST10309,Male,43,Married,Not Graduate,No,131208.63,16161.37,19700.0,12,0,Urban,700,2022-06-19,Approved,147370.0,0.134,0.9543,0.7548,0.6502,0.5316
CUST10276,Male,26,Single,Graduate,No,93796.64,13338.77,12200.0,360,1,Urban,677,2022-06-01,Approved,107135.41,0.114,0.6656,0.4521,0.6095,0.3787
CUST10636,Female,62,Single,Not Graduate,No,53150.21,0.0,8000.0,360,1,Rural,595,2022-12-15,Approved,53150.21,0.151,0.3519,0.2825,0.4647,0.1734
CUST10622,Female,27,Single,Not Graduate,Yes,53708.73,0.0,7100.0,360,1,Urban,443,2022-12-07,Rejected,53708.73,0.132,0.3562,0.2462,0.1961,0.1755
CUST11859,Male,51,Married,Not Graduate,No,23912.01,35189.43,3400.0,360,1,Semiurban,653,2024-10-15,Approved,59101.44,0.058,0.1263,0.0969,0.5671,0.196
CUST10844,Male,31,Single,Graduate,Yes,57046.45,10063.45,7500.0,12,0,Rural,780,2023-04-08,Rejected,67109.9,0.112,0.382,0.2624,0.7915,0.2265
CUST10393,Female,55,Single,Graduate,Yes,80198.12,9803.45,9600.0,240,1,Rural,626,2022-08-04,Approved,90001.57,0.107,0.5607,0.3471,0.5194,0.3135
CUST11769,Female,37,Divorced,Not Graduate,No,40863.82,16087.3,5000.0,360,1,Semiurban,602,2024-08-27,Approved,56951.12,0.088,0.2571,0.1615,0.477,0.1879
CUST10107,Male,41,Single,Post Graduate,No,50988.74,20130.58,9300.0,12,1,Semiurban,660,2022-02-28,Approved,71119.32,0.131,0.3353,0.335,0.5795,0.2417
CUST10349,Male,42,Single,Post Graduate,Yes,46737.5,0.0,8000.0,300,1,Semiurban,637,2022-07-11,Approved,46737.5,0.171,0.3025,0.2825,0.5389,0.149
CUST10524,Male,35,Married,Not Graduate,No,25190.23,91125.93,4100.0,360,1,Urban,733,2022-10-15,Rejected,116316.16,0.035,0.1362,0.1251,0.7085,0.4136
CUST10784,Female,53,Divorced,Not Graduate,No,49214.9,7920.49,15000.0,300,0,Semiurban,696,2023-03-06,Rejected,57135.39,0.263,0.3216,0.5651,0.6431,0.1886
CUST10047,Male,43,Married,Not Graduate,No,46262.58,1224.58,12600.0,300,1,Rural,677,2022-01-26,Approved,47487.16,0.265,0.2988,0.4682,0.6095,0.1519
CUST10203,Male,45,Married,Post Graduate,No,26481.98,12309.9,4600.0,120,1,Semiurban,619,2022-04-22,Rejected,38791.88,0.119,0.1461,0.1453,0.5071,0.1188
CUST11655,Female,45,Married,Graduate,No,65246.51,20073.8,9500.0,360,1,Semiurban,535,2024-06-25,Approved,85320.31,0.111,0.4453,0.3431,0.3587,0.2957
CUST10021,Female,38,Single,Not Graduate,No,137131.87,4173.11,25775.0,360,1,Urban,697,2022-01-12,Approved,141304.98,0.182,1.0,1.0,0.6449,0.5086
CUST10402,Female,42,Single,Graduate,No,72935.03,0.0,16400.0,360,1,Semiurban,738,2022-08-09,Approved,72935.03,0.225,0.5046,0.6216,0.7173,0.2486
CUST11107,Female,65,Single,Not Graduate,No,28891.17,42306.5,3700.0,36,1,Urban,459,2023-08-30,Rejected,71197.67,0.052,0.1647,0.109,0.2244,0.242
CUST11154,Female,29,Married,Not Graduate,Yes,54155.38,21399.56,8200.0,360,0,Urban,558,2023-09-25,Approved,75554.94,0.109,0.3597,0.2906,0.3993,0.2586
CUST11439,Female,44,Married,Graduate,Yes,100628.51,0.0,13600.0,360,1,Rural,714,2024-02-28,Approved,100628.51,0.135,0.7183,0.5086,0.6749,0.3539
CUST10989,Female,37,Married,Not Graduate,No,17568.67,0.0,3400.0,360,0,Semiurban,642,2023-06-26,Approved,17568.67,0.194,0.0774,0.0969,0.5477,0.0381
CUST11865,Female,49,Married,Graduate,No,27086.43,11020.44,8100.0,360,0,Rural,654,2024-10-18,Approved,38106.87,0.213,0.1508,0.2866,0.5689,0.1162
CUST10741,Male,43,Single,Not Graduate,Yes,114058.13,15496.06,18300.0,360,1,Rural,730,2023-02-10,Approved,129554.19,0.141,0.8219,0.6983,0.7032,0.4639
CUST11721,Male,26,Married,Not Graduate,No,51024.36,39295.14,8500.0,360,0,Urban,542,2024-07-31,Approved,90319.5,0.094,0.3355,0.3027,0.371,0.3147
CUST11310,Female,42,Divorced,Post Graduate,No,77530.65,8341.23,18400.0,180,1,Rural,785,2023-12-19,Rejected,85871.88,0.214,0.5401,0.7023,0.8004,0.2978
CUST11147,Female,47,Married,Graduate,No,44842.73,3328.69,5100.0,300,1,Urban,661,2023-09-21,Approved,48171.42,0.106,0.2878,0.1655,0.5813,0.1545
CUST10033,Female,29,Married,Not Graduate,No,72175.72,3798.46,8600.0,60,0,Rural,621,2022-01-19,Approved,75974.18,0.113,0.4988,0.3068,0.5106,0.2602
CUST10787,Male,29,Widowed,Graduate,No,74157.45,9949.76,8700.0,360,1,Rural,683,2023-03-08,Rejected,84107.21,0.103,0.514,0.3108,0.6201,0.2911
CUST11540,Female,38,Married,Graduate,No,78637.31,7030.83,10400.0,360,1,Semiurban,637,2024-04-23,Approved,85668.14,0.121,0.5486,0.3794,0.5389,0.297
CUST10923,Female,29,Divorced,Graduate,Yes,137131.87,74826.74,25775.0,60,1,Urban,515,2023-05-21,Approved,211958.61,0.122,1.0,1.0,0.3233,0.7772
CUST11043,Female,47,Married,Not Graduate,No,137131.87,0.0,21900.0,360,1,Urban,712,2023-07-26,Rejected,137131.87,0.16,1.0,0.8436,0.6714,0.4927
CUST11945,Female,45,Married,Graduate,No,117119.78,32503.55,20000.0,360,1,Urban,588,2024-12-01,Rejected,149623.33,0.134,0.8456,0.7669,0.4523,0.5402
CUST11243,Male,49,Married,Not Graduate,No,44617.01,6183.9,11600.0,36,1,Urban,692,2023-11-12,Approved,50800.91,0.228,0.2861,0.4279,0.636,0.1645
CUST11915,Male,38,Single,Post Graduate,No,137131.87,22512.07,25775.0,240,1,Semiurban,629,2024-11-14,Rejected,159643.94,0.161,1.0,1.0,0.5247,0.5783
CUST10579,Male,36,Divorced,Graduate,No,132817.1,0.0,25775.0,180,1,Urban,745,2022-11-14,Rejected,132817.1,0.194,0.9667,1.0,0.7297,0.4763
CUST10481,Male,27,Single,Not Graduate,No,21706.87,15399.91,4000.0,360,1,Rural,594,2022-09-21,Approved,37106.78,0.108,0.1093,0.1211,0.4629,0.1124
CUST10931,Female,44,Single,Graduate,No,34459.14,9276.3,4800.0,60,1,Semiurban,585,2023-05-25,Approved,43735.44,0.11,0.2077,0.1534,0.447,0.1376
CUST10356,Male,41,Married,Graduate,Yes,69195.57,13513.83,14500.0,360,1,Semiurban,645,2022-07-15,Approved,82709.4,0.175,0.4758,0.5449,0.553,0.2858
CUST11685,Male,21,Single,Not Graduate,Yes,137131.87,0.0,25775.0,360,1,Urban,448,2024-07-11,Approved,137131.87,0.188,1.0,1.0,0.2049,0.4927
CUST11248,Male,50,Divorced,Not Graduate,No,21433.59,0.0,6200.0,360,1,Semiurban,612,2023-11-15,Rejected,21433.59,0.289,0.1072,0.2099,0.4947,0.0528
CUST10759,Female,36,Married,Graduate,No,137131.87,71822.27,25775.0,300,1,Urban,658,2023-02-20,Approved,208954.14,0.123,1.0,1.0,0.576,0.7658
CUST10092,Female,43,Married,Graduate,No,63260.32,8830.07,11400.0,360,0,Semiurban,637,2022-02-20,Approved,72090.39,0.158,0.43,0.4198,0.5389,0.2454
CUST11175,Male,45,Widowed,Graduate,Yes,123684.48,66951.01,8300.0,360,0,Urban,708,2023-10-06,Rejected,190635.49,0.044,0.8962,0.2947,0.6643,0.6961
CUST11415,Female,35,Widowed,Not Graduate,No,54490.01,0.0,14500.0,360,1,Urban,584,2024-02-15,Approved,54490.01,0.266,0.3623,0.5449,0.4452,0.1785
CUST11341,Female,43,Widowed,Not Graduate,Yes,53468.51,0.0,6400.0,360,1,Semiurban,773,2024-01-05,Approved,53468.51,0.12,0.3544,0.218,0.7792,0.1746
CUST11472,Male,44,Widowed,Not Graduate,No,33013.63,18529.44,3700.0,360,1,Urban,681,2024-03-17,Rejected,51543.07,0.072,0.1966,0.109,0.6166,0.1673
CUST10803,Female,46,Married,Graduate,Yes,27569.89,2389.84,3600.0,240,1,Urban,655,2023-03-16,Rejected,29959.73,0.12,0.1545,0.1049,0.5707,0.0852
CUST10745,Female,47,Married,Graduate,No,54044.04,7053.92,16000.0,12,1,Urban,677,2023-02-13,Approved,61097.96,0.262,0.3588,0.6054,0.6095,0.2036
CUST11546,Male,53,Single,Not Graduate,No,23073.33,8389.67,5100.0,360,1,Rural,514,2024-04-26,Approved,31463.0,0.162,0.1198,0.1655,0.3216,0.0909
CUST10279,Female,28,Single,Graduate,No,36999.52,40486.97,10400.0,360,1,Rural,706,2022-06-02,Approved,77486.49,0.134,0.2273,0.3794,0.6608,0.2659
CUST11607,Male,24,Widowed,Graduate,No,47894.07,3675.54,6200.0,360,1,Semiurban,683,2024-05-30,Approved,51569.61,0.12,0.3114,0.2099,0.6201,0.1674
CUST10764,Female,26,Single,Graduate,Yes,86994.41,10340.85,25400.0,180,1,Rural,691,2023-02-23,Approved,97335.26,0.261,0.6131,0.9849,0.6343,0.3414
CUST10604,Female,54,Divorced,Not Graduate,No,33376.49,16606.34,3800.0,240,1,Urban,766,2022-11-27,Rejected,49982.83,0.076,0.1994,0.113,0.7668,0.1614
CUST11373,Female,31,Married,Not Graduate,No,48423.81,7159.72,8300.0,120,0,Urban,684,2024-01-23,Rejected,55583.53,0.149,0.3155,0.2947,0.6219,0.1827
CUST11951,Male,20,Single,Graduate,Yes,31496.43,0.0,3800.0,12,0,Urban,703,2024-12-04,Approved,31496.43,0.121,0.1848,0.113,0.6555,0.0911
CUST11398,Female,29,Divorced,Graduate,No,42349.1,5284.32,10800.0,360,1,Rural,673,2024-02-05,Approved,47633.42,0.227,0.2686,0.3956,0.6025,0.1524
CUST10400,Male,38,Single,Not Graduate,Yes,30219.34,0.0,3900.0,360,1,Urban,622,2022-08-08,Approved,30219.34,0.129,0.175,0.1171,0.5124,0.0862
CUST11728,Male,33,Married,Post Graduate,No,40927.79,70282.56,5600.0,360,0,Rural,586,2024-08-04,Approved,111210.35,0.05,0.2576,0.1857,0.4488,0.3942
CUST10257,Male,52,Single,Not Graduate,No,91173.0,7716.85,25200.0,300,1,Semiurban,456,2022-05-21,Rejected,98889.85,0.255,0.6453,0.9768,0.2191,0.3473
CUST10944,Female,38,Married,Not Graduate,Yes,119560.04,5276.18,16300.0,360,0,Semiurban,766,2023-06-02,Approved,124836.22,0.131,0.8644,0.6176,0.7668,0.446
CUST11875,Female,27,Married,Not Graduate,No,34713.03,15783.56,4100.0,12,1,Urban,657,2024-10-24,Rejected,50496.59,0.081,0.2097,0.1251,0.5742,0.1633
CUST11096,Male,28,Married,Graduate,No,67738.73,11096.9,8200.0,300,1,Urban,743,2023-08-24,Approved,78835.63,0.104,0.4645,0.2906,0.7261,0.2711
CUST11219,Male,47,Widowed,Graduate,No,20979.07,8338.0,2600.0,360,0,Urban,583,2023-10-30,Approved,29317.07,0.089,0.1037,0.0646,0.4435,0.0828
CUST11507,Female,24,Married,Not Graduate,No,46825.41,18534.82,6700.0,360,1,Semiurban,560,2024-04-05,Rejected,65360.23,0.103,0.3031,0.2301,0.4028,0.2198
CUST11879,Female,54,Divorced,Not Graduate,No,45203.67,30966.0,9100.0,300,0,Urban,686,2024-10-26,Rejected,76169.67,0.119,0.2906,0.3269,0.6254,0.2609
CUST11161,Female,31,Married,Post Graduate,No,63445.02,9619.1,18600.0,360,1,Urban,621,2023-09-28,Rejected,73064.12,0.255,0.4314,0.7104,0.5106,0.2491
CUST10494,Female,47,Married,Not Graduate,Yes,68433.43,9638.15,8000.0,360,0,Urban,693,2022-09-28,Rejected,78071.58,0.102,0.4699,0.2825,0.6378,0.2682
CUST10772,Female,36,Married,Graduate,No,32484.01,63806.79,5500.0,300,0,Semiurban,648,2023-02-27,Rejected,96290.8,0.057,0.1925,0.1816,0.5583,0.3374
CUST10550,Female,48,Married,Not Graduate,No,75360.59,10953.84,11300.0,360,1,Semiurban,586,2022-10-29,Approved,86314.43,0.131,0.5233,0.4157,0.4488,0.2995
CUST11486,Female,39,Divorced,Graduate,Yes,21489.15,37775.47,2400.0,240,1,Urban,561,2024-03-24,Approved,59264.62,0.04,0.1076,0.0565,0.4046,0.1967
CUST10201,Female,42,Married,Not Graduate,Yes,34937.18,0.0,5000.0,36,1,Urban,842,2022-04-21,Approved,34937.18,0.143,0.2114,0.1615,0.9011,0.1042
CUST10312,Male,36,Widowed,Post Graduate,No,23461.03,43586.29,2700.0,360,1,Rural,784,2022-06-20,Approved,67047.32,0.04,0.1228,0.0686,0.7986,0.2262
CUST10290,Female,31,Married,Not Graduate,Yes,46761.4,8152.69,6000.0,360,1,Urban,689,2022-06-08,Approved,54914.09,0.109,0.3026,0.2018,0.6307,0.1801
CUST11213,Female,28,Married,Graduate,No,48088.2,5420.9,8600.0,360,1,Rural,623,2023-10-27,Approved,53509.1,0.161,0.3129,0.3068,0.5141,0.1748
CUST10763,Male,49,Single,Graduate,No,22667.84,7912.17,2800.0,300,1,Semiurban,598,2023-02-22,Approved,30580.01,0.092,0.1167,0.0727,0.47,0.0876
CUST11136,Female,31,Married,Graduate,No,31401.76,10964.25,7000.0,180,1,Semiurban,843,2023-09-15,Approved,42366.01,0.165,0.1841,0.2422,0.9028,0.1324
CUST10949,Male,34,Married,Post Graduate,No,58935.69,1585.84,9200.0,360,1,Semiurban,574,2023-06-04,Approved,60521.53,0.152,0.3966,0.331,0.4276,0.2014
CUST10183,Male,42,Married,Graduate,No,42976.99,9268.96,5700.0,360,1,Semiurban,672,2022-04-11,Rejected,52245.95,0.109,0.2734,0.1897,0.6007,0.17
CUST11176,Female,31,Married,Post Graduate,No,58920.63,25322.59,6800.0,360,0,Rural,521,2023-10-07,Rejected,84243.22,0.081,0.3965,0.2341,0.3339,0.2916
CUST11848,Female,41,Single,Not Graduate,Yes,19414.03,36498.98,2500.0,180,1,Semiurban,663,2024-10-09,Approved,55913.01,0.045,0.0916,0.0605,0.5848,0.1839
CUST11349,Male,72,Married,Not Graduate,No,23392.47,2468.96,4800.0,240,1,Semiurban,699,2024-01-09,Approved,25861.43,0.186,0.1223,0.1534,0.6484,0.0697
CUST11727,Male,40,Single,Post Graduate,No,26199.26,0.0,3300.0,360,1,Urban,694,2024-08-04,Rejected,26199.26,0.126,0.144,0.0928,0.6396,0.0709
CUST11068,Male,30,Single,Graduate,No,42485.56,0.0,10000.0,120,1,Semiurban,655,2023-08-09,Rejected,42485.56,0.235,0.2696,0.3633,0.5707,0.1329
CUST11811,Female,48,Married,Graduate,No,39331.42,23709.22,4700.0,60,1,Urban,680,2024-09-19,Approved,63040.64,0.075,0.2453,0.1493,0.6148,0.211
CUST11030,Female,33,Widowed,Not Graduate,No,50147.45,7717.55,12100.0,180,1,Urban,614,2023-07-19,Approved,57865.0,0.209,0.3288,0.448,0.4982,0.1913
CUST10250,Female,35,Single,Not Graduate,No,54683.31,8892.96,9200.0,360,1,Semiurban,586,2022-05-17,Approved,63576.27,0.145,0.3638,0.331,0.4488,0.213
CUST10823,Female,43,Married,Post Graduate,No,98035.49,0.0,13200.0,360,1,Urban,473,2023-03-27,Approved,98035.49,0.135,0.6983,0.4924,0.2491,0.3441
CUST11099,Male,33,Divorced,Graduate,Yes,137131.87,10750.87,25775.0,120,1,Urban,671,2023-08-26,Approved,147882.74,0.174,1.0,1.0,0.5989,0.5336
CUST11536,Female,27,Married,Not Graduate,No,47744.14,16064.34,11100.0,360,1,Semiurban,689,2024-04-21,Rejected,63808.48,0.174,0.3102,0.4077,0.6307,0.2139
CUST10940,Male,25,Single,Graduate,No,63182.87,0.0,9900.0,360,1,Urban,550,2023-05-30,Rejected,63182.87,0.157,0.4294,0.3592,0.3852,0.2116
CUST10391,Male,36,Divorced,Graduate,No,38784.88,0.0,5400.0,180,1,Urban,503,2022-08-03,Approved,38784.88,0.139,0.2411,0.1776,0.3021,0.1188
CUST11919,Female,24,Single,Not Graduate,Yes,122634.03,35779.34,25775.0,360,1,Urban,586,2024-11-17,Rejected,158413.37,0.163,0.8881,1.0,0.4488,0.5736
CUST11456,Male,38,Married,Not Graduate,No,24518.71,40907.18,4800.0,360,1,Urban,625,2024-03-08,Rejected,65425.89,0.073,0.131,0.1534,0.5177,0.2201
CUST11092,Male,44,Married,Graduate,No,72080.94,0.0,10800.0,360,0,Urban,757,2023-08-22,Approved,72080.94,0.15,0.498,0.3956,0.7509,0.2454
CUST11191,Female,47,Married,Not Graduate,Yes,37259.15,8615.13,5100.0,360,1,Urban,619,2023-10-15,Rejected,45874.28,0.111,0.2293,0.1655,0.5071,0.1457
CUST10904,Female,28,Married,Graduate,No,35928.73,0.0,4600.0,360,1,Semiurban,734,2023-05-11,Approved,35928.73,0.128,0.219,0.1453,0.7102,0.1079
CUST10730,Male,40,Married,Not Graduate,No,23979.79,6760.01,3200.0,60,1,Semiurban,710,2023-02-04,Rejected,30739.8,0.104,0.1268,0.0888,0.6678,0.0882
CUST10554,Male,35,Single,Not Graduate,Yes,57651.28,3173.11,7900.0,360,1,Urban,646,2022-10-31,Approved,60824.39,0.13,0.3867,0.2785,0.5548,0.2026
CUST10366,Male,52,Single,Not Graduate,No,63395.72,15801.04,12400.0,240,1,Urban,537,2022-07-20,Approved,79196.76,0.157,0.431,0.4601,0.3622,0.2724
CUST10345,Female,33,Single,Post Graduate,No,47533.84,18787.15,9800.0,360,1,Urban,692,2022-07-08,Approved,66320.99,0.148,0.3086,0.3552,0.636,0.2235
CUST11608,Female,36,Single,Not Graduate,No,137131.87,0.0,20600.0,360,1,Urban,638,2024-05-30,Approved,137131.87,0.15,1.0,0.7911,0.5406,0.4927
CUST10535,Male,47,Divorced,Post Graduate,No,32774.31,14068.35,6400.0,300,1,Semiurban,653,2022-10-21,Approved,46842.66,0.137,0.1947,0.218,0.5671,0.1494
CUST11422,Female,35,Married,Graduate,Yes,16639.82,31116.89,4100.0,360,1,Urban,531,2024-02-18,Approved,47756.71,0.086,0.0702,0.1251,0.3516,0.1529
CUST11209,Female,31,Single,Not Graduate,Yes,45583.21,5383.55,7500.0,120,0,Semiurban,653,2023-10-25,Approved,50966.76,0.147,0.2935,0.2624,0.5671,0.1651
CUST11372,Female,39,Married,Not Graduate,No,73438.25,0.0,12800.0,360,1,Semiurban,600,2024-01-22,Approved,73438.25,0.174,0.5085,0.4763,0.4735,0.2505
CUST11639,Male,34,Divorced,Graduate,No,25426.27,11289.89,3300.0,360,1,Rural,689,2024-06-16,Approved,36716.16,0.09,0.138,0.0928,0.6307,0.1109
CUST10919,Female,39,Married,Not Graduate,Yes,25961.19,6145.52,4300.0,240,1,Semiurban,653,2023-05-19,Approved,32106.71,0.134,0.1421,0.1332,0.5671,0.0934
CUST10211,Female,69,Single,Not Graduate,No,137131.87,4468.81,25775.0,360,1,Urban,595,2022-04-26,Approved,141600.68,0.182,1.0,1.0,0.4647,0.5097
CUST11603,Female,44,Married,Post Graduate,Yes,65547.84,69724.02,8300.0,60,1,Urban,827,2024-05-28,Approved,135271.86,0.061,0.4476,0.2947,0.8746,0.4856
CUST10502,Female,31,Married,Not Graduate,No,19106.05,25856.59,8300.0,360,1,Urban,696,2022-10-02,Rejected,44962.64,0.185,0.0892,0.2947,0.6431,0.1423
CUST10537,Male,38,Married,Graduate,No,32771.72,22523.05,4500.0,180,1,Rural,733,2022-10-22,Approved,55294.77,0.081,0.1947,0.1413,0.7085,0.1816
CUST11220,Male,19,Divorced,Graduate,No,36228.56,14709.7,8800.0,36,1,Urban,851,2023-10-31,Approved,50938.26,0.173,0.2214,0.3148,0.917,0.165
CUST10175,Male,39,Single,Graduate,No,17142.75,0.0,2200.0,360,1,Semiurban,638,2022-04-06,Rejected,17142.75,0.128,0.0741,0.0484,0.5406,0.0365
