Customer_ID,Gender,Age,Marital_Status,Education,Self_Employed,ApplicantIncome,CoapplicantIncome,LoanAmount,Loan_Amount_Term,Credit_History,Property_Area,Credit_Score,Application_Date,Loan_Status
CUST11028,M,41.0,Single,Graduate,No,60136.34,23375.46,6900.0,36,1.0,URBAN,708.0,2023-07-18,N
CUST10140,Female,47.0,Single,Graduate,No,27320.81,4590.77,3400.0,360,1.0,Rural,704.0,2022-03-18,Rejected
CUST10110,Female,36.0,Divorced,Graduate,nan,17783.01,47391.96,4600.0,180,0.0,Semiurban,513.0,03-02-2022,Y
CUST10638,M,46.0,single,Not Graduate,Yes,28733.46,9856.56,4300.0,360,1.0,Semiurban,607.0,12-16-2022,Y
CUST10702,Male,28.0,Divorced,Under Graduate,No,94384.71,0.0,14200.0,360,,Urban,683.0,01-20-2023,Y
CUST11907,Male,25.0,Married,Graduate,No,49296.19,0.0,13400.0,120,1.0,Semiurban,639.0,10-Nov-2024,Y
CUST11702,Female,59.0,married,graduate,No,52078.88,57747.95,14200.0,360,1.0,Semiurban,703.0,07-21-2024,Y
CUST11614,F,47.0,Married,Not Graduate,No,35786.55,23187.75,7800.0,360,0.0,rural,786.0,06-03-2024,Approved
CUST10172,Male,32.0,Single,Graduate,No,76835.19,0.0,8700.0,360,1.0, Semiurban ,739.0,2022-04-05,y
CUST11319,F,17.0,Married,Graduate,nan,141672.36,24895.26,,120,1.0,Urban,1200.0,24-Dec-2023,Y
CUST10375,Male,28.0,Single,Under Graduate,No,96624.21,0.0,22500.0,360,0.0,Urban,628.0,25-Jul-2022,Y
CUST11746,M,28.0,Married,Post Graduate,N,26054.02,17538.04,4500.0,360,1.0,Rural,592.0,08-14-2024,Approved
CUST11966,M,35.0,Single,Not Graduate,nan,1057625.25,32569.94,125400.0,360,0.0,Rural,499.0,12-12-2024,Y
CUST10410,Female,54.0,Married,Graduate,Yes,21011.06,0.0,3400.0,360,0.0,URBAN,573.0,08-13-2022,Y
CUST11936,Female,22.0,Married,Not Graduate,nan,40238.63,25624.34,9200.0,360,1.0,Urban,597.0,2024-11-26,Approved
CUST11156,Male,51.0,Single,Graduate,No,106799.43,1178.38,23500.0,60,1.0,Rural,537.0,2023-09-26,Approved
CUST11127,Female,41.0,Single,Post Graduate,No,37272.26,18539.25,4300.0,300,1.0,Urban,657.0,10-Sep-2023,Approved
CUST11064,Male,16.0,Widowed,Under Graduate,Yes,21625.58,28806.07,6300.0,360,1.0,Urban,678.0,2023-08-06,N
CUST11926,Female,53.0,Single,Graduate,No,41494.73,23509.71,5100.0,300,1.0,Semiurban,607.0,11-21-2024,Y
CUST10829,Male,42.0,Married,Not Graduate,No,45554.21,18133.1,6900.0,360,1.0,Rural,579.0,31/03/2023,n
CUST10986,Male,52.0,Divorced,graduate,No,41762.65,6690.39,5600.0,180,1.0,rural,590.0,06-25-2023,Y
CUST10729,Female,22.0,Single,Graduate,No,44735.15,15017.0,7200.0,360,0.0,Semiurban,757.0,04/02/2023,Approved
CUST11834,Male,33.0,Married,Post Graduate,Yes,34360.69,1849.32,7600.0,120,1.0,Semiurban,608.0,10-01-2024,N
CUST11256,M,,Married,Graduate,Y,18723.69,0.0,2400.0,360,1.0, Semiurban ,825.0,2023-11-20,Rejected
CUST11380,Female,35.0,Single,Not Graduate,No,59791.08,0.0,10100.0,180,0.0,URBAN,598.0,2024-01-26,Y
CUST10002,F,25.0,Single,Graduate,Y,22145.47,13599.32,3900.0,360,1.0,Rural,385.0,01-02-2022,Y
CUST11276,Male,55.0,Married,Not Graduate,Yes,20132.03,0.0,6200.0,180,1.0,rural,681.0,2023-11-30,Approved
CUST11504,F,46.0,single,Graduate,Yes,45765.53,14983.58,7000.0,300,1.0,Semiurban,600.0,2024-04-03,Y
CUST10514,Male,38.0,Widowed,Graduate,No,75936.73,0.0,13500.0,360,1.0,Rural,721.0,10-09-2022,Rejected
CUST10325,Female,52.0,Married,Not Graduate,nan,47551.38,27219.5,11200.0,60,1.0, Semiurban ,658.0,28/06/2022,y
CUST11058,Female,39.0,Single,graduate,No,50371.31,12106.15,15500.0,300,1.0,URBAN,718.0,08-03-2023,Approved
CUST10901,Male,37.0,Married,Graduate,No,96417.37,19203.33,14100.0,360,1.0,rural,592.0,09/05/2023,Y
CUST10610,Female,28.0,Married,Not Graduate,No,104956.35,0.0,21800.0,360,0.0, Semiurban ,739.0,12-01-2022,n
CUST11421,Female,45.0,Single,Graduate,No,203835.97,51648.0,24200.0,300,1.0,Semiurban,480.0,18/02/2024,N
CUST10699,Male,38.0,married,Not Graduate,Yes,44712.92,0.0,8200.0,360,1.0, Semiurban ,622.0,18-Jan-2023,n
CUST10623,Female,52.0,Widowed,Not Graduate,Yes,110158.07,0.0,12900.0,120,1.0,Semiurban,696.0,08-Dec-2022,Y
CUST10259,Female,28.0,Married,Graduate,No,58096.42,0.0,7700.0,120,1.0,rural,725.0,22-May-2022,Rejected
CUST10590,female,,Single,Not Graduate,No,112526.52,9512.2,15900.0,12,1.0,Urban,701.0,11-20-2022,Y
CUST11044,Male,34.0,Married,Graduate,nan,42623.24,15970.94,,360,1.0,Semiurban,679.0,2023-07-26,Y
CUST10340,Male,,Married,graduate,Y,67368.6,4436.05,8100.0,360,1.0,Rural,645.0,2022-07-06,Approved
CUST11162,F,36.0,single,Graduate,Yes,25715.3,0.0,3000.0,360,,URBAN,538.0,09-29-2023,Y
CUST11075,Male,37.0,Married,Not Graduate,No,120608.12,42609.04,39700.0,360,1.0,Urban,615.0,12-Aug-2023,Approved
CUST10350,Female,33.0,married,Not Graduate,No,21527.78,12902.97,3100.0,240,,Semiurban,875.0,07-11-2022,Rejected
CUST10419,female,34.0,Married,Under Graduate,No,51300.97,22923.33,7300.0,12,1.0,Semiurban,581.0,18-Aug-2022,Y
CUST11974,Male,30.0,Widowed,Graduate,No,131732.81,18941.14,36000.0,360,1.0,Urban,657.0,12-17-2024,Y
CUST11804,Female,18.0,Single,Graduate,No,25338.58,0.0,3100.0,360,1.0,Semiurban,626.0,2024-09-15,Y
CUST11894,Male,29.0,,Not Graduate,Yes,40604.15,17833.9,7200.0,300,1.0,Semiurban,631.0,11-03-2024,N
CUST11252,Male,42.0,Married,Graduate,nan,426275.1,0.0,49000.0,360,,Semiurban,595.0,2023-11-17,Rejected
CUST11340,Male,45.0,Married,Post Graduate,Yes,16428.63,0.0,3500.0,360,0.0,rural,640.0,2024-01-05,Y
CUST11303,Male,28.0,single,Graduate,No,37891.02,14690.9,4200.0,360,1.0,rural,652.0,15-Dec-2023,Y
CUST11382,Female,43.0,Single,graduate,Y,42044.95,6551.87,12300.0,180,0.0,Rural,669.0,01-28-2024,Y
CUST11910,Male,26.0,Married,Not Graduate,No,73066.89,44549.74,9200.0,360,1.0,Urban,635.0,11-12-2024,Approved
CUST11914,Male,44.0,Single,Graduate,No,59520.44,47106.24,6800.0,36,1.0,Semiurban,661.0,11-14-2024,y
CUST10649,Male,51.0,Single,Not Graduate,No,75974.59,12471.02,11700.0,240,1.0,Urban,602.0,22/12/2022,Y
CUST10698,Female,29.0,Widowed,Post Graduate,nan,58683.36,10319.14,6600.0,360,0.0,Semiurban,775.0,01-18-2023,Rejected
CUST11566,Male,38.0,Widowed,Post Graduate,No,16816.75,0.0,2900.0,180,,Semiurban,635.0,05-07-2024,Y
CUST11866,female,52.0,Divorced,Not Graduate,No,33062.41,69350.71,6800.0,120,1.0,Urban,550.0,10-19-2024,Y
CUST11944,F,42.0,Single,Not Graduate,No,29978.39,0.0,7500.0,60,1.0,Semiurban,715.0,2024-11-30,Y
CUST10341,female,66.0,married,Under Graduate,No,76799.02,15775.08,10400.0,180,1.0,Urban,633.0,06/07/2022,Approved
CUST11034,Female,53.0,single,Not Graduate,No,30653.96,27259.89,5300.0,360,1.0,Semiurban,617.0,07-21-2023,Y
CUST11259,,49.0,Single,Graduate,No,37972.25,7575.46,4200.0,360,1.0,Rural,670.0,21-Nov-2023,Approved
CUST10769,Female,32.0,Single,Not Graduate,No,37382.07,0.0,5700.0,120,,Urban,685.0,26/02/2023,Rejected
CUST11158,Female,47.0,married,Graduate,Yes,53017.04,0.0,6800.0,360,1.0,Rural,662.0,09-27-2023,Approved
CUST11843,female,47.0,Widowed,Post Graduate,No,78860.89,0.0,14700.0,60,1.0,Semiurban,611.0,06-Oct-2024,Approved
CUST10284,Female,35.0,Divorced,Graduate,Y,93157.25,24188.62,25500.0,300,1.0,rural,735.0,2022-06-05,Approved
CUST11553,Female,44.0,Single,Graduate,Yes,29203.2,54321.48,4100.0,360,1.0,Urban,519.0,30/04/2024,Rejected
CUST11128,Female,32.0,Married,Graduate,No,115184.6,45397.83,18300.0,300,1.0,Rural,636.0,2023-09-10,N
CUST11550,Male,56.0,Single,graduate,Yes,14807.08,20169.64,4400.0,360,,Rural,672.0,04-29-2024,Rejected
CUST11960,Female,35.0,Married,Graduate,Yes,52710.96,17504.35,6300.0,120,,Urban,655.0,2024-12-09,N
CUST10594,Male,43.0,Single,Not Graduate,nan,24481.47,0.0,5500.0,360,1.0,Semiurban,733.0,11-22-2022,N
CUST10430,female,31.0,Married,Not Graduate,No,31162.86,3456.44,4300.0,360,1.0,Rural,706.0,08-24-2022,Rejected
CUST11863,Female,55.0,Single,Graduate,No,30382.57,0.0,9100.0,240,1.0,Rural,678.0,17-Oct-2024,N
CUST10455,Male,28.0,Single,Graduate,Yes,35529.62,19817.35,10900.0,180,1.0,Semiurban,779.0,07-Sep-2022,Y
CUST10715,Male,46.0,Married,Graduate,Y,40411.15,9537.0,5800.0,360,1.0,Semiurban,738.0,27-Jan-2023,N
CUST11385,Male,34.0,Married,Under Graduate,N,27248.98,6888.86,4200.0,360,0.0,Semiurban,664.0,29/01/2024,Approved
CUST10681,Male,34.0,Single,Graduate,No,52461.95,14269.78,6800.0,240,1.0,rural,687.0,09/01/2023,n
CUST11146,M,32.0,single,graduate,Yes,35415.1,46989.44,4200.0,360,1.0,Urban,654.0,09-20-2023,Approved
CUST11954,male,22.0,Divorced,Post Graduate,Y,28555.29,0.0,5400.0,240,1.0, Semiurban ,728.0,12-06-2024,Rejected
CUST10108,Male,42.0,married,Not Graduate,No,118231.55,27056.33,25500.0,180,1.0,Urban,579.0,2022-03-01,Y
CUST10672,,54.0,Single,Not Graduate,No,92425.58,2299.05,24600.0,360,1.0, Semiurban ,533.0,2023-01-04,N
CUST10361,Male,35.0,Widowed,Post Graduate,No,31265.48,75773.18,6300.0,360,1.0,Rural,806.0,17/07/2022,Rejected
CUST11826,Female,18.0,Married,Graduate,Yes,50074.39,21562.88,9900.0,360,,Urban,606.0,09-27-2024,Approved
CUST11459,Female,26.0,Single,Not Graduate,No,36090.35,45424.92,4700.0,180,1.0,Semiurban,553.0,10-Mar-2024,N
CUST11411,,38.0,married,graduate,No,86556.59,0.0,14700.0,360,1.0,Semiurban,550.0,12-Feb-2024,n
CUST10299,Female,49.0,Single,Not Graduate,Yes,34448.53,18063.09,4200.0,360,1.0,Urban,561.0,13-Jun-2022,Y
CUST10450,Male,20.0,Divorced,graduate,No,141823.78,9798.45,18500.0,12,1.0,Semiurban,,09-04-2022,Rejected
CUST10374,Male,49.0,Single,Graduate,No,35619.1,6906.16,8200.0,60,1.0,Semiurban,632.0,07-24-2022,Approved
CUST11601,Male,36.0,single,Graduate,nan,48423.81,13867.21,7000.0,300,,Rural,617.0,26/05/2024,Rejected
CUST11342,Female,37.0,Married,Not Graduate,Yes,40942.57,28401.14,5600.0,60,1.0,Urban,598.0,01-06-2024,N
CUST11968,Female,45.0,Married,Under Graduate,No,91074.74,0.0,11500.0,360,1.0,Urban,649.0,2024-12-14,Rejected
CUST11414,Male,39.0,Married,Graduate,No,33518.03,15942.03,6800.0,360,1.0,URBAN,735.0,02-14-2024,Y
CUST11278,male,48.0,Divorced,Graduate,No,50630.86,0.0,10000.0,360,0.0,Semiurban,835.0,12-02-2023,Y
CUST10820,Male,67.0,Divorced,Under Graduate,No,28089.62,0.0,,60,1.0,rural,621.0,2023-03-26,n
CUST10206,Male,28.0,Married,Graduate,Yes,58497.41,13284.56,19500.0,360,1.0, Semiurban ,591.0,04-23-2022,n
CUST11346,Female,61.0,Single,Graduate,No,37174.77,0.0,6100.0,360,,URBAN,701.0,01-08-2024,Rejected
CUST11281,Female,50.0,Single,Graduate,No,43065.27,0.0,6200.0,360,1.0,Semiurban,675.0,03/12/2023,Approved
CUST11125,Female,33.0,married,Not Graduate,No,155613.06,81875.18,36300.0,360,1.0,URBAN,663.0,09/09/2023,Rejected
CUST10858,Female,32.0,Married,Graduate,No,73784.47,17080.21,16800.0,60,1.0,Urban,665.0,04-15-2023,Y
CUST10127,Male,25.0,Widowed,Not Graduate,No,35470.11,0.0,6500.0,300,0.0,Urban,555.0,11-Mar-2022,Rejected
CUST10789,Female,49.0,Single,Post Graduate,No,37151.5,7715.25,5800.0,360,1.0,Rural,816.0,09/03/2023,Rejected
CUST10037,Female,41.0,Single,Graduate,No,54642.21,3831.54,6200.0,360,1.0, Semiurban ,610.0,21/01/2022,Y
CUST10386,M,36.0,Married,graduate,No,106757.57,4250.69,12200.0,360,1.0,Urban,610.0,07-31-2022,N
CUST10885,Female,36.0,Single,Not Graduate,No,18437.73,33893.77,4500.0,360,1.0,Urban,617.0,30/04/2023,N
CUST11257,F,46.0,Single,Graduate,No,53045.44,0.0,6600.0,360,,rural,-50.0,20/11/2023,N
CUST10837,,29.0,Married,Not Graduate,nan,27256.88,0.0,3100.0,300,1.0,Semiurban,656.0,04/04/2023,N
CUST10800,M,25.0,married,Post Graduate,No,76894.48,20164.83,15500.0,180,0.0,Rural,631.0,2023-03-15,Y
CUST10058,Male,38.0,Single,graduate,Y,71814.4,20192.99,23000.0,180,1.0,Urban,529.0,02-01-2022,Rejected
CUST11515,Male,,married,Graduate,No,29007.22,0.0,,180,1.0,Semiurban,746.0,09-Apr-2024,Y
CUST10196,Female,46.0,Divorced,Not Graduate,No,78137.7,7900.77,16000.0,360,1.0,Semiurban,,2022-04-18,Y
CUST11438,female,26.0,,Under Graduate,No,27231.42,0.0,3600.0,360,1.0,Rural,646.0,02-27-2024,Y
CUST11479,Female,24.0,Married,Post Graduate,nan,84865.85,30441.55,25900.0,12,1.0,Rural,414.0,21-Mar-2024,Y
CUST11338,male,44.0,Married,Not Graduate,No,35219.35,5295.23,11300.0,300,1.0,URBAN,643.0,01-03-2024,Approved
CUST10595,Male,20.0,Divorced,Graduate,nan,43857.98,28827.84,7200.0,360,0.0,URBAN,820.0,22-Nov-2022,Y
CUST10241,F,36.0,Single,Under Graduate,No,56889.82,11450.55,12800.0,36,1.0,Urban,527.0,13/05/2022,Approved
CUST10915,female,18.0,Married,Not Graduate,No,179005.93,0.0,25200.0,60,1.0,Rural,689.0,17-May-2023,N
CUST10034,Female,23.0,Married,graduate,No,41929.84,0.0,11800.0,360,1.0,Semiurban,768.0,01-19-2022,Y
CUST10185,Female,37.0,Widowed,Not Graduate,nan,53042.54,0.0,14900.0,120,1.0,Semiurban,748.0,12/04/2022,Rejected
CUST11819,Female,50.0,Single,graduate,Yes,154447.7,9938.95,21700.0,360,1.0, Semiurban ,555.0,23-Sep-2024,Y
CUST10862,F,47.0,Single,Not Graduate,No,68328.4,0.0,7800.0,36,0.0,rural,630.0,04-18-2023,Y
CUST11056,female,34.0,Single,Graduate,No,33367.67,6716.07,7100.0,360,1.0,Urban,670.0,2023-08-02,Y
CUST10527,,40.0,Single,Post Graduate,No,26610.57,0.0,3100.0,180,1.0,Rural,695.0,16-Oct-2022,n
CUST11969,Female,38.0,Single,Graduate,nan,41127.06,0.0,9700.0,300,1.0,URBAN,632.0,14/12/2024,Approved
CUST10262,Male,37.0,married,Graduate,No,28496.17,0.0,4200.0,60,1.0,Urban,655.0,05-24-2022,y
CUST10869,Male,38.0,Married,Post Graduate,N,85134.98,12737.06,15300.0,360,1.0,Urban,573.0,22/04/2023,N
CUST11895,Male,0.0,Married,Not Graduate,nan,36693.72,22950.48,4400.0,120,1.0,Semiurban,642.0,04-Nov-2024,Approved
CUST11094,Female,54.0,Single,Graduate,Y,19583.87,0.0,5000.0,360,1.0,Urban,608.0,08-23-2023,Approved
CUST11939,Male,45.0,Widowed,Not Graduate,No,55011.78,15514.84,6900.0,360,1.0,Semiurban,678.0,28-Nov-2024,Y
CUST10471,Female,61.0,Widowed,Graduate,No,48551.07,8039.34,12900.0,180,1.0,Semiurban,642.0,16-Sep-2022,Y
CUST11157,Male,56.0,Single,Not Graduate,No,142174.61,10190.91,16500.0,360,1.0,Urban,576.0,26/09/2023,Approved
CUST10918,Male,17.0,Widowed,Graduate,No,28320.22,0.0,4200.0,360,1.0,Urban,616.0,05-18-2023,Rejected
CUST10651,male,27.0,Widowed,graduate,nan,,0.0,,360,1.0,Semiurban,624.0,23-Dec-2022,n
CUST10007,F,35.0,single,Graduate,No,20557.15,0.0,4000.0,360,1.0,Rural,648.0,04-Jan-2022,Y
CUST10330,M,42.0,Single,Post Graduate,No,18371.47,7012.52,2900.0,360,0.0,Rural,582.0,06-30-2022,N
CUST11627,Male,39.0,Married,Graduate,Yes,93873.67,0.0,17100.0,300,1.0,Semiurban,670.0,10-Jun-2024,N
CUST11846,Male,30.0,Single,Under Graduate,Y,16434.69,22319.03,5200.0,60,1.0,Urban,856.0,10-08-2024,y
CUST10278,male,55.0,Married,Graduate,No,43328.72,10865.24,5900.0,360,,Semiurban,450.0,06-02-2022,N
CUST10020,M,46.0,Single,Post Graduate,No,36186.76,17588.1,8900.0,360,,Urban,625.0,2022-01-11,Y
CUST10936,female,43.0,Single,Under Graduate,No,11397.97,26528.55,2500.0,360,1.0,Urban,748.0,2023-05-28,Y
CUST10997,Male,35.0,Widowed,Under Graduate,No,94501.14,3336.78,13000.0,180,1.0,Rural,637.0,01/07/2023,Y
CUST11740,Male,29.0,Married,Graduate,Y,75314.01,6899.26,14900.0,60,1.0,rural,588.0,2024-08-11,Approved
CUST11368,Male,47.0,Married,Graduate,No,17625.13,0.0,2000.0,360,,Urban,582.0,2024-01-20,Y
CUST11998,F,34.0,Married,Not Graduate,No,36274.01,19572.2,10800.0,180,1.0,Semiurban,759.0,12-30-2024,Approved
CUST11706,Male,42.0,Single,Post Graduate,No,33784.06,0.0,5000.0,360,1.0,rural,404.0,07-23-2024,Y
CUST11596,Male,25.0,Single,Graduate,No,79841.69,18639.62,25300.0,60,0.0,Urban,592.0,2024-05-24,Y
CUST10832,Female,37.0,Married,Not Graduate,No,13917.29,3323.52,1600.0,360,1.0,URBAN,593.0,2023-04-01,Approved
CUST10946,M,23.0,Married,Under Graduate,No,31829.33,25066.42,6800.0,180,0.0,Semiurban,813.0,06-03-2023,Approved
CUST11982,F,43.0,Widowed,Post Graduate,N,43524.34,15281.87,9400.0,300,0.0,Urban,720.0,12-21-2024,Y
CUST10377,Female,41.0,Divorced,Not Graduate,nan,111688.15,0.0,29800.0,180,1.0, Semiurban ,548.0,26/07/2022,y
CUST10674,Female,38.0,single,Post Graduate,No,39178.59,0.0,4500.0,120,1.0,Urban,815.0,01-05-2023,Rejected
CUST10237,F,27.0,Married,Not Graduate,No,63702.72,0.0,17100.0,360,1.0,Urban,639.0,10/05/2022,Approved
CUST11616,Male,47.0,Widowed,graduate,N,46191.16,0.0,12600.0,300,,URBAN,668.0,2024-06-04,Approved
CUST11286,Female,29.0,Widowed,Under Graduate,No,41588.57,0.0,9600.0,120,1.0,Semiurban,675.0,12-06-2023,Y
CUST11123,Male,24.0,Divorced,Not Graduate,Y,49808.48,22864.58,6900.0,360,1.0,Urban,670.0,08-Sep-2023,Y
CUST10367,Female,51.0,,Not Graduate,No,41713.65,0.0,5100.0,360,1.0,Semiurban,560.0,21-Jul-2022,Rejected
CUST10875,male,28.0,Divorced,Post Graduate,Yes,48029.45,20776.83,13600.0,360,1.0,Semiurban,592.0,25-Apr-2023,Y
CUST10392,Female,30.0,,Graduate,No,68662.97,20942.47,10800.0,120,1.0,URBAN,618.0,2022-08-03,Rejected
CUST11083,F,29.0,Single,Post Graduate,Yes,45199.35,0.0,9300.0,12,1.0,Urban,573.0,17-Aug-2023,N
CUST11836,Male,55.0,Married,Post Graduate,No,107461.34,0.0,27100.0,360,1.0,Urban,568.0,2024-10-02,Y
CUST10298,M,12.0,Married,Graduate,No,82658.47,6175.37,12500.0,360,0.0,Urban,640.0,06-13-2022,N
CUST11381,Male,35.0,Single,Graduate,No,109232.03,13057.82,12300.0,360,1.0,rural,558.0,27/01/2024,Rejected
CUST10372,Female,54.0,Single,Under Graduate,No,36361.18,0.0,10000.0,360,,Rural,571.0,2022-07-23,Rejected
CUST11971,,47.0,,Post Graduate,nan,40672.62,46615.65,12100.0,120,1.0,Rural,493.0,15-Dec-2024,Y
CUST11917,M,33.0,Married,Not Graduate,nan,47071.44,3689.58,12000.0,360,1.0,Urban,661.0,16/11/2024,Rejected
CUST10860,M,32.0,,Graduate,No,27640.65,0.0,7700.0,240,1.0,Rural,685.0,2023-04-17,Rejected
CUST11763,Male,43.0,Married,Not Graduate,No,31627.17,13724.08,3800.0,180,1.0,rural,629.0,23-Aug-2024,Rejected
CUST10051,Male,37.0,single,Post Graduate,No,37392.39,2668.56,9200.0,300,1.0,Urban,697.0,28-Jan-2022,Y
CUST10036,Male,44.0,Single,Not Graduate,nan,56447.61,4373.5,8100.0,360,1.0,Urban,608.0,2022-01-20,Rejected
CUST11087,M,28.0,Married,Graduate,No,147692.71,0.0,16700.0,360,1.0,Rural,481.0,19-Aug-2023,Y
CUST11288,Female,41.0,Single,Graduate,nan,68253.01,0.0,16500.0,360,1.0,Semiurban,630.0,2023-12-07,Approved
CUST11268,Female,18.0,Married,Post Graduate,No,21836.24,0.0,2500.0,360,1.0,Rural,675.0,2023-11-26,Y
CUST11360,Female,47.0,single,Under Graduate,nan,42832.59,0.0,5100.0,180,1.0,URBAN,672.0,2024-01-15,Rejected
CUST11842,Male,26.0,Widowed,Graduate,No,125762.5,11157.29,16200.0,360,0.0,Rural,645.0,10-05-2024,N
CUST11656,Male,30.0,Divorced,Post Graduate,No,33196.69,15932.81,5600.0,360,1.0,Urban,572.0,2024-06-26,Y
CUST11133,M,40.0,Single,Not Graduate,No,69498.12,0.0,16100.0,180,1.0,rural,772.0,13/09/2023,Rejected
CUST10757,female,37.0,Single,graduate,No,113346.66,24832.96,15500.0,360,1.0,Semiurban,599.0,19/02/2023,Y
CUST11815,Female,33.0,Married,Under Graduate,Y,51160.21,0.0,16600.0,360,1.0,Rural,675.0,21-Sep-2024,Approved
CUST11621,Female,42.0,Divorced,Under Graduate,No,105993.62,0.0,27900.0,360,,Urban,669.0,06/06/2024,N
CUST10353,Female,52.0,,Under Graduate,No,39568.17,39292.4,4700.0,360,1.0,Urban,632.0,13/07/2022,N
CUST11205,Male,37.0,single,graduate,No,49549.48,17343.66,8800.0,360,0.0,Rural,492.0,23/10/2023,N
CUST10397,Male,38.0,Married,Not Graduate,No,69593.35,23905.72,18000.0,180,,URBAN,538.0,06/08/2022,N
CUST10217,Male,35.0,Single,Not Graduate,Yes,31920.89,10338.33,4200.0,240,1.0, Semiurban ,558.0,29/04/2022,y
CUST10861,M,22.0,single,Under Graduate,Yes,51309.35,0.0,7300.0,360,1.0,Semiurban,748.0,17/04/2023,Rejected
CUST10955,male,33.0,Divorced,Post Graduate,No,41926.87,875.49,9500.0,60,1.0,Rural,722.0,08-Jun-2023,Y
CUST10146,Male,19.0,,graduate,No,39583.84,20049.26,5800.0,360,1.0,URBAN,747.0,03-21-2022,N
CUST10768,Male,40.0,Divorced,Under Graduate,No,30520.16,35450.88,9800.0,360,, Semiurban ,507.0,2023-02-25,Y
CUST10452,M,34.0,Widowed,Graduate,Yes,30484.55,0.0,3900.0,180,,URBAN,711.0,2022-09-05,Y
CUST11755,Female,43.0,Married,Graduate,No,33648.69,0.0,4700.0,300,1.0,rural,573.0,19-Aug-2024,Y
CUST10810,Male,30.0,Married,Not Graduate,Yes,68098.64,7827.83,11200.0,300,1.0,rural,813.0,03-20-2023,Y
CUST10716,Female,54.0,married,Not Graduate,No,66405.7,19429.28,7800.0,180,1.0,Semiurban,764.0,2023-01-28,y
CUST10438,M,41.0,Single,Under Graduate,No,32054.05,0.0,6400.0,240,,rural,514.0,08-28-2022,Rejected
CUST10734,Male,17.0,Married,Not Graduate,No,42648.75,33564.63,6900.0,360,1.0,URBAN,675.0,02-07-2023,Rejected
CUST10229,Male,19.0,Married,Graduate,No,73848.29,0.0,9500.0,360,1.0,Semiurban,624.0,06/05/2022,N
CUST10204,Male,30.0,Married,Not Graduate,No,43193.08,29721.0,7700.0,360,1.0,Urban,682.0,2022-04-22,Y
CUST11151,male,46.0,Widowed,Graduate,No,57708.74,0.0,15000.0,360,,Urban,552.0,23-Sep-2023,N
CUST10308,Male,36.0,Single,Not Graduate,No,42284.51,6050.1,5800.0,300,1.0,Urban,816.0,2022-06-18,Y
CUST10507,F,36.0,Married,Post Graduate,No,39152.59,26830.23,5200.0,360,0.0,Rural,733.0,05-Oct-2022,Y
CUST11331,Female,23.0,Married,Graduate,No,,2299.69,,360,1.0,Semiurban,593.0,31-Dec-2023,N
CUST11454,Male,38.0,Widowed,Not Graduate,N,27706.06,0.0,3900.0,120,1.0,Rural,664.0,03-07-2024,Y
CUST10463,Male,45.0,Married,Under Graduate,Yes,30307.92,0.0,4900.0,180,1.0,Semiurban,715.0,11-Sep-2022,Rejected
CUST11464,Female,52.0,married,Under Graduate,No,25678.85,1812.93,3200.0,240,1.0,Urban,602.0,2024-03-12,Y
CUST11609,Female,53.0,single,Not Graduate,No,78674.09,12118.16,13600.0,180,1.0,Rural,667.0,31/05/2024,Rejected
CUST10669,Female,32.0,Single,Not Graduate,No,139458.76,0.0,25600.0,120,1.0,rural,606.0,02/01/2023,Y
CUST11761,Male,46.0,Single,Graduate,Yes,46942.69,15349.48,12200.0,60,1.0,Rural,524.0,22/08/2024,Approved
CUST10731,Male,19.0,Married,Graduate,N,92263.62,9926.21,13900.0,360,1.0,Semiurban,698.0,05-Feb-2023,Rejected
CUST11858,Male,35.0,Single,Under Graduate,No,63872.58,1565.69,7400.0,360,1.0,Semiurban,745.0,10-14-2024,N
CUST11789,Male,69.0,Single,graduate,No,58232.4,0.0,10300.0,120,1.0,Urban,626.0,06/09/2024,Approved
CUST10141,Female,48.0,Divorced,Not Graduate,nan,51854.47,0.0,12100.0,360,1.0,Semiurban,459.0,19/03/2022,Approved
CUST10504,Female,17.0,Married,Graduate,No,41687.82,8782.44,6500.0,360,1.0,Rural,648.0,2022-10-04,Y
CUST11334,,27.0,Divorced,Graduate,No,12549.87,191472.83,2200.0,360,,Urban,652.0,01-01-2024,Y
CUST11871,Female,47.0,Single,Graduate,No,46426.99,3092.94,9800.0,60,1.0,URBAN,571.0,21-Oct-2024,N
CUST10948,male,32.0,single,Under Graduate,No,20146.31,23089.62,2700.0,360,1.0,Semiurban,640.0,2023-06-04,Y
CUST11588,Male,42.0,Married,Not Graduate,Yes,25218.48,83505.39,5100.0,36,1.0,URBAN,723.0,2024-05-19,Rejected
CUST10976,Female,48.0,Married,Not Graduate,No,16084.51,12351.11,4700.0,360,1.0,Semiurban,580.0,2023-06-19,Y
CUST10360,female,42.0,,graduate,nan,79324.36,18591.93,9200.0,12,1.0,Rural,565.0,2022-07-17,N
CUST11870,Male,35.0,Married,Under Graduate,No,30606.52,0.0,4600.0,360,1.0,Urban,520.0,10-21-2024,Approved
CUST10898,Male,41.0,Married,Under Graduate,Yes,38990.62,79767.04,4500.0,60,,URBAN,568.0,05-07-2023,Rejected
CUST11626,Female,61.0,Single,Graduate,No,93994.42,6590.48,24200.0,360,1.0,Semiurban,742.0,06-09-2024,Y
CUST11354,male,33.0,Widowed,Post Graduate,No,67438.47,0.0,12200.0,120,,Rural,701.0,01-12-2024,Y
CUST11425,Female,40.0,Single,Graduate,No,141726.4,0.0,16600.0,12,,Rural,730.0,20/02/2024,Y
CUST11774,Female,41.0,,Graduate,No,145281.28,0.0,28700.0,360,1.0,Rural,605.0,08-29-2024,Rejected
CUST11164,Male,24.0,married,Under Graduate,No,301915.67,14001.0,42400.0,300,1.0,Rural,511.0,2023-09-30,Y
CUST10423,Male,38.0,Married,Graduate,No,39776.06,7080.05,7500.0,360,1.0,Rural,722.0,20-Aug-2022,Y
CUST11062,Male,,single,Not Graduate,No,10116.47,0.0,1400.0,360,1.0,Semiurban,585.0,08-05-2023,Y
CUST10841,F,44.0,Single,Graduate,Y,23897.2,44071.41,4300.0,12,0.0,Semiurban,-50.0,06/04/2023,Rejected
CUST10474,Male,58.0,Single,Graduate,No,21540.69,3758.68,5800.0,360,0.0,Rural,693.0,09-17-2022,Y
CUST10179,M,29.0,Single,Graduate,N,122569.27,34230.31,24700.0,360,1.0,Urban,677.0,09-Apr-2022,Y
CUST11558,Female,50.0,,Not Graduate,No,33673.16,0.0,4900.0,12,,Urban,707.0,05-03-2024,N
CUST10454,Male,32.0,Divorced,Graduate,No,17451.53,1964.25,2100.0,180,1.0,Urban,650.0,09-06-2022,Rejected
CUST11517,female,50.0,Single,Graduate,No,89317.94,5160.71,27700.0,300,1.0, Semiurban ,548.0,10/04/2024,Y
CUST10653,Male,47.0,Widowed,graduate,No,67993.26,9712.16,8700.0,300,1.0,Urban,697.0,24/12/2022,Rejected
CUST11548,Male,25.0,Single,Under Graduate,No,74897.19,4334.3,9900.0,360,1.0,Rural,655.0,2024-04-27,N
CUST10691,male,56.0,single,Not Graduate,No,50841.03,5530.54,6400.0,360,1.0,Urban,620.0,14-Jan-2023,Approved
CUST11457,Female,39.0,Single,graduate,No,72610.78,29356.48,15600.0,360,0.0,Rural,460.0,09/03/2024,Y
CUST10779,F,38.0,Married,Post Graduate,No,63792.27,5912.26,7700.0,120,1.0,Urban,684.0,03-Mar-2023,Y
CUST10441,Male,33.0,Married,graduate,Y,21476.12,0.0,5800.0,240,1.0,rural,657.0,30/08/2022,Rejected
CUST10657,Male,31.0,Married,Post Graduate,No,28145.97,2917.4,5600.0,300,1.0,Urban,691.0,26/12/2022,Rejected
CUST10735,Female,24.0,Married,Not Graduate,Yes,319880.82,25201.59,44600.0,360,1.0,Urban,746.0,07-Feb-2023,Rejected
CUST11775,Female,30.0,married,graduate,No,114062.18,24448.76,36000.0,180,0.0,Semiurban,,30-Aug-2024,Y
CUST10071,Female,44.0,Married,Not Graduate,No,91334.23,40999.07,12100.0,180,,Semiurban,553.0,08-Feb-2022,N
CUST10666,F,,Single,Graduate,No,12105.17,6011.55,1600.0,180,,Semiurban,716.0,12-31-2022,Y
CUST10758,Male,25.0,Widowed,graduate,Yes,,14170.47,,240,1.0,Semiurban,688.0,02-20-2023,Y
CUST11679,Female,36.0,Single,Graduate,No,38312.28,6537.88,4900.0,60,0.0,Urban,715.0,08-Jul-2024,Y
CUST11889,Female,39.0,Widowed,Graduate,No,117899.21,14645.45,38500.0,360,0.0,Urban,686.0,31/10/2024,Y
CUST10447,Female,41.0,Single,Under Graduate,No,32209.39,12638.0,5500.0,360,1.0,Rural,843.0,02-Sep-2022,Approved
CUST11599,Male,48.0,Married,graduate,No,45699.58,0.0,9000.0,120,1.0,URBAN,612.0,25-May-2024,Y
CUST10742,male,40.0,married,Not Graduate,No,56892.07,137532.74,9800.0,360,1.0, Semiurban ,518.0,02-11-2023,Y
CUST10200,M,45.0,Widowed,Under Graduate,No,304734.25,13466.11,45300.0,300,1.0,Semiurban,819.0,2022-04-20,Rejected
CUST11072,Female,23.0,Single,Under Graduate,No,32360.1,10610.98,4300.0,360,1.0,Urban,840.0,2023-08-11,Y
CUST10833,Female,32.0,Married,Graduate,No,7542.55,0.0,1500.0,360,1.0,Semiurban,513.0,02/04/2023,Rejected
CUST11408,male,28.0,Married,Graduate,Yes,39268.18,40533.9,4400.0,360,0.0, Semiurban ,578.0,2024-02-11,Rejected
CUST11959,Female,13.0,Married,Graduate,No,52592.96,21170.88,6000.0,360,1.0,Urban,653.0,09-Dec-2024,Rejected
CUST10658,Female,34.0,single,Post Graduate,Y,85076.65,62563.18,10700.0,120,0.0,URBAN,692.0,12-27-2022,N
CUST11312,Female,38.0,single,Graduate,No,58684.65,34955.28,15300.0,180,1.0,URBAN,666.0,2023-12-20,N
CUST10881,Female,44.0,Married,Graduate,N,43320.7,0.0,6100.0,360,1.0,Rural,603.0,28/04/2023,Approved
CUST11273,Female,45.0,Single,Not Graduate,No,34882.5,3780.8,4900.0,360,,Rural,632.0,29/11/2023,N
CUST10882,female,,single,Post Graduate,No,23753.46,17951.3,3100.0,12,1.0,Urban,874.0,04-29-2023,Y
CUST10981,F,19.0,Divorced,graduate,No,24189.4,0.0,3700.0,360,0.0,rural,732.0,22/06/2023,Y
CUST10602,male,47.0,Married,Post Graduate,No,66236.44,0.0,9900.0,300,,URBAN,554.0,11-26-2022,Y
CUST10116,M,23.0,Married,Under Graduate,Yes,30081.99,0.0,7400.0,360,1.0,URBAN,668.0,2022-03-05,Rejected
CUST11681,F,35.0,single,Post Graduate,No,48893.77,36384.35,12500.0,60,0.0,Urban,610.0,09/07/2024,Approved
CUST10431,M,20.0,Married,Graduate,N,44285.09,9037.4,9600.0,360,,Urban,682.0,25-Aug-2022,Approved
CUST10004,Male,32.0,Married,Graduate,No,93498.91,16462.39,17700.0,360,1.0,Semiurban,712.0,2022-01-03,Y
CUST10500,M,39.0,Single,Graduate,No,51086.84,7343.14,5700.0,360,1.0,Rural,652.0,2022-10-01,N
CUST10046,Female,31.0,Widowed,Not Graduate,No,58104.56,0.0,7000.0,360,1.0,Semiurban,559.0,01-26-2022,N
CUST10339,female,51.0,Widowed,Not Graduate,No,101138.26,61376.3,15600.0,360,1.0,Semiurban,593.0,05-Jul-2022,Y
CUST10694,male,64.0,Single,Not Graduate,N,106136.08,51421.39,16000.0,180,1.0,rural,708.0,01-16-2023,Y
CUST11777,Female,69.0,Married,Not Graduate,No,47585.89,11986.35,10700.0,120,1.0,Semiurban,747.0,31/08/2024,Approved
CUST10501,male,49.0,Single,Under Graduate,Yes,78962.14,0.0,15000.0,360,1.0, Semiurban ,560.0,02/10/2022,Rejected
CUST11391,F,41.0,Single,Not Graduate,Yes,18442.82,0.0,2900.0,360,1.0,Rural,578.0,01-Feb-2024,Rejected
CUST10470,Female,50.0,Widowed,Graduate,Yes,127468.97,0.0,19600.0,360,, Semiurban ,696.0,09-15-2022,Y
CUST11619,Male,31.0,Married,Under Graduate,nan,69254.75,3543.66,17500.0,12,1.0,Semiurban,547.0,05-Jun-2024,Y
CUST10945,Male,32.0,Single,Graduate,Y,29930.02,0.0,4300.0,180,1.0,Semiurban,591.0,02/06/2023,Rejected
CUST11241,Male,24.0,Married,Not Graduate,No,62622.38,81219.96,18300.0,60,1.0,Urban,611.0,11/11/2023,Rejected
CUST11818,Female,,married,Under Graduate,No,33137.59,10145.65,7100.0,360,,Rural,682.0,09-22-2024,Y
CUST11868,Female,36.0,Divorced,Under Graduate,No,45120.61,89256.67,10500.0,360,1.0,Urban,560.0,2024-10-20,Rejected
CUST10194,Male,39.0,Single,Graduate,No,55514.71,0.0,8100.0,360,1.0,Rural,677.0,04-17-2022,Y
CUST10892,Male,31.0,married,Not Graduate,No,77475.71,7501.51,9800.0,360,1.0,Semiurban,485.0,2023-05-04,Y
CUST11480,Female,44.0,single,Post Graduate,No,31044.74,16084.08,4900.0,60,1.0,Rural,476.0,2024-03-21,Rejected
CUST11510,Male,61.0,Divorced,Under Graduate,Yes,92468.68,0.0,11700.0,240,0.0,Semiurban,332.0,04-07-2024,Rejected
CUST11167,Female,46.0,Married,Under Graduate,No,62609.57,14433.04,7300.0,360,0.0,Urban,646.0,02-Oct-2023,Rejected
CUST10358,Female,39.0,Single,Under Graduate,No,44408.76,22069.21,5400.0,120,0.0,Semiurban,619.0,07-16-2022,y
CUST10488,Female,46.0,Single,Graduate,No,18320.63,0.0,2800.0,240,1.0,Urban,731.0,2022-09-25,N
CUST11803,Female,42.0,Married,graduate,N,129632.5,12070.32,18800.0,240,1.0,Semiurban,567.0,14-Sep-2024,Rejected
CUST10396,F,45.0,single,Graduate,No,54454.65,1501.17,10600.0,360,1.0,Rural,602.0,2022-08-05,Approved
CUST10876,Female,49.0,married,Graduate,No,54088.36,15642.65,6200.0,60,1.0,Urban,727.0,2023-04-25,Approved
CUST11388,male,47.0,Single,Graduate,Yes,90672.07,3658.5,10800.0,360,1.0,Semiurban,593.0,2024-01-31,Approved
CUST10328,Female,41.0,Divorced,Post Graduate,No,49818.18,14889.48,11700.0,360,0.0,rural,696.0,2022-06-29,Y
CUST10415,Male,26.0,Widowed,Graduate,No,96393.81,7455.65,13100.0,360,1.0,Rural,-50.0,16-Aug-2022,N
CUST10578,F,40.0,Single,Graduate,No,332464.35000000003,0.0,53600.0,240,0.0,Urban,808.0,11-13-2022,N
CUST10109,male,35.0,Divorced,graduate,Yes,,0.0,,240,1.0,Urban,630.0,01/03/2022,Approved
CUST11533,M,39.0,Married,Graduate,Yes,59933.19,20609.5,10000.0,360,1.0,Urban,632.0,19/04/2024,Rejected
CUST11283,Female,48.0,single,graduate,N,29040.37,40043.85,5200.0,360,1.0,Semiurban,555.0,04-Dec-2023,N
CUST10928,Female,51.0,Married,Not Graduate,Y,92549.33,0.0,17100.0,360,1.0,Urban,568.0,2023-05-24,Y
CUST10528,M,38.0,Married,Not Graduate,No,30959.42,0.0,5900.0,360,1.0,Urban,760.0,2022-10-17,Approved
CUST10556,Male,57.0,Single,Under Graduate,No,42420.71,4908.7,8200.0,360,,rural,776.0,2022-11-01,n
CUST11399,Female,34.0,Single,Graduate,No,30467.74,0.0,4000.0,360,0.0,Urban,679.0,06-Feb-2024,Y
CUST11854,F,42.0,Single,Graduate,nan,54711.53,0.0,10200.0,300,1.0,Semiurban,686.0,10-12-2024,Y
CUST10095,Female,46.0,married,Not Graduate,No,74445.46,0.0,16800.0,300,1.0,Urban,605.0,22-Feb-2022,Y
CUST10972,Male,41.0,married,Graduate,No,35775.54,0.0,7800.0,120,1.0, Semiurban ,691.0,2023-06-17,N
CUST10593,Female,19.0,Married,Not Graduate,No,50362.72,7379.03,9100.0,360,1.0,Urban,816.0,21/11/2022,Y
CUST10019,Female,23.0,Married,Post Graduate,No,,10564.48,,36,1.0,rural,698.0,11-Jan-2022,Y
CUST11637,female,58.0,Single,Under Graduate,No,151709.72,32115.14,17300.0,360,1.0,Urban,696.0,15/06/2024,Y
CUST11633,Female,29.0,Single,graduate,No,35028.42,0.0,6800.0,60,1.0,Semiurban,595.0,13/06/2024,N
CUST11333,,34.0,Married,Under Graduate,nan,52213.41,8142.3,16100.0,180,1.0, Semiurban ,,01/01/2024,Rejected
CUST10311,Female,45.0,,Post Graduate,No,44444.57,0.0,12900.0,360,1.0,Rural,711.0,20-Jun-2022,Y
CUST11274,Male,22.0,single,Graduate,No,59641.75,9781.07,10300.0,120,0.0, Semiurban ,589.0,11-29-2023,Y
CUST10606,male,39.0,Married,Not Graduate,No,73161.58,16834.34,17200.0,360,1.0,Semiurban,541.0,11-28-2022,Rejected
CUST10426,Male,,single,Graduate,No,93949.53,6669.83,10800.0,180,1.0,Urban,482.0,08-22-2022,Y
CUST10442,M,36.0,Single,graduate,No,81495.0,7167.43,19100.0,360,1.0,rural,642.0,08-31-2022,N
CUST11351,F,43.0,Single,Not Graduate,nan,30183.14,0.0,5200.0,360,1.0,Rural,773.0,11-Jan-2024,Rejected
CUST10222,Female,44.0,Married,Not Graduate,No,26742.08,0.0,8300.0,120,1.0,Semiurban,587.0,05-02-2022,Y
CUST10925,Male,41.0,Single,Under Graduate,No,74888.02,10494.47,11600.0,180,1.0,Urban,817.0,22/05/2023,Rejected
CUST10728,Female,30.0,Married,Graduate,No,87525.79,0.0,13800.0,360,1.0,Semiurban,624.0,2023-02-03,Y
CUST11194,male,41.0,Married,Graduate,No,47146.33,0.0,5400.0,240,1.0,Urban,688.0,10-17-2023,Approved
CUST10704,Male,43.0,Divorced,Graduate,Yes,55992.41,0.0,15600.0,240,1.0,rural,579.0,2023-01-21,Rejected
CUST10111,Male,49.0,Single,Graduate,nan,77793.4,15821.58,10000.0,360,1.0,Semiurban,633.0,02-Mar-2022,Y
CUST11227,Female,30.0,Single,Graduate,No,62029.68,12794.73,7100.0,360,1.0,Urban,950.0,04-Nov-2023,N
CUST11298,M,49.0,married,Under Graduate,Y,47611.35,11119.11,6600.0,360,1.0,Rural,649.0,12-13-2023,Approved
CUST11481,Male,31.0,Married,graduate,No,120408.61,19717.81,17200.0,360,1.0,Rural,701.0,22/03/2024,Y
CUST11132,Male,28.0,,Graduate,N,28200.93,0.0,3900.0,300,,Urban,678.0,2023-09-13,Y
CUST10313,Female,18.0,Married,Graduate,N,18381.5,71011.34,3800.0,240,1.0,Rural,761.0,21/06/2022,Y
CUST10287,Female,23.0,Married,Under Graduate,No,36589.4,0.0,4100.0,180,0.0,URBAN,628.0,07-Jun-2022,Y
CUST10802,male,42.0,Married,graduate,nan,33444.37,0.0,9400.0,360,0.0,Semiurban,621.0,03-16-2023,Rejected
CUST11169,Male,41.0,Single,Not Graduate,No,27544.37,0.0,3700.0,120,1.0,Urban,729.0,03/10/2023,Y
CUST11226,Female,22.0,Single,Graduate,No,50610.95,13252.52,13800.0,120,1.0,URBAN,680.0,11-03-2023,Y
CUST11455,Male,14.0,Single,Graduate,No,93737.26,4101.74,10500.0,240,1.0,Semiurban,737.0,08-Mar-2024,Y
CUST11754,Male,35.0,Married,Not Graduate,N,38297.65,8276.34,10200.0,360,,Semiurban,732.0,08-18-2024,Y
CUST11203,M,22.0,Single,Not Graduate,No,44835.67,0.0,6400.0,300,1.0,Rural,749.0,21-Oct-2023,Y
CUST11643,Male,18.0,Married,graduate,No,89831.51,0.0,11600.0,360,1.0,Rural,787.0,18-Jun-2024,Approved
CUST11046,Male,46.0,Married,Under Graduate,No,20975.3,0.0,2800.0,360,1.0, Semiurban ,719.0,07-27-2023,N
CUST11886,Male,37.0,Divorced,Post Graduate,No,37162.13,0.0,4300.0,300,,Urban,,10-30-2024,Y
CUST10351,Male,59.0,Divorced,Under Graduate,Y,73354.59,11301.9,8800.0,360,0.0,Semiurban,683.0,12-Jul-2022,n
CUST10687,female,27.0,Single,Graduate,No,73596.63,0.0,19900.0,360,1.0,Urban,745.0,12-Jan-2023,N
CUST11779,Female,39.0,Widowed,Under Graduate,Yes,53540.82,0.0,8400.0,300,1.0,URBAN,657.0,01-Sep-2024,y
CUST10017,Male,39.0,Single,Under Graduate,Y,27280.14,14623.91,4200.0,360,0.0,Urban,707.0,10/01/2022,Rejected
CUST11104,Male,35.0,married,Post Graduate,No,57669.78,0.0,13700.0,360,0.0,Urban,617.0,2023-08-28,N
CUST11586,Male,,Widowed,Post Graduate,Yes,64071.21,30354.0,7900.0,240,1.0,Semiurban,602.0,05-18-2024,Approved
CUST11025,Male,37.0,Single,Under Graduate,No,27125.32,52226.27,5600.0,360,1.0,URBAN,670.0,16/07/2023,Approved
CUST11561,Female,43.0,Single,Not Graduate,No,28238.06,0.0,7200.0,360,1.0,Semiurban,571.0,05/05/2024,Y
CUST10620,M,42.0,Single,Graduate,No,24123.24,7679.0,6300.0,360,1.0,Semiurban,718.0,2022-12-06,Y
CUST11180,M,26.0,Married,Graduate,No,60235.76,4956.26,6700.0,360,0.0,Semiurban,646.0,2023-10-09,N
CUST11397,female,47.0,Widowed,Not Graduate,Y,56125.42,0.0,9600.0,360,0.0,Urban,775.0,05/02/2024,Y
CUST10540,,62.0,Single,Graduate,No,27567.01,8624.5,4200.0,360,,Semiurban,720.0,2022-10-23,n
CUST10992,F,43.0,Single,Under Graduate,No,38999.86,0.0,10800.0,360,1.0,Urban,697.0,2023-06-28,Y
CUST10054,M,45.0,Divorced,Post Graduate,nan,79007.14,0.0,9900.0,360,1.0,Urban,578.0,01-30-2022,Approved
CUST10263,Male,31.0,Single,graduate,Yes,31863.74,6789.36,3800.0,360,1.0,URBAN,652.0,25-May-2022,Rejected
CUST10101,Female,33.0,single,Post Graduate,nan,43927.25,8105.6,5200.0,180,1.0,URBAN,726.0,25/02/2022,n
CUST10275,Female,43.0,Widowed,Under Graduate,No,30825.06,0.0,7800.0,300,,Rural,614.0,31-May-2022,Y
CUST11200,Female,29.0,Divorced,Under Graduate,Yes,147802.96,0.0,34800.0,360,,URBAN,635.0,2023-10-20,Y
CUST10517,M,42.0,Single,Under Graduate,No,18242.21,17705.79,3900.0,360,,Rural,646.0,11/10/2022,Approved
CUST10249,Female,50.0,Single,Post Graduate,No,235838.86,8676.45,27300.0,360,1.0,Urban,737.0,17/05/2022,N
CUST10840,Male,45.0,Married,Not Graduate,No,22308.75,0.0,2800.0,360,0.0,URBAN,554.0,2023-04-06,Y
CUST11946,Male,45.0,Single,Graduate,No,86518.36,14037.15,11400.0,360,0.0,URBAN,912.0,12-01-2024,y
CUST11935,Male,25.0,Single,Graduate,No,46149.05,41067.31,8700.0,360,1.0,Urban,650.0,25-Nov-2024,Y
CUST10572,Female,34.0,Single,Graduate,No,58486.21,0.0,7500.0,120,1.0,rural,658.0,2022-11-10,Rejected
CUST10344,F,35.0,married,Graduate,No,45650.22,0.0,15100.0,60,1.0,Urban,676.0,2022-07-08,Y
CUST10953,Male,25.0,Widowed,graduate,Yes,206544.27,0.0,26500.0,300,1.0,Rural,871.0,07/06/2023,Y
CUST11011,Female,54.0,Single,Post Graduate,No,,9716.35,,300,1.0,Semiurban,712.0,08-Jul-2023,N
CUST11771,M,41.0,Married,Under Graduate,No,40737.37,0.0,10300.0,300,1.0,Semiurban,576.0,28-Aug-2024,N
CUST11353,Male,27.0,,Graduate,No,97868.06,9900.04,30400.0,360,1.0,Semiurban,599.0,12/01/2024,N
CUST10060,Female,40.0,single,Graduate,N,30656.63,9746.78,7600.0,240,1.0,Rural,565.0,2022-02-02,N
CUST11701,,35.0,Single,Graduate,No,47360.87,0.0,7500.0,60,1.0,Semiurban,628.0,20/07/2024,N
CUST11666,F,31.0,Widowed,Under Graduate,No,39808.75,13524.49,4800.0,360,0.0,Semiurban,613.0,07-01-2024,Y
CUST10363,Male,63.0,Married,Post Graduate,No,68878.74,30065.96,13800.0,120,1.0,rural,665.0,18-Jul-2022,Approved
CUST11753,F,36.0,Single,Graduate,No,66995.45,6237.16,7500.0,360,1.0,Urban,635.0,18/08/2024,Y
CUST10210,Female,52.0,Married,Under Graduate,No,38996.37,0.0,5500.0,360,1.0,Semiurban,762.0,04-26-2022,Y
CUST10281,Male,38.0,Divorced,Not Graduate,No,307267.64999999997,31401.22,-1000.0,360,1.0, Semiurban ,697.0,03/06/2022,N
CUST11432,Male,,Married,Not Graduate,No,75702.13,2230.52,18200.0,120,1.0,URBAN,616.0,2024-02-24,N
CUST10835,Female,54.0,Single,Not Graduate,No,197232.44,44630.12,47500.0,240,1.0,rural,604.0,03-Apr-2023,Y
CUST10412,Male,34.0,Single,Not Graduate,nan,44496.27,28676.66,7400.0,360,1.0,rural,,2022-08-14,Y
CUST11937,Female,12.0,Married,Graduate,No,45915.36,2903.49,11200.0,360,1.0,Semiurban,832.0,27/11/2024,y
CUST11244,Female,33.0,single,Graduate,No,63425.26,0.0,9400.0,12,1.0,Semiurban,593.0,2023-11-13,N
CUST10993,Male,46.0,Single,Graduate,N,46076.02,24914.81,5300.0,60,1.0,URBAN,537.0,28/06/2023,Y
CUST10947,F,49.0,Single,Graduate,Yes,24905.64,7899.97,6600.0,300,1.0,Semiurban,652.0,03-Jun-2023,Rejected
CUST11423,Female,27.0,single,graduate,Yes,23245.15,6341.51,3200.0,180,0.0,Rural,639.0,19-Feb-2024,Y
CUST10324,F,16.0,Single,Post Graduate,Yes,27844.71,7402.37,4100.0,240,1.0,Rural,598.0,2022-06-27,Y
CUST11898,Male,34.0,Married,Not Graduate,No,105459.08,0.0,18300.0,240,1.0,URBAN,831.0,11-05-2024,Approved
CUST11708,male,41.0,Married,Graduate,nan,36223.88,91091.52,8400.0,360,1.0,Semiurban,744.0,2024-07-24,Y
CUST10028,Male,35.0,Married,Under Graduate,No,39630.77,9139.53,7300.0,360,1.0,Semiurban,752.0,2022-01-16,Y
CUST11316,Female,34.0,Single,Not Graduate,No,26175.66,0.0,6800.0,360,1.0,Urban,949.0,2023-12-22,Rejected
CUST10603,M,54.0,Widowed,Graduate,No,42108.15,0.0,5600.0,360,1.0,Urban,620.0,27-Nov-2022,Approved
CUST11704,Female,38.0,Married,Graduate,Yes,24948.53,46373.98,4000.0,180,1.0,Semiurban,781.0,2024-07-22,y
CUST10525,Female,58.0,,Not Graduate,No,90841.5,7293.07,28300.0,300,1.0,Semiurban,562.0,15/10/2022,Y
CUST11799,Female,35.0,Widowed,Graduate,Yes,48912.73,0.0,5700.0,360,1.0,Semiurban,,12-Sep-2024,Y
CUST10224,Male,34.0,single,Not Graduate,No,30299.66,0.0,4300.0,180,1.0,URBAN,657.0,2022-05-03,Y
CUST11277,Male,26.0,Married,Not Graduate,No,31286.79,13522.17,5200.0,360,0.0,Rural,672.0,01/12/2023,Approved
CUST11190,Female,42.0,married,Graduate,No,101988.11,35978.82,21000.0,360,1.0,Rural,625.0,10-14-2023,N
CUST10845,male,150.0,Single,Post Graduate,Yes,72979.21,0.0,20600.0,12,1.0,Urban,560.0,08/04/2023,N
CUST11417,Female,22.0,single,Graduate,No,45347.18,6989.23,14500.0,300,,Urban,499.0,16/02/2024,Y
CUST11085,M,52.0,Single,graduate,nan,27488.67,14007.96,7900.0,360,1.0, Semiurban ,466.0,18/08/2023,Y
CUST10737,Male,37.0,Single,graduate,No,31407.99,16635.39,6100.0,300,1.0,URBAN,738.0,08/02/2023,Y
CUST11489,Female,50.0,Single,Graduate,No,30249.45,0.0,7500.0,120,1.0,Urban,716.0,26/03/2024,Approved
CUST11674,F,45.0,single,graduate,N,27115.17,7235.25,3100.0,120,1.0,Semiurban,554.0,07-05-2024,Rejected
CUST11435,,26.0,single,Graduate,No,50190.84,3030.25,13800.0,300,,Urban,775.0,26-Feb-2024,Y
CUST11177,Female,,Married,Graduate,No,7710.33,10309.31,1900.0,360,1.0,Urban,780.0,07/10/2023,Y
CUST11201,Female,67.0,Married,Not Graduate,No,121478.2,15221.12,40400.0,360,1.0,Rural,753.0,20/10/2023,Y
CUST10930,Male,41.0,Married,Graduate,nan,109527.16,19378.31,24300.0,360,1.0,Semiurban,668.0,05-25-2023,Y
CUST10151,male,53.0,married,Not Graduate,No,66974.51,9798.01,12900.0,120,1.0,URBAN,495.0,24-Mar-2022,Approved
CUST10215,M,29.0,Divorced,Under Graduate,No,31753.07,0.0,4300.0,360,,URBAN,669.0,28-Apr-2022,N
CUST10098,Male,69.0,Married,Not Graduate,No,47197.31,5758.76,11100.0,360,1.0,Urban,695.0,02-23-2022,y
CUST11168,F,44.0,Married,graduate,Yes,35945.35,35789.78,4200.0,360,,Semiurban,690.0,2023-10-02,Y
CUST11444,Male,33.0,Married,Under Graduate,No,322790.55,31843.32,41600.0,120,0.0,Rural,-50.0,2024-03-01,Approved
CUST10544,Male,52.0,Married,Graduate,No,17409.86,62559.85,2100.0,360,0.0,Semiurban,577.0,2022-10-25,Rejected
CUST10817,Female,35.0,married,Post Graduate,No,53929.85,9618.87,14700.0,120,,Semiurban,507.0,24/03/2023,Rejected
CUST11488,male,34.0,Married,Post Graduate,No,98917.61,3524.95,12300.0,360,1.0, Semiurban ,473.0,2024-03-26,n
CUST10012,Female,37.0,Single,graduate,No,38851.78,2676.12,4900.0,180,,Semiurban,629.0,2022-01-07,Rejected
CUST11707,Female,33.0,Single,Post Graduate,N,,0.0,,360,1.0,Semiurban,658.0,24-Jul-2024,Y
CUST11405,Male,37.0,Married,Not Graduate,N,10044.08,50390.12,1400.0,240,,Urban,597.0,09/02/2024,Y
CUST10167,F,29.0,Single,Graduate,Yes,74119.76,0.0,17100.0,360,,Rural,522.0,02-Apr-2022,Y
CUST11795,Male,35.0,Divorced,Graduate,No,149384.14,24588.32,45400.0,300,1.0,Rural,727.0,10-Sep-2024,Rejected
CUST10640,M,29.0,Single,Not Graduate,nan,38490.96,17126.53,4700.0,360,,Semiurban,603.0,2022-12-17,Approved
CUST10188,M,,Single,graduate,No,112216.29,0.0,31300.0,360,1.0, Semiurban ,613.0,2022-04-13,y
CUST10611,Female,40.0,Divorced,Graduate,No,80003.49,0.0,10700.0,360,1.0,Rural,692.0,01-Dec-2022,Approved
CUST11280,Female,44.0,Divorced,Post Graduate,No,115006.35,0.0,24900.0,240,1.0,Semiurban,758.0,2023-12-03,N
CUST10043,Male,32.0,Divorced,Not Graduate,Yes,30169.8,37602.67,3700.0,300,1.0,Semiurban,758.0,24-Jan-2022,Y
CUST11926,Female,53.0,Single,Graduate,No,41494.73,23509.71,5100.0,300,1.0,Semiurban,607.0,11-21-2024,Y
CUST10009,Female,30.0,Single,Graduate,No,102733.44,6405.27,12200.0,36,1.0,rural,659.0,05/01/2022,Y
CUST11465,Female,38.0,Widowed,Graduate,No,51956.87,20117.37,8800.0,120,1.0,Rural,619.0,13/03/2024,N
CUST10147,Female,30.0,Married,Post Graduate,nan,18407.04,0.0,4700.0,360,1.0,Rural,570.0,22-Mar-2022,Y
CUST10788,F,18.0,Single,Not Graduate,No,20468.09,0.0,2800.0,120,1.0, Semiurban ,770.0,2023-03-08,Approved
CUST10013,F,33.0,Single,graduate,No,483800.25,2690.07,66800.0,60,1.0,Semiurban,509.0,08/01/2022,Rejected
CUST10389,F,47.0,Married,Under Graduate,No,65942.08,15780.53,12400.0,360,1.0,Urban,950.0,02/08/2022,N
CUST11293,Male,48.0,Widowed,Post Graduate,No,34125.26,21514.97,4500.0,240,0.0,Urban,563.0,10/12/2023,Rejected
CUST10975,Female,30.0,Married,graduate,No,81086.86,0.0,12500.0,180,1.0,Semiurban,831.0,19-Jun-2023,Approved
CUST10700,Male,32.0,Married,graduate,No,63947.95,8432.47,11400.0,360,1.0,Semiurban,638.0,2023-01-19,y
CUST11845,Female,34.0,Divorced,Post Graduate,No,60488.26,0.0,8000.0,240,1.0,Semiurban,578.0,07/10/2024,Y
CUST11648,male,54.0,Married,Post Graduate,Y,67772.92,0.0,19200.0,360,1.0,rural,785.0,2024-06-21,Y
CUST11152,Male,39.0,Single,Graduate,No,21128.58,6196.33,6000.0,360,0.0,Semiurban,605.0,2023-09-24,Y
CUST10985,female,56.0,married,Not Graduate,No,28255.97,0.0,5600.0,360,1.0,Rural,811.0,24/06/2023,N
CUST11731,Male,25.0,married,Graduate,Yes,15993.25,12701.5,2400.0,360,, Semiurban ,,06-Aug-2024,Y
CUST11952,M,26.0,Married,Not Graduate,nan,100671.1,0.0,15300.0,360,0.0,Urban,695.0,2024-12-05,Y
CUST10824,F,27.0,Married,Not Graduate,No,62922.83,8888.98,16600.0,360,1.0,rural,690.0,2023-03-28,N
CUST11780,Male,33.0,Married,Graduate,No,29483.65,40808.32,5300.0,240,1.0,Rural,755.0,2024-09-02,n
CUST10492,Female,33.0,,Not Graduate,No,84662.2,0.0,20900.0,360,1.0,Urban,530.0,2022-09-27,Approved
CUST11688,Female,31.0,Single,Not Graduate,N,17292.27,0.0,3300.0,360,1.0,Urban,647.0,2024-07-13,Rejected
CUST10957,Female,38.0,Widowed,Graduate,No,74454.75,34596.83,11100.0,360,0.0,Semiurban,705.0,09/06/2023,N
CUST10479,Female,35.0,,Post Graduate,No,27287.28,4215.73,8100.0,120,1.0, Semiurban ,698.0,20-Sep-2022,Y
CUST11943,Male,,Divorced,Under Graduate,No,93379.05,14695.17,24200.0,360,1.0,URBAN,763.0,30-Nov-2024,n
CUST11499,Female,54.0,Single,Not Graduate,No,36522.6,0.0,9100.0,120,1.0,Rural,719.0,01-Apr-2024,Approved
CUST11182,Male,50.0,married,graduate,No,64811.72,0.0,11000.0,240,1.0,Rural,709.0,10-10-2023,Rejected
CUST11450,F,24.0,Single,Post Graduate,Yes,67664.47,5171.09,17500.0,240,1.0,Urban,841.0,03-05-2024,Rejected
CUST11634,,32.0,Single,Graduate,No,109083.59,0.0,15100.0,360,1.0,rural,724.0,06-14-2024,Approved
CUST10025,Male,40.0,Widowed,Not Graduate,N,68983.42,4849.55,20700.0,360,1.0,Semiurban,815.0,14/01/2022,Y
CUST11909,male,19.0,Single,Graduate,Yes,19635.67,0.0,2800.0,360,1.0,Semiurban,723.0,11/11/2024,Rejected
CUST11471,Male,42.0,,Not Graduate,No,23999.31,16148.22,5600.0,60,1.0,Rural,1200.0,16-Mar-2024,N
CUST11033,male,40.0,married,Under Graduate,No,76160.95,21843.3,11200.0,12,,Semiurban,666.0,20/07/2023,Approved
CUST10855,Female,31.0,married,Not Graduate,No,23172.17,12048.87,7000.0,180,1.0,Urban,494.0,14-Apr-2023,Approved
CUST10115,F,34.0,,Under Graduate,No,76659.15,0.0,18600.0,360,0.0,Urban,557.0,04-Mar-2022,N
CUST10024,M,43.0,Married,Graduate,nan,418312.35000000003,11721.29,,360,1.0,Urban,694.0,2022-01-14,n
CUST10370,M,,Single,Graduate,No,34031.49,0.0,4100.0,180,0.0,Rural,464.0,07-22-2022,Y
CUST11022,,37.0,Married,Not Graduate,nan,76114.25,0.0,16700.0,360,1.0,Rural,668.0,07-14-2023,Approved
CUST10746,Male,26.0,single,Graduate,No,58234.43,10964.95,8000.0,360,1.0,Rural,749.0,02-13-2023,n
CUST10096,Female,25.0,Married,Graduate,No,33649.13,38941.66,5800.0,360,0.0,Semiurban,668.0,2022-02-22,Rejected
CUST11037,Female,37.0,Married,Not Graduate,No,17182.89,0.0,2300.0,360,1.0,Urban,599.0,23/07/2023,Approved
CUST11986,Male,35.0,Married,Graduate,No,105724.57,20146.89,25100.0,360,0.0,Rural,704.0,12-23-2024,n
CUST11461,Female,39.0,married,Post Graduate,nan,15029.05,10176.37,1700.0,36,1.0,Semiurban,650.0,11/03/2024,Y
CUST10099,,42.0,Widowed,Under Graduate,No,51593.41,36750.8,9900.0,300,1.0,Semiurban,779.0,24-Feb-2022,Y
CUST11522,male,36.0,Single,Graduate,No,68344.4,17930.25,14400.0,120,0.0,Semiurban,620.0,04-13-2024,N
CUST11509,M,43.0,Single,Graduate,No,25929.64,6223.62,6500.0,360,,Rural,1200.0,06/04/2024,n
CUST11358,Female,40.0,Divorced,Graduate,nan,16836.7,0.0,3200.0,180,1.0,Semiurban,627.0,01-14-2024,N
CUST10357,F,53.0,Married,Graduate,No,61603.02,0.0,12900.0,12,1.0,Semiurban,715.0,15/07/2022,N
CUST10506,Male,24.0,single,Post Graduate,No,38402.63,0.0,8800.0,60,0.0,Urban,728.0,10-05-2022,Rejected
CUST10587,Male,34.0,Single,graduate,No,138285.99,0.0,19800.0,12,1.0,rural,735.0,18-Nov-2022,N
CUST11632,Female,40.0,Widowed,Graduate,No,61576.85,40597.5,9000.0,360,0.0,Urban,579.0,2024-06-12,N
CUST11927,M,150.0,Divorced,Post Graduate,No,23645.93,7208.7,6700.0,360,1.0,Urban,569.0,21-Nov-2024,n
CUST11956,Female,65.0,Married,Graduate,Y,,18499.87,,180,,Semiurban,840.0,2024-12-07,N
CUST10630,female,49.0,Single,Not Graduate,Yes,52061.33,11378.72,10300.0,360,0.0,URBAN,571.0,12-12-2022,y
CUST10688,M,27.0,Single,Under Graduate,N,29561.38,22357.66,3500.0,360,1.0, Semiurban ,459.0,2023-01-12,N
CUST11726,Male,44.0,Single,Graduate,No,92954.01,2940.51,11500.0,360,0.0,Rural,647.0,08-03-2024,Rejected
CUST11751,Male,36.0,Divorced,Graduate,No,39625.76,23334.6,12300.0,360,,Semiurban,567.0,17-Aug-2024,N
CUST10270,Male,41.0,Divorced,Graduate,No,50190.05,27683.48,5800.0,120,1.0,Semiurban,617.0,05-28-2022,Approved
CUST10118,Female,35.0,Divorced,Not Graduate,Yes,54931.14,8790.98,7100.0,360,1.0,Semiurban,629.0,03-06-2022,Approved
CUST10117,M,16.0,Married,graduate,No,32076.89,4328.35,5800.0,240,0.0,Rural,670.0,06/03/2022,n
CUST10868,Male,27.0,married,Post Graduate,No,60455.98,7179.08,18900.0,360,, Semiurban ,614.0,2023-04-21,N
CUST11924,Male,41.0,Married,Not Graduate,No,20861.08,10187.33,2700.0,360,0.0,Rural,698.0,2024-11-19,Rejected
CUST10561,Male,38.0,single,Under Graduate,Yes,109293.88,16815.29,14600.0,360,1.0,Semiurban,706.0,04/11/2022,n
CUST11732,M,43.0,single,Not Graduate,nan,32782.31,17308.65,9500.0,360,1.0,Urban,708.0,2024-08-06,Y
CUST11016,Female,37.0,Single,Post Graduate,No,96348.75,53743.74,14300.0,360,1.0,rural,667.0,2023-07-11,y
CUST11976,Female,46.0,Married,Post Graduate,nan,82814.87,0.0,12900.0,360,1.0,Rural,690.0,2024-12-18,N
CUST11825,Male,42.0,Single,Not Graduate,No,27130.49,0.0,5000.0,360,0.0,Urban,615.0,26/09/2024,Y
CUST10164,Female,46.0,Single,Post Graduate,No,13010.92,0.0,2800.0,360,,Rural,609.0,2022-03-31,Y
CUST10596,M,37.0,Married,Graduate,No,69738.23,0.0,16200.0,360,1.0,Urban,729.0,2022-11-23,Rejected
CUST11529,Male,48.0,Single,Not Graduate,No,74500.11,0.0,12400.0,360,1.0,Urban,701.0,17/04/2024,Y
CUST11812,M,43.0,Divorced,Not Graduate,No,46566.94,7139.35,15400.0,300,1.0,Urban,771.0,2024-09-19,Y
CUST10465,Female,18.0,Single,Graduate,No,53499.78,0.0,6900.0,180,1.0,Rural,,12/09/2022,y
CUST11165,male,42.0,Widowed,graduate,Yes,58813.84,23242.3,8300.0,120,,Rural,716.0,01/10/2023,N
CUST11106,Male,40.0,Married,graduate,No,55835.06,7745.8,6500.0,120,0.0,Urban,685.0,08-29-2023,Y
CUST10142,female,29.0,,Graduate,No,103942.48,46330.73,15800.0,360,0.0,Semiurban,524.0,03-19-2022,n
CUST10113,Female,44.0,single,Graduate,nan,43653.99,0.0,6800.0,120,1.0,Urban,813.0,03/03/2022,Approved
CUST11487,Female,39.0,married,Post Graduate,No,27848.07,0.0,6200.0,120,1.0,Rural,502.0,25-Mar-2024,Rejected
CUST11232,Male,30.0,Widowed,Post Graduate,No,18130.41,22672.45,4000.0,360,1.0,Rural,587.0,2023-11-06,Y
CUST10378,Female,38.0,Single,Not Graduate,N,142927.23,0.0,24600.0,360,,Urban,576.0,07-27-2022,Approved
CUST10063,M,44.0,Married,Graduate,nan,41555.14,8308.38,6200.0,360,1.0,Semiurban,650.0,04-Feb-2022,N
CUST11876,Male,62.0,,Post Graduate,nan,29507.13,0.0,8400.0,180,1.0,Rural,675.0,2024-10-24,y
CUST10643,Male,,Married,Not Graduate,No,22533.24,15600.64,3400.0,360,0.0,Semiurban,677.0,19-Dec-2022,N
CUST10186,Female,34.0,Divorced,Post Graduate,N,34933.87,11914.43,9000.0,360,1.0,Semiurban,661.0,04-12-2022,Rejected
CUST11806,Male,46.0,Single,Graduate,No,67140.11,74999.3,8000.0,12,1.0,URBAN,656.0,09-16-2024,Approved
CUST11930,Female,39.0,Single,Graduate,No,59919.93,12688.86,13800.0,180,1.0,Rural,832.0,11-23-2024,Y
CUST10586,Male,,married,Post Graduate,Yes,27415.91,0.0,3800.0,360,0.0,Rural,665.0,11-17-2022,y
CUST10294,F,51.0,Single,Graduate,No,38267.69,21598.92,7100.0,360,1.0,Semiurban,727.0,06-11-2022,N
CUST10562,F,54.0,,Post Graduate,Yes,64562.46,0.0,10700.0,180,1.0,Urban,620.0,11-04-2022,Y
CUST10453,Male,12.0,single,Not Graduate,Y,16363.74,15689.07,4900.0,360,,Semiurban,570.0,06/09/2022,Rejected
CUST10286,Male,29.0,Married,Graduate,N,24098.55,28009.14,6900.0,180,,Semiurban,661.0,06-06-2022,n
CUST11883,M,34.0,Married,Graduate,nan,18256.19,25457.09,2400.0,240,1.0,Semiurban,661.0,28-Oct-2024,N
CUST10565,Female,36.0,Single,Graduate,Yes,64821.9,0.0,19800.0,60,0.0,Urban,786.0,06/11/2022,Approved
CUST10300,M,,Widowed,Not Graduate,Yes,47438.0,10302.4,9100.0,360,1.0,Rural,661.0,2022-06-14,N
CUST10848,Male,27.0,Widowed,Post Graduate,No,,19180.75,,360,1.0,URBAN,546.0,2023-04-10,Y
CUST10315,Male,43.0,Single,graduate,No,60942.49,18068.53,16900.0,60,1.0,Semiurban,722.0,22-Jun-2022,Y
CUST10903,Female,34.0,married,Graduate,No,35124.69,0.0,10500.0,36,1.0,Urban,524.0,10-May-2023,Approved
CUST11095,Female,49.0,Married,Graduate,nan,64752.65,0.0,9000.0,240,1.0,URBAN,687.0,23-Aug-2023,N
CUST10359,Female,43.0,Single,Graduate,No,162693.99,0.0,49000.0,240,0.0, Semiurban ,631.0,16-Jul-2022,Rejected
CUST10130,Male,47.0,,Graduate,Yes,31946.71,0.0,9700.0,360,1.0,Urban,652.0,03-13-2022,Approved
CUST11496,F,46.0,Divorced,Under Graduate,No,56126.3,55684.1,8900.0,300,1.0,Urban,658.0,2024-03-30,Approved
CUST10189,Male,30.0,Divorced,Graduate,Yes,47002.2,41976.33,9000.0,360,1.0,Urban,486.0,14/04/2022,y
CUST10027,Male,38.0,Single,Graduate,No,77266.25,9174.61,,300,1.0,Rural,740.0,15-Jan-2022,N
CUST11573,F,21.0,Single,Not Graduate,No,135367.15,0.0,42500.0,360,1.0,Urban,725.0,11/05/2024,N
CUST11098,male,37.0,Married,Under Graduate,No,131359.17,0.0,16300.0,300,,Rural,679.0,08-25-2023,N
CUST11192,male,37.0,Married,Under Graduate,No,38317.58,14419.37,6000.0,360,1.0,Urban,823.0,2023-10-15,y
CUST11236,Male,29.0,Divorced,Post Graduate,Y,39789.84,0.0,7500.0,300,0.0,Urban,630.0,2023-11-09,Rejected
CUST10637,M,43.0,Married,Post Graduate,No,115570.45,27420.27,28800.0,240,1.0, Semiurban ,809.0,15/12/2022,y
CUST11682,M,53.0,single,Graduate,Yes,28327.18,0.0,3500.0,60,0.0,Semiurban,681.0,07-10-2024,Approved
CUST10744,Female,29.0,Single,Not Graduate,No,29466.45,0.0,6300.0,360,1.0,Urban,714.0,2023-02-12,Rejected
CUST11580,male,23.0,Single,Post Graduate,No,52762.35,0.0,11100.0,240,1.0,URBAN,721.0,2024-05-15,Y
CUST11179,Male,32.0,Single,Not Graduate,No,54711.95,35222.42,16500.0,360,1.0,Rural,808.0,08-Oct-2023,Approved
CUST10266,Male,30.0,Divorced,Graduate,No,80543.86,0.0,9800.0,360,1.0,Semiurban,641.0,05-26-2022,Approved
CUST11528,Male,52.0,Divorced,Not Graduate,No,28892.31,0.0,,360,1.0,URBAN,636.0,2024-04-16,Approved
CUST11513,M,54.0,married,graduate,N,60552.57,7823.51,10000.0,180,0.0,Rural,720.0,08/04/2024,Y
CUST10075,Male,52.0,Married,Not Graduate,No,13576.92,0.0,1800.0,360,1.0,Rural,599.0,11-Feb-2022,Rejected
CUST11750,Female,35.0,Married,Graduate,Yes,20913.91,19489.22,4300.0,360,,Rural,600.0,08-16-2024,Rejected
CUST11015,Male,49.0,,Graduate,No,68922.19,9805.82,7700.0,360,1.0,rural,1200.0,10-Jul-2023,Approved
CUST11287,Male,41.0,Married,Not Graduate,No,46335.65,0.0,8500.0,240,1.0,Urban,678.0,06-Dec-2023,Y
CUST10739,Female,53.0,Single,graduate,No,141954.15,57641.31,18400.0,300,1.0,Semiurban,724.0,09-Feb-2023,Y
CUST11950,female,65.0,Married,graduate,No,57702.3,0.0,11800.0,36,1.0,Urban,707.0,12-04-2024,Y
CUST11285,female,50.0,Married,Graduate,No,41016.49,4793.93,4700.0,360,1.0,Semiurban,410.0,05/12/2023,n
CUST11324,Male,34.0,Single,Not Graduate,Yes,22643.29,2037.1,6200.0,360,1.0,Rural,752.0,2023-12-27,N
CUST10806,Female,20.0,single,Not Graduate,Yes,96531.11,0.0,30600.0,180,0.0,Urban,591.0,03-18-2023,n
CUST10858,Female,32.0,Married,Graduate,No,73784.47,17080.21,16800.0,60,1.0,Urban,665.0,04-15-2023,Y
CUST10180,male,34.0,Divorced,Post Graduate,No,62049.71,12687.47,12500.0,60,0.0,Urban,657.0,2022-04-09,Approved
CUST10765,Male,40.0,Married,Under Graduate,No,11301.84,0.0,1300.0,180,1.0,Urban,825.0,24/02/2023,Y
CUST10663,Male,30.0,Single,graduate,No,89826.72,6925.57,22500.0,180,1.0,Rural,557.0,30-Dec-2022,Approved
CUST11249,female,43.0,Married,Not Graduate,No,52148.86,34147.49,6300.0,240,,URBAN,570.0,16/11/2023,Rejected
CUST10376,female,21.0,Married,Graduate,No,41425.69,27341.05,6200.0,360,1.0,URBAN,655.0,2022-07-25,Y
CUST10660,Male,31.0,Married,Graduate,N,54826.49,21964.49,8100.0,360,1.0,URBAN,620.0,2022-12-28,N
CUST10023,male,55.0,married,Not Graduate,No,161848.16,10187.06,53000.0,360,1.0,Urban,516.0,13-Jan-2022,N
CUST10346,female,28.0,Married,Not Graduate,No,1481884.5,0.0,211200.0,300,1.0,Semiurban,776.0,07-09-2022,Y
CUST11654,female,38.0,single,Under Graduate,No,40621.44,7727.84,5500.0,360,0.0,rural,-50.0,06-25-2024,Rejected
CUST11816,M,23.0,single,Not Graduate,No,66131.5,10510.76,8700.0,120,1.0,Rural,612.0,2024-09-21,N
CUST11734,male,53.0,Single,Not Graduate,No,20645.65,3704.86,5700.0,360,1.0,Rural,583.0,08-07-2024,Rejected
CUST10008,Male,35.0,Divorced,Not Graduate,No,47333.73,14055.56,5800.0,360,1.0,Urban,758.0,2022-01-05,Y
CUST10228,Female,27.0,Divorced,Not Graduate,No,34374.57,0.0,5200.0,360,1.0,URBAN,697.0,2022-05-05,n
CUST10489,Female,47.0,Married,Post Graduate,nan,51370.45,5545.48,5900.0,12,1.0,Rural,643.0,25/09/2022,Y
CUST10213,F,30.0,single,Graduate,Y,25673.12,30579.36,5200.0,240,1.0,Semiurban,738.0,27/04/2022,Y
CUST11172,Male,150.0,Single,Not Graduate,No,60314.15,14969.07,19000.0,60,0.0,Urban,558.0,2023-10-04,Y
CUST10571,F,37.0,Single,Under Graduate,No,41970.62,15726.63,11500.0,300,0.0,Urban,662.0,09-Nov-2022,Y
CUST10449,Female,28.0,single,Post Graduate,No,36604.47,0.0,5700.0,360,,Urban,645.0,03/09/2022,Approved
CUST10747,Female,47.0,Single,graduate,No,112360.55,107029.51,24300.0,360,1.0,Urban,636.0,14-Feb-2023,Y
CUST10015,Male,35.0,Married,Post Graduate,No,63958.08,0.0,11000.0,360,1.0,Urban,697.0,09-Jan-2022,Rejected
CUST11490,Male,34.0,Single,Post Graduate,No,88027.62,8167.37,23300.0,120,1.0,URBAN,1200.0,03-27-2024,N
CUST11793,Female,30.0,Single,Post Graduate,Yes,72195.09,23128.06,8500.0,360,1.0,Rural,574.0,09/09/2024,Y
CUST11709,Male,36.0,Single,Under Graduate,No,25622.24,0.0,3700.0,360,1.0,Rural,685.0,25/07/2024,n
CUST11318,M,34.0,Single,Not Graduate,No,140562.06,0.0,30900.0,360,1.0,rural,788.0,12-23-2023,N
CUST11670,Male,60.0,married,Post Graduate,No,55660.12,0.0,10800.0,240,1.0,Rural,515.0,07-03-2024,N
CUST10546,Female,41.0,Married,Under Graduate,No,30489.34,6134.18,9100.0,12,1.0,Semiurban,629.0,10-27-2022,Y
CUST11170,Female,,married,graduate,No,173144.84,0.0,29800.0,240,0.0,Rural,659.0,10-03-2023,Y
CUST11911,Male,43.0,Divorced,Post Graduate,No,49121.37,0.0,6600.0,240,1.0,Semiurban,699.0,12-Nov-2024,Rejected
CUST10354,Female,41.0,Married,Under Graduate,Y,148638.01,9637.78,18900.0,180,0.0,Urban,770.0,07-13-2022,Rejected
CUST10754,Female,37.0,,Under Graduate,No,39149.92,0.0,12900.0,36,1.0,Rural,756.0,02-18-2023,N
CUST10207,Female,52.0,Single,Graduate,No,15627.97,0.0,2600.0,360,,Urban,551.0,24-Apr-2022,Y
CUST11198,Male,37.0,Single,Not Graduate,No,56046.82,14416.02,7600.0,360,1.0,Rural,713.0,10-19-2023,Y
CUST11275,Male,33.0,Single,Under Graduate,No,80204.34,4076.58,13200.0,360,1.0,rural,,30-Nov-2023,N
CUST11483,Male,35.0,married,Not Graduate,Yes,66306.61,0.0,14600.0,360,1.0,URBAN,573.0,23-Mar-2024,Rejected
CUST10416,Male,35.0,Married,Not Graduate,No,26824.42,15536.64,8300.0,360,,URBAN,737.0,2022-08-16,N
CUST11718,Female,17.0,Divorced,Post Graduate,Yes,94441.18,0.0,26100.0,300,0.0,Rural,788.0,07-30-2024,Approved
CUST11074,F,41.0,Married,Not Graduate,Y,90953.1,67386.65,18700.0,360,,Urban,721.0,08-12-2023,Y
CUST11581,Male,48.0,Widowed,Not Graduate,N,257784.6,9243.76,59300.0,120,1.0,Urban,695.0,16/05/2024,N
CUST10707,F,34.0,Married,Under Graduate,No,82342.72,20288.81,11700.0,360,1.0,Semiurban,746.0,23-Jan-2023,N
CUST10442,M,36.0,Single,graduate,No,81495.0,7167.43,19100.0,360,1.0,rural,642.0,08-31-2022,N
CUST11109,Male,35.0,Married,Not Graduate,No,37289.07,0.0,4300.0,240,1.0,Urban,729.0,31/08/2023,n
CUST10619,Male,37.0,Married,Graduate,No,58619.57,0.0,9500.0,180,1.0,Semiurban,1200.0,06-Dec-2022,n
CUST10536,Female,30.0,Single,Not Graduate,No,16440.13,35648.31,2200.0,360,1.0,Urban,519.0,2022-10-21,N
CUST10348,Female,33.0,Widowed,Graduate,Y,49927.29,0.0,6200.0,360,1.0,Urban,771.0,2022-07-10,n
CUST11049,Male,35.0,married,Graduate,No,47245.82,0.0,11400.0,360,1.0,URBAN,606.0,29/07/2023,Rejected
CUST10403,Male,51.0,Single,Not Graduate,No,104337.54,26111.76,27100.0,360,1.0,rural,692.0,09-Aug-2022,Approved
CUST10362,Male,42.0,Married,Graduate,N,21161.5,16754.98,2800.0,360,1.0,Semiurban,540.0,07-18-2022,N
CUST10026,Female,32.0,Married,Graduate,No,82666.65,27192.13,15500.0,240,1.0,Urban,544.0,01-15-2022,Approved
CUST11124,Female,50.0,,Graduate,No,29043.16,21461.93,3500.0,360,,Urban,681.0,2023-09-08,y
CUST11783,Male,31.0,Married,Under Graduate,No,47719.07,45927.32,7400.0,360,1.0, Semiurban ,646.0,03-Sep-2024,Rejected
CUST10177,,34.0,Widowed,Graduate,No,10866.53,26794.27,2700.0,12,1.0,Urban,621.0,07/04/2022,Y
CUST11947,female,21.0,Married,Under Graduate,No,37886.65,137579.33,9400.0,120,0.0,Semiurban,700.0,02-Dec-2024,Approved
CUST10887,Male,44.0,married,Graduate,No,10697.44,21096.66,1800.0,360,1.0,Urban,699.0,01-May-2023,Y
CUST11413,female,41.0,Single,Not Graduate,No,,142388.34,,240,1.0,Urban,911.0,14/02/2024,Y
CUST10683,Female,45.0,Single,Not Graduate,nan,77920.64,14959.3,10300.0,12,1.0,rural,584.0,10-Jan-2023,Y
CUST10252,Female,43.0,Single,Post Graduate,No,32103.22,8302.65,8000.0,360,, Semiurban ,711.0,2022-05-19,y
CUST10414,Male,47.0,Married,Post Graduate,No,41952.45,0.0,5100.0,360,,Urban,773.0,08-15-2022,Y
CUST10558,Female,47.0,single,Not Graduate,Y,85390.48,10457.08,19000.0,360,1.0,Semiurban,665.0,11-02-2022,Y
CUST10553,male,48.0,Widowed,Graduate,No,30039.5,25471.12,3800.0,360,1.0,Semiurban,672.0,30/10/2022,Rejected
CUST10193,F,34.0,Married,Not Graduate,N,45295.09,26733.13,6500.0,300,1.0,Semiurban,767.0,16/04/2022,Y
CUST11150,Male,38.0,Single,Graduate,nan,95406.16,0.0,14100.0,360,1.0,rural,729.0,09-22-2023,Y
CUST11882,Female,36.0,married,Not Graduate,No,109015.84,8154.63,31600.0,240,,Semiurban,586.0,10-27-2024,N
CUST11042,Female,64.0,Married,graduate,No,15263.9,0.0,2800.0,360,1.0,Semiurban,,07-25-2023,Rejected
CUST10445,M,33.0,Divorced,Not Graduate,Yes,21124.86,7090.31,4200.0,60,1.0,Rural,596.0,01/09/2022,Y
CUST10795,Male,42.0,Married,Graduate,No,121827.22,0.0,38900.0,60,0.0,Urban,649.0,12-Mar-2023,Approved
CUST11323,F,30.0,Widowed,Under Graduate,No,102186.43,0.0,20500.0,360,1.0,Urban,651.0,26-Dec-2023,Y
CUST11872,,41.0,Married,Graduate,Yes,42946.09,0.0,6900.0,360,1.0,Rural,688.0,2024-10-22,y
CUST11757,,36.0,,Post Graduate,Yes,57404.25,10779.1,14800.0,300,1.0,Urban,,20/08/2024,Rejected
CUST10451,male,41.0,,Post Graduate,No,801365.4,49205.45,241000.0,360,1.0,Rural,595.0,05-Sep-2022,Rejected
CUST11584,Female,29.0,Married,Graduate,No,61214.13,8797.45,12300.0,240,1.0,Urban,594.0,2024-05-17,Approved
CUST10464,Female,12.0,Widowed,Graduate,No,29362.09,6119.07,6000.0,360,1.0,Semiurban,612.0,2022-09-12,Approved
CUST10984,Male,30.0,Widowed,Under Graduate,Y,,0.0,,360,1.0,Semiurban,754.0,2023-06-24,Approved
CUST10458,F,22.0,,Not Graduate,No,12540.14,15709.89,2900.0,360,1.0,rural,846.0,09-08-2022,n
CUST11384,female,20.0,Widowed,Not Graduate,nan,45369.11,31489.46,8200.0,180,1.0,Urban,766.0,2024-01-29,N
CUST10951,Male,51.0,Single,Post Graduate,Yes,105837.18,38193.61,12000.0,36,1.0,Semiurban,636.0,05-Jun-2023,Y
CUST10828,male,50.0,single,Under Graduate,No,54922.5,0.0,8900.0,360,1.0,Rural,659.0,2023-03-30,N
CUST11591,Male,56.0,Married,Graduate,No,66276.23,0.0,18000.0,120,1.0,Semiurban,648.0,21-May-2024,N
CUST10369,male,12.0,Married,Under Graduate,Yes,63898.05,3956.25,13700.0,180,0.0, Semiurban ,580.0,22/07/2022,Y
CUST10484,Male,37.0,Married,Graduate,No,158370.82,6090.7,21700.0,240,0.0,Semiurban,636.0,2022-09-23,Rejected
CUST10684,Female,32.0,Married,Graduate,No,35106.85,12764.1,4000.0,36,1.0,Rural,526.0,2023-01-10,Y
CUST11195,Male,41.0,married,Under Graduate,No,19068.96,22365.77,3900.0,120,1.0,Urban,731.0,17-Oct-2023,Approved
CUST10307,Female,40.0,Married,Under Graduate,nan,30295.15,42004.78,8500.0,180,0.0,Urban,707.0,18-Jun-2022,Rejected
CUST10285,Female,52.0,Single,Not Graduate,nan,59832.9,0.0,14300.0,60,0.0,Semiurban,537.0,06/06/2022,Approved
CUST11733,Male,,single,Post Graduate,Yes,39583.14,5616.97,6100.0,360,1.0,Semiurban,481.0,07/08/2024,Rejected
CUST11294,Male,40.0,married,Graduate,No,24568.35,0.0,4000.0,360,0.0,URBAN,699.0,12-10-2023,Y
CUST10717,Male,33.0,Married,Graduate,No,73673.46,13697.32,8200.0,360,0.0, Semiurban ,710.0,28/01/2023,Approved
CUST11295,Female,51.0,Widowed,Under Graduate,Yes,100907.04,8298.51,17400.0,120,1.0,Rural,660.0,11-Dec-2023,N
CUST10748,F,51.0,Single,Graduate,No,59355.84,10372.95,12400.0,240,1.0,Semiurban,601.0,2023-02-14,y
CUST11102,F,33.0,Single,Not Graduate,nan,51562.0,4769.69,16400.0,360,0.0,URBAN,833.0,08-27-2023,Y
CUST10635,Male,29.0,married,Post Graduate,No,13704.85,3657.36,1800.0,360,1.0,Rural,696.0,14-Dec-2022,Approved
CUST11564,F,45.0,Married,Not Graduate,No,49517.08,17961.95,15000.0,360,1.0,Rural,625.0,2024-05-06,Rejected
CUST11116,Male,40.0,Married,Graduate,No,124584.77,16837.07,23300.0,120,1.0,rural,627.0,2023-09-04,n
CUST11523,M,51.0,Married,Graduate,N,29507.07,0.0,7400.0,180,1.0,Rural,695.0,14-Apr-2024,Rejected
CUST10721,Female,55.0,Divorced,Post Graduate,Yes,58352.72,11170.05,8100.0,120,1.0,Semiurban,678.0,30/01/2023,n
CUST11082,female,37.0,Widowed,graduate,Yes,71178.33,0.0,8200.0,360,1.0,Urban,564.0,08-16-2023,Y
CUST11644,Male,53.0,Married,Not Graduate,Yes,108183.61,12134.12,19900.0,240,1.0,Semiurban,686.0,2024-06-19,N
CUST10097,Male,51.0,Single,Not Graduate,nan,129581.29,0.0,16000.0,360,1.0,Rural,647.0,23/02/2022,Rejected
CUST10797,Male,20.0,single,Graduate,No,88988.31,13291.13,21200.0,360,1.0,Urban,539.0,13/03/2023,Y
CUST11813,Male,48.0,Married,Not Graduate,No,20443.32,72690.23,3200.0,240,1.0,Semiurban,792.0,20/09/2024,N
CUST11978,M,50.0,married,graduate,No,19466.91,0.0,3500.0,300,1.0,Urban,687.0,12-19-2024,Y
CUST10139,Male,39.0,Widowed,Not Graduate,No,32138.47,0.0,3600.0,180,,rural,732.0,18-Mar-2022,Y
CUST11231,Female,27.0,Married,Under Graduate,No,31031.12,0.0,10000.0,12,1.0,Semiurban,689.0,06-Nov-2023,N
CUST11922,Female,42.0,Married,Post Graduate,No,36896.31,0.0,5500.0,360,1.0,Urban,558.0,11-18-2024,n
CUST10720,Female,42.0,single,Not Graduate,Yes,124021.71,0.0,30800.0,360,1.0,Semiurban,824.0,2023-01-30,Approved
CUST11792,Male,48.0,Single,Not Graduate,Yes,116896.15,12947.05,30800.0,360,1.0,Rural,814.0,2024-09-08,Y
CUST11824,M,17.0,married,graduate,No,33427.81,3003.57,,360,1.0,URBAN,711.0,2024-09-26,Approved
CUST11992,Male,16.0,Single,Graduate,Yes,39688.12,8797.32,6600.0,360,1.0,URBAN,671.0,2024-12-27,Y
CUST11189,Female,34.0,Married,Graduate,No,31671.91,24242.67,5000.0,360,0.0,Semiurban,533.0,14/10/2023,N
CUST11949,female,20.0,Married,Graduate,No,20613.68,7742.93,2900.0,360,1.0,rural,668.0,03/12/2024,y
CUST10128,Male,40.0,Married,Graduate,No,41140.25,18951.5,6500.0,360,1.0,URBAN,604.0,2022-03-12,Rejected
CUST11126,Female,26.0,Single,Under Graduate,nan,81943.51,34232.69,20300.0,360,0.0,Urban,433.0,09-09-2023,y
CUST10762,Male,40.0,Married,Graduate,No,56626.55,13150.11,9900.0,360,1.0,Rural,686.0,02-22-2023,N
CUST11321,Female,49.0,Divorced,Not Graduate,Y,31685.28,31891.12,4100.0,12,1.0,Semiurban,653.0,25/12/2023,Y
CUST11467,Male,50.0,Single,Not Graduate,No,42602.45,0.0,8200.0,120,,Urban,750.0,14-Mar-2024,Approved
CUST10522,Male,40.0,Married,Not Graduate,Yes,70133.79,0.0,9200.0,240,1.0,Urban,647.0,10-13-2022,n
CUST10264,female,22.0,Single,Post Graduate,No,47477.91,9235.31,11600.0,60,1.0,Rural,706.0,2022-05-25,Rejected
CUST11849,M,49.0,Single,Not Graduate,No,18487.29,0.0,2200.0,120,1.0,Urban,789.0,09/10/2024,Y
CUST11576,F,36.0,Divorced,Not Graduate,nan,66539.65,3064.47,8500.0,360,,Semiurban,582.0,2024-05-13,N
CUST11600,female,35.0,,Not Graduate,No,127368.98,17524.19,34300.0,240,1.0,Semiurban,581.0,2024-05-26,Y
CUST10631,F,39.0,Widowed,Under Graduate,No,26889.56,6409.86,8900.0,360,1.0,Semiurban,,12-Dec-2022,Rejected
CUST10498,Female,29.0,Married,graduate,N,64580.97,0.0,18400.0,360,1.0,Semiurban,669.0,09-30-2022,N
CUST11923,Female,24.0,Married,Under Graduate,Y,43756.62,30894.99,6700.0,180,,rural,596.0,19-Nov-2024,Approved
CUST11336,Male,41.0,Married,Graduate,No,39399.22,88853.8,4400.0,360,1.0,Rural,658.0,2024-01-02,Y
CUST11677,Female,31.0,Married,Under Graduate,No,55390.08,8599.46,7500.0,360,,Urban,478.0,07/07/2024,Rejected
CUST10921,F,23.0,Single,Not Graduate,nan,38595.17,7027.85,4400.0,360,,Semiurban,576.0,20/05/2023,Rejected
CUST10432,Female,45.0,Divorced,Under Graduate,No,80714.79,0.0,9600.0,180,0.0,Urban,535.0,2022-08-25,Y
CUST11725,Male,31.0,married,Graduate,No,103347.58,8922.49,11800.0,360,1.0,Rural,854.0,02/08/2024,N
CUST11744,M,25.0,Single,Graduate,No,29885.03,0.0,6600.0,36,1.0,Urban,654.0,2024-08-13,Approved
CUST10068,Male,37.0,Married,Under Graduate,No,67079.37,2048.37,12900.0,240,1.0,Rural,459.0,2022-02-07,Approved
CUST10943,Female,29.0,Widowed,Post Graduate,No,42583.8,0.0,5100.0,360,0.0, Semiurban ,685.0,01-Jun-2023,Rejected
CUST10971,Male,47.0,Married,Not Graduate,No,15961.06,0.0,4500.0,360,1.0,rural,631.0,16-Jun-2023,Rejected
CUST11827,Female,28.0,single,Graduate,No,10500.55,25775.9,1300.0,360,1.0, Semiurban ,751.0,27-Sep-2024,Rejected
CUST10838,Female,32.0,married,Not Graduate,No,53634.19,6413.58,10500.0,360,1.0,rural,719.0,04-05-2023,y
CUST10573,M,50.0,Married,Not Graduate,No,67017.26,12978.14,9900.0,36,1.0,rural,682.0,10/11/2022,Approved
CUST10334,Male,21.0,Married,Under Graduate,No,79855.85,15060.67,14400.0,360,0.0,Urban,646.0,07-02-2022,Y
CUST10338,Male,33.0,Married,Under Graduate,No,55115.42,15065.35,13900.0,36,1.0,Urban,605.0,07-05-2022,Y
CUST10856,M,34.0,Married,Graduate,nan,132750.58,0.0,24700.0,120,1.0,Semiurban,497.0,2023-04-14,Y
CUST10664,Male,56.0,Married,Not Graduate,No,31895.98,22927.23,4100.0,120,1.0,Semiurban,,2022-12-30,Rejected
CUST10383,Female,50.0,Married,Graduate,No,29152.27,3843.1,3400.0,360,0.0,Semiurban,520.0,29-Jul-2022,Y
CUST11938,Male,26.0,Married,Under Graduate,Yes,18657.07,4014.4,2300.0,360,1.0,Semiurban,548.0,11-27-2024,Y
CUST10055,F,24.0,Married,Post Graduate,No,90495.07,13128.48,11500.0,300,1.0, Semiurban ,595.0,31-Jan-2022,Approved
CUST10701,Male,41.0,single,Graduate,Yes,70335.56,5374.63,9700.0,12,1.0,rural,620.0,19/01/2023,Y
CUST10804,Male,48.0,Married,Post Graduate,nan,26615.56,38052.31,4500.0,360,1.0,URBAN,852.0,2023-03-17,Y
CUST10705,Female,27.0,Married,Graduate,No,39415.52,138937.11,4900.0,360,1.0,rural,455.0,22/01/2023,N
CUST11544,Female,45.0,Widowed,Not Graduate,Yes,27186.17,7911.45,6400.0,360,1.0,Urban,-50.0,2024-04-25,Rejected
CUST11810,Male,51.0,married,Not Graduate,No,68785.65,2014.58,9700.0,360,0.0, Semiurban ,792.0,09-18-2024,Rejected
CUST11692,Male,34.0,Married,Graduate,No,100389.76,11651.78,19200.0,12,1.0,Rural,541.0,2024-07-15,N
CUST10170,Male,40.0,single,Not Graduate,No,53739.48,14723.65,6900.0,360,1.0,Urban,683.0,04-04-2022,Y
CUST10173,female,43.0,Married,Post Graduate,No,53195.63,2191.76,9200.0,120,1.0,URBAN,560.0,05/04/2022,Approved
CUST11649,F,39.0,Widowed,Post Graduate,No,76237.54,0.0,8600.0,180,,Semiurban,587.0,22/06/2024,Y
CUST10326,F,38.0,married,Post Graduate,N,40268.31,39293.13,4800.0,240,,Urban,,06-28-2022,Y
CUST10503,Female,18.0,married,Post Graduate,Yes,25875.46,24622.57,5600.0,360,1.0,Urban,632.0,03-Oct-2022,Y
CUST11010,Female,20.0,Single,Post Graduate,nan,44396.97,18622.91,5100.0,360,1.0,Urban,621.0,07-08-2023,Y
CUST10409,,66.0,Married,Under Graduate,No,37879.32,30213.6,9000.0,240,1.0,Urban,645.0,13/08/2022,Y
CUST10905,Female,22.0,,Graduate,nan,34963.63,0.0,8100.0,120,1.0,Rural,528.0,11/05/2023,N
CUST10297,F,45.0,Married,Not Graduate,nan,67282.05,11513.96,14200.0,360,0.0,Semiurban,611.0,12/06/2022,Rejected
CUST11427,Male,59.0,single,Under Graduate,No,74703.72,9887.64,14200.0,120,1.0,Semiurban,540.0,21-Feb-2024,N
CUST10613,,18.0,Married,Graduate,No,65950.84,29446.69,10500.0,360,1.0,Urban,765.0,02/12/2022,N
CUST11526,Female,48.0,Divorced,Post Graduate,Yes,57480.54,21819.75,10600.0,360,1.0,URBAN,478.0,04-15-2024,Y
CUST11851,male,29.0,Divorced,Under Graduate,nan,25123.35,0.0,6900.0,360,1.0,Urban,757.0,10-Oct-2024,N
CUST10718,Female,43.0,Divorced,Under Graduate,nan,23220.96,42900.23,4200.0,180,1.0,Semiurban,586.0,01-29-2023,Rejected
CUST10740,Male,48.0,Married,Not Graduate,N,81524.24,0.0,13600.0,360,1.0,Semiurban,655.0,2023-02-10,Rejected
CUST10671,Female,53.0,Married,Not Graduate,Yes,73320.53,10927.54,9400.0,120,1.0,Urban,600.0,03-Jan-2023,Approved
CUST10648,Female,40.0,married,Post Graduate,No,90954.19,29659.44,10300.0,360,1.0,Semiurban,713.0,2022-12-21,n
CUST10005,F,39.0,Widowed,Under Graduate,No,26889.56,6409.86,8900.0,360,1.0,Semiurban,,12-Dec-2022,Rejected
CUST11830,Female,25.0,Married,Graduate,No,21686.26,32773.03,4500.0,180,1.0, Semiurban ,632.0,09-29-2024,Approved
CUST11640,M,65.0,,Graduate,No,29787.6,0.0,3800.0,360,1.0,Rural,578.0,2024-06-17,N
CUST11981,Female,51.0,Married,Under Graduate,No,50248.63,3669.81,7100.0,120,1.0,Urban,567.0,21/12/2024,Rejected
CUST11589,Male,35.0,Divorced,Graduate,No,60255.22,9049.18,13600.0,360,0.0,URBAN,598.0,20/05/2024,n
CUST11139,Female,,Widowed,Under Graduate,Yes,23276.08,57763.99,6300.0,12,1.0,Rural,649.0,16-Sep-2023,Rejected
CUST10531,M,39.0,Single,Graduate,nan,100268.15,9681.53,16100.0,360,1.0, Semiurban ,613.0,18-Oct-2022,Y
CUST10407,F,34.0,Married,Not Graduate,Yes,78970.55,0.0,25800.0,120,1.0,Rural,771.0,11-Aug-2022,Approved
CUST10199,Male,,Married,Not Graduate,No,39564.34,0.0,8900.0,180,1.0,Urban,839.0,20-Apr-2022,N
CUST10473,Male,38.0,single,Post Graduate,No,31242.08,52616.52,3900.0,300,0.0,URBAN,662.0,17/09/2022,Y
CUST10751,Male,42.0,married,Not Graduate,No,17928.59,37272.83,3000.0,360,1.0,URBAN,697.0,16-Feb-2023,Approved
CUST10738,Female,34.0,married,Not Graduate,No,26766.38,6339.57,8100.0,360,1.0, Semiurban ,699.0,02-09-2023,N
CUST10755,Male,37.0,Married,Not Graduate,Yes,41904.55,4838.04,5200.0,360,1.0,Urban,562.0,18-Feb-2023,N
CUST10216,Male,26.0,,Post Graduate,Yes,29087.91,22790.78,7700.0,360,1.0,Semiurban,685.0,2022-04-29,Approved
CUST10253,Male,45.0,,Graduate,No,90404.02,5137.86,29000.0,300,,Rural,744.0,19/05/2022,N
CUST10152,Male,26.0,Married,Graduate,No,46100.13,0.0,7600.0,360,1.0,Semiurban,605.0,2022-03-25,Approved
CUST11839,M,22.0,Single,graduate,No,94164.29,0.0,15100.0,360,1.0,Semiurban,744.0,04-Oct-2024,Rejected
CUST11369,Male,48.0,Married,Not Graduate,No,18612.49,2119.03,3700.0,60,1.0,Rural,559.0,20/01/2024,n
CUST11673,Male,51.0,Single,Graduate,No,64216.03,0.0,8300.0,360,1.0, Semiurban ,472.0,05/07/2024,N
CUST11582,Female,34.0,single,Graduate,No,84683.45,7842.3,13900.0,360,,Semiurban,705.0,05-16-2024,Approved
CUST11653,Male,47.0,Married,Not Graduate,No,43311.63,39508.41,11700.0,360,1.0,Rural,698.0,24/06/2024,Y
CUST10978,Female,50.0,Divorced,Graduate,No,36025.37,7373.12,8500.0,120,1.0,Semiurban,651.0,06-20-2023,Y
CUST10725,Male,52.0,Single,Graduate,N,85869.9,12182.36,9800.0,180,1.0,Urban,714.0,02/02/2023,N
CUST11623,Male,44.0,Married,Not Graduate,No,38288.17,6409.33,7100.0,12,1.0,Urban,662.0,08-Jun-2024,Y
CUST11247,Male,35.0,Married,Not Graduate,No,31114.64,0.0,4000.0,300,,Urban,646.0,15-Nov-2023,Rejected
CUST10530,Female,37.0,Widowed,Under Graduate,No,,0.0,,36,1.0,URBAN,686.0,10-18-2022,Y
CUST11149,male,37.0,Widowed,Post Graduate,nan,55848.22,0.0,12500.0,300,1.0,URBAN,592.0,22/09/2023,Y
CUST11261,Female,24.0,Widowed,Graduate,No,85759.71,33078.3,12300.0,180,1.0,Rural,691.0,22/11/2023,Y
CUST10240,F,18.0,Married,Graduate,No,52668.68,0.0,6400.0,360,0.0,Semiurban,776.0,2022-05-12,Rejected
CUST11020,male,41.0,Married,Post Graduate,No,28777.81,9656.35,7900.0,12,,Urban,649.0,2023-07-13,Approved
CUST11361,Female,36.0,Married,Post Graduate,N,102150.13,7388.14,14800.0,36,1.0,URBAN,571.0,16/01/2024,Rejected
CUST10187,Male,68.0,,Not Graduate,No,17071.36,8632.85,2600.0,360,1.0,Semiurban,712.0,13-Apr-2022,Y
CUST10246,Female,36.0,Married,Under Graduate,Y,52295.06,5483.95,12500.0,360,1.0,Urban,621.0,05-15-2022,N
CUST11320,Female,26.0,Single,Graduate,No,28148.24,14440.6,3300.0,360,1.0,Urban,698.0,2023-12-25,Approved
CUST11401,Male,31.0,Single,Not Graduate,nan,96720.09,0.0,11100.0,180,1.0,Urban,561.0,07/02/2024,N
CUST11051,Male,16.0,Married,graduate,No,51240.12,0.0,9800.0,360,1.0,rural,711.0,30-Jul-2023,Rejected
CUST11682,M,53.0,single,Graduate,Yes,28327.18,0.0,3500.0,60,0.0,Semiurban,681.0,07-10-2024,Approved
CUST10692,Male,32.0,single,Graduate,No,16964.95,5686.85,2500.0,60,1.0,URBAN,673.0,2023-01-15,Approved
CUST10302,Female,41.0,Single,Under Graduate,No,24670.36,33281.47,4500.0,360,1.0,Rural,707.0,06-15-2022,Y
CUST10283,Male,28.0,Married,Not Graduate,Yes,46100.73,6706.97,11200.0,360,0.0,rural,582.0,05-Jun-2022,Y
CUST11225,male,27.0,married,Post Graduate,nan,31759.52,38337.1,5300.0,360,1.0,Semiurban,710.0,03/11/2023,Rejected
CUST10505,F,24.0,Single,Graduate,No,20620.52,39815.06,3200.0,60,1.0,Urban,864.0,04/10/2022,Approved
CUST11941,Female,23.0,Married,Graduate,No,41294.98,8533.27,5100.0,180,1.0,URBAN,716.0,29/11/2024,Approved
CUST10321,Female,24.0,married,Not Graduate,No,54005.63,0.0,8400.0,240,0.0,URBAN,518.0,25/06/2022,Rejected
CUST11980,F,40.0,Single,Graduate,No,40419.34,9897.27,5800.0,240,0.0,URBAN,892.0,2024-12-20,Y
CUST11269,Female,41.0,single,Not Graduate,No,57203.22,6557.23,7300.0,60,1.0,URBAN,692.0,27/11/2023,Approved
CUST10857,male,33.0,Widowed,Graduate,Yes,34638.01,3857.39,4100.0,240,,Rural,664.0,15/04/2023,y
CUST10621,Female,29.0,Single,Post Graduate,No,,0.0,,360,,Urban,712.0,07/12/2022,Approved
CUST11120,Female,29.0,Married,Not Graduate,No,96743.51,0.0,19200.0,240,,Rural,755.0,2023-09-06,Y
CUST11050,Female,33.0,Single,Not Graduate,Yes,15330.03,13846.46,2300.0,120,,Urban,758.0,07-30-2023,N
CUST10122,Male,39.0,Single,Not Graduate,Y,42338.75,4269.65,6600.0,360,1.0,rural,613.0,03-08-2022,Y
CUST10830,Female,39.0,Married,Graduate,No,24978.25,9106.19,4500.0,360,1.0,Semiurban,577.0,03-31-2023,y
CUST10510,Male,29.0,Married,Post Graduate,nan,90912.95,5656.74,16400.0,300,0.0,URBAN,661.0,10-07-2022,Rejected
CUST10280,Male,27.0,Married,Post Graduate,No,945363.75,0.0,128600.0,360,1.0,Urban,640.0,2022-06-03,Y
CUST11263,female,63.0,Single,Under Graduate,No,334156.64,0.0,89000.0,360,,Semiurban,715.0,23-Nov-2023,Rejected
CUST11306,Female,26.0,Married,Not Graduate,No,762556.8,15765.72,139200.0,360,,Semiurban,703.0,12-17-2023,Y
CUST11396,Female,43.0,Married,Post Graduate,Yes,107434.05,15449.49,14200.0,360,1.0,URBAN,751.0,2024-02-04,N
CUST11081,female,40.0,Widowed,graduate,Yes,49847.75,0.0,15600.0,360,0.0,Semiurban,469.0,16/08/2023,Y
CUST11420,M,31.0,Married,graduate,Yes,40401.12,0.0,5100.0,240,,Urban,787.0,2024-02-17,Y
CUST11355,Male,32.0,,Graduate,No,96570.05,0.0,16100.0,360,1.0,Rural,722.0,13-Jan-2024,Approved
CUST10756,Male,46.0,single,Graduate,No,80705.98,62888.55,13800.0,300,1.0,Semiurban,639.0,2023-02-19,Approved
CUST10677,Female,37.0,Single,Not Graduate,nan,37307.07,0.0,4200.0,36,1.0,Rural,675.0,06/01/2023,Y
CUST10518,Male,44.0,Single,Graduate,No,17488.85,0.0,2000.0,120,0.0,rural,662.0,10-11-2022,Approved
CUST11984,Female,54.0,Divorced,Under Graduate,No,97826.92,38716.31,11300.0,120,1.0,Urban,831.0,2024-12-22,Approved
CUST11520,Male,45.0,Single,Graduate,Y,52684.47,5936.84,6700.0,180,1.0,Semiurban,502.0,2024-04-12,Y
CUST10067,Male,39.0,Married,Not Graduate,No,42428.48,0.0,12000.0,12,1.0,Urban,721.0,06-Feb-2022,Approved
CUST10332,Female,63.0,Widowed,Graduate,Y,112405.56,0.0,18400.0,240,1.0,Urban,696.0,2022-07-01,Y
CUST10568,Female,18.0,Divorced,Not Graduate,Yes,74504.35,35231.52,21500.0,360,1.0,Semiurban,550.0,2022-11-08,Approved
CUST10879,Female,,Married,Graduate,No,22000.92,11399.68,3200.0,360,,Semiurban,666.0,27-Apr-2023,Y
CUST11206,Female,44.0,single,Not Graduate,No,69657.61,6722.18,10200.0,360,1.0,Urban,454.0,10-23-2023,N
CUST11441,Male,28.0,Single,Graduate,No,,0.0,,360,1.0,Rural,738.0,29/02/2024,N
CUST11039,Male,33.0,single,Not Graduate,No,36115.81,33330.51,6400.0,240,0.0,Rural,743.0,24-Jul-2023,Y
CUST10472,Male,32.0,married,Graduate,nan,62329.0,8019.93,17300.0,360,1.0, Semiurban ,643.0,2022-09-16,Approved
CUST10970,Male,48.0,Married,Graduate,No,1098236.4,22367.13,151500.0,300,0.0,Urban,745.0,06-16-2023,N
CUST10511,F,33.0,Single,Graduate,Yes,58747.56,11719.59,15600.0,300,1.0,Urban,589.0,07-Oct-2022,Y
CUST10477,Female,27.0,Married,Graduate,No,71668.93,24759.63,8600.0,360,1.0,Rural,531.0,19/09/2022,N
CUST10912,male,55.0,Single,Graduate,No,56609.59,58020.31,8400.0,60,,Urban,543.0,2023-05-15,N
CUST11409,M,43.0,Widowed,Under Graduate,nan,35055.75,0.0,4800.0,360,0.0,Rural,598.0,11/02/2024,Rejected
CUST10318,Male,48.0,Married,Post Graduate,No,49620.27,0.0,6200.0,360,1.0, Semiurban ,490.0,06-24-2022,Approved
CUST11680,M,24.0,Married,Not Graduate,No,49251.49,0.0,7600.0,360,1.0,URBAN,667.0,2024-07-09,Approved
CUST11729,Female,26.0,married,graduate,No,42828.05,2861.67,6200.0,180,1.0,Urban,424.0,05/08/2024,N
CUST11171,M,38.0,single,Under Graduate,No,92975.12,0.0,28300.0,360,1.0,Urban,775.0,04-Oct-2023,n
CUST10581,Female,200.0,married,Graduate,No,87593.69,0.0,14900.0,360,1.0,URBAN,500.0,15/11/2022,N
CUST10132,Female,33.0,Divorced,Post Graduate,nan,,31648.42,,360,1.0,Urban,624.0,2022-03-14,y
CUST11823,Female,,Single,Post Graduate,No,38445.59,0.0,6500.0,360,1.0,Semiurban,509.0,25-Sep-2024,n
CUST11508,Male,23.0,Single,Not Graduate,No,18127.2,0.0,2200.0,240,1.0, Semiurban ,517.0,2024-04-06,n
CUST10816,male,44.0,Divorced,Post Graduate,No,69694.6,0.0,9500.0,360,1.0,Rural,737.0,2023-03-23,Rejected
CUST10933,M,34.0,Widowed,Not Graduate,No,25512.08,11306.02,6000.0,180,1.0,Urban,705.0,27/05/2023,N
CUST11962,Female,31.0,married,Under Graduate,No,17750.0,11734.29,2000.0,180,1.0,Rural,633.0,12-10-2024,Rejected
CUST10368,Male,38.0,Divorced,Not Graduate,Yes,67399.91,0.0,14500.0,360,0.0, Semiurban ,697.0,2022-07-21,n
CUST10732,Male,35.0,Divorced,Graduate,No,65241.86,2447.4,18800.0,36,1.0,Rural,,2023-02-05,N
CUST11518,Male,44.0,Married,Post Graduate,No,15073.61,42819.3,2300.0,360,,Semiurban,577.0,04-11-2024,Rejected
CUST10125,Female,42.0,Married,graduate,No,35329.37,14262.13,7900.0,180,1.0,Urban,724.0,10/03/2022,Y
CUST11800,Female,33.0,Married,Not Graduate,No,55949.92,0.0,6900.0,360,0.0,Semiurban,686.0,2024-09-12,N
CUST11048,male,21.0,Single,Graduate,Yes,50255.91,4341.88,8300.0,360,1.0,Urban,562.0,2023-07-29,Y
CUST10256,F,49.0,Married,Graduate,No,55766.84,0.0,17600.0,12,1.0,Urban,562.0,2022-05-21,N
CUST11979,Male,42.0,Married,Graduate,No,20893.08,12121.18,4300.0,120,, Semiurban ,629.0,20-Dec-2024,Rejected
CUST11118,Male,46.0,Divorced,graduate,Y,49915.09,3420.25,15800.0,240,1.0,Semiurban,659.0,09-05-2023,N
CUST10289,Male,43.0,Single,Graduate,No,23849.89,12527.75,5700.0,180,1.0,URBAN,561.0,08/06/2022,Y
CUST11547,M,45.0,Divorced,Under Graduate,No,83239.45,14135.57,27000.0,360,0.0,Semiurban,838.0,27-Apr-2024,Y
CUST10777,Male,57.0,single,Under Graduate,No,15064.86,5910.9,2000.0,360,1.0,Rural,713.0,02/03/2023,Approved
CUST10081,Female,33.0,Single,Not Graduate,No,26276.61,20863.97,3400.0,12,1.0,Semiurban,750.0,14/02/2022,y
CUST10053,Female,51.0,Widowed,Graduate,No,91655.74,4865.68,13300.0,360,1.0,Rural,635.0,30/01/2022,Approved
CUST11667,Male,28.0,married,Not Graduate,Yes,69015.86,0.0,13100.0,360,,Urban,734.0,02-Jul-2024,N
CUST11088,Female,33.0,Married,Graduate,No,150935.49,7881.09,21100.0,360,1.0,Semiurban,639.0,2023-08-19,Approved
CUST10557,Female,40.0,,Not Graduate,Yes,36046.31,27292.28,11900.0,120,1.0,Semiurban,565.0,02/11/2022,Y
CUST10040,Female,42.0,single,Not Graduate,No,43506.45,3614.61,7100.0,60,1.0, Semiurban ,608.0,2022-01-22,Y
CUST11137,Female,48.0,Widowed,Under Graduate,nan,115789.13,13707.85,31600.0,360,1.0,Urban,593.0,15/09/2023,N
CUST10261,F,38.0,Single,Graduate,No,83846.46,0.0,11900.0,360,0.0,rural,602.0,23/05/2022,N
CUST11002,Male,39.0,Single,Not Graduate,No,43380.67,0.0,,360,1.0,Urban,640.0,07-03-2023,Y
CUST10967,Male,24.0,Divorced,Graduate,No,25179.7,4552.74,2800.0,120,1.0,URBAN,724.0,14-Jun-2023,Rejected
CUST10083,Male,27.0,Single,Graduate,No,102090.49,0.0,11700.0,360,1.0,Rural,865.0,15-Feb-2022,Approved
CUST11724,Female,39.0,Divorced,Post Graduate,Yes,22215.22,0.0,3100.0,360,0.0,Semiurban,762.0,2024-08-02,N
CUST11638,Male,43.0,Divorced,graduate,Yes,51970.61,12299.44,10900.0,360,1.0,Rural,553.0,06-16-2024,N
CUST11562,male,37.0,,Graduate,Yes,23525.72,21622.11,2800.0,60,1.0,rural,584.0,05-05-2024,Rejected
CUST11446,female,47.0,single,Graduate,No,61229.51,2522.42,7400.0,180,1.0,Rural,715.0,03-03-2024,N
CUST10030,M,35.0,Married,Not Graduate,No,49034.77,11896.3,13600.0,360,1.0,Rural,714.0,01-17-2022,N
CUST10513,Male,45.0,Married,graduate,No,53115.82,8456.4,7500.0,180,1.0,Rural,466.0,09/10/2022,Approved
CUST11005,Female,24.0,Married,Graduate,No,49023.42,0.0,6900.0,360,0.0, Semiurban ,566.0,05/07/2023,N
CUST11305,female,39.0,Divorced,Graduate,No,24531.9,0.0,3700.0,360,1.0,Rural,664.0,16/12/2023,N
CUST11904,Female,42.0,,Under Graduate,nan,33136.58,8925.67,7200.0,240,,Rural,652.0,2024-11-08,Rejected
CUST11852,Female,40.0,Single,Under Graduate,No,48812.01,19222.94,5900.0,300,1.0,URBAN,474.0,2024-10-11,N
CUST11229,Male,46.0,married,Not Graduate,No,42380.03,4424.6,5100.0,360,1.0,Rural,601.0,05/11/2023,Approved
CUST11313,Male,35.0,Widowed,Graduate,No,71843.78,27117.78,12000.0,360,1.0,Rural,610.0,21/12/2023,Y
CUST11602,Female,43.0,,Graduate,No,769473.4500000001,0.0,,360,1.0,Semiurban,559.0,05-27-2024,Rejected
CUST11543,Male,35.0,Single,Not Graduate,No,12389.68,25695.16,3500.0,360,1.0,Semiurban,622.0,25-Apr-2024,Approved
CUST10863,Female,46.0,married,Post Graduate,No,52539.88,0.0,7600.0,360,1.0,Urban,655.0,18-Apr-2023,Rejected
CUST11844,Male,37.0,Married,Under Graduate,Yes,801662.25,8620.8,179300.0,360,1.0,Semiurban,749.0,2024-10-07,Rejected
CUST11884,Male,36.0,Married,Graduate,Yes,72308.78,0.0,9300.0,120,1.0,Semiurban,715.0,2024-10-29,n
CUST10048,Female,41.0,,Not Graduate,No,13634.93,4802.5,2900.0,12,1.0,Rural,,2022-01-27,Rejected
CUST11199,M,31.0,Divorced,Graduate,No,98203.37,6571.81,16300.0,360,1.0,Semiurban,558.0,19-Oct-2023,Y
CUST11931,Female,27.0,Married,Not Graduate,Y,81214.56,11599.28,9200.0,360,0.0,Rural,701.0,23-Nov-2024,Y
CUST10467,female,55.0,Single,Graduate,No,134505.17,4430.7,28000.0,360,,Urban,523.0,13-Sep-2022,Y
CUST10153,Female,29.0,,Post Graduate,Yes,43714.2,0.0,10500.0,360,1.0,rural,495.0,25/03/2022,Approved
CUST11578,,42.0,married,graduate,No,62323.37,17301.82,7500.0,240,,Urban,662.0,05-14-2024,N
CUST11885,Male,23.0,Married,Post Graduate,No,56127.89,20169.0,6200.0,360,1.0,Semiurban,634.0,29/10/2024,N
CUST10394,Male,46.0,Single,Under Graduate,Y,89150.0,0.0,20100.0,360,1.0,rural,702.0,08-04-2022,Y
CUST10123,Female,14.0,,Under Graduate,No,,3154.56,,360,0.0,Urban,681.0,09-Mar-2022,Rejected
CUST10355,Female,47.0,Divorced,Graduate,nan,89857.84,48217.16,14000.0,360,0.0,Semiurban,657.0,14-Jul-2022,N
CUST10134,Female,43.0,Single,Post Graduate,nan,68226.57,13173.09,7800.0,360,1.0,Semiurban,590.0,03-15-2022,Y
CUST10268,Male,29.0,Divorced,Post Graduate,No,36942.04,8381.07,4700.0,12,1.0, Semiurban ,527.0,2022-05-27,Approved
CUST10385,,54.0,Single,Post Graduate,nan,38219.9,10457.03,8300.0,360,1.0,Semiurban,659.0,30/07/2022,Y
CUST10609,Female,50.0,Married,Not Graduate,Yes,94432.9,0.0,17400.0,360,1.0,Semiurban,694.0,30/11/2022,Y
CUST10220,Male,39.0,Married,Under Graduate,N,189016.13,17492.35,41400.0,360,1.0, Semiurban ,482.0,2022-05-01,n
CUST10041,F,41.0,Widowed,Not Graduate,No,20473.4,31850.46,3200.0,120,1.0,Semiurban,661.0,23/01/2022,Y
CUST10219,Female,42.0,Married,Post Graduate,nan,36576.69,23264.94,4400.0,360,1.0,Semiurban,764.0,30-Apr-2022,N
CUST10597,Female,33.0,married,Post Graduate,Yes,36336.66,14195.34,5700.0,360,1.0,Semiurban,711.0,24/11/2022,Rejected
CUST11266,Male,39.0,Single,Graduate,N,19543.45,28668.69,2800.0,36,1.0,Rural,639.0,11-25-2023,y
CUST11760,Male,29.0,married,Under Graduate,No,54615.75,71460.79,6100.0,240,,Rural,,2024-08-22,Rejected
CUST10680,Male,51.0,single,Graduate,nan,,18390.63,,360,1.0,URBAN,742.0,2023-01-08,Approved
CUST11090,Male,34.0,Single,Graduate,No,58041.54,16367.02,12000.0,360,1.0,rural,724.0,08-21-2023,Approved
CUST11918,Female,25.0,Single,graduate,No,27115.12,0.0,,360,1.0,Semiurban,669.0,11-16-2024,Rejected
CUST11675,female,46.0,single,Post Graduate,No,226910.39,15771.41,49100.0,120,1.0,Urban,522.0,06-Jul-2024,Approved
CUST10541,Female,37.0,Married,Not Graduate,nan,37172.86,3556.53,5400.0,360,1.0,Urban,605.0,24/10/2022,N
CUST11717,Female,44.0,Married,Graduate,No,52224.82,0.0,6600.0,120,1.0,Semiurban,,29/07/2024,Approved
CUST10935,Male,29.0,married,Post Graduate,No,37946.84,8979.48,8100.0,360,0.0,Urban,636.0,28-May-2023,y
CUST11376,Female,38.0,Single,Post Graduate,No,45586.71,18850.86,6600.0,12,0.0,rural,518.0,2024-01-24,Y
CUST11892,Female,68.0,,Not Graduate,nan,34501.35,23226.56,7500.0,180,0.0,Semiurban,500.0,2024-11-02,Y
CUST11344,,40.0,Married,Not Graduate,nan,50895.0,22849.96,6700.0,300,,Urban,593.0,2024-01-07,Rejected
CUST10927,F,46.0,married,Not Graduate,Yes,34443.29,13380.74,8800.0,300,1.0,Urban,731.0,23-May-2023,Y
CUST11899,Male,39.0,Single,Not Graduate,No,48222.63,4754.53,9200.0,60,,URBAN,641.0,06-Nov-2024,n
CUST11210,M,42.0,Married,Graduate,Yes,78599.24,0.0,12900.0,240,1.0, Semiurban ,685.0,10-25-2023,Rejected
CUST11999,Female,38.0,Married,graduate,N,51114.0,0.0,12800.0,360,1.0,Semiurban,641.0,31-Dec-2024,n
CUST11587,Female,36.0,Married,Post Graduate,Y,21480.21,0.0,3000.0,180,1.0,Semiurban,504.0,19-May-2024,Approved
CUST11833,Male,58.0,single,Graduate,Yes,,2745.47,,360,1.0,Urban,725.0,01/10/2024,Y
CUST11797,Male,36.0,,Graduate,No,30386.0,0.0,5900.0,12,1.0,URBAN,660.0,11/09/2024,N
CUST11238,Male,25.0,Single,Under Graduate,No,321544.5,11896.46,79600.0,300,1.0,rural,574.0,11-10-2023,n
CUST11832,Female,38.0,Single,Post Graduate,nan,34314.56,217636.71,,180,1.0,Urban,744.0,2024-09-30,Y
CUST11809,Male,37.0,single,Graduate,nan,32938.11,108840.59,3700.0,120,1.0, Semiurban ,692.0,17/09/2024,Rejected
CUST10899,Female,29.0,Married,Graduate,No,28084.88,0.0,4100.0,12,0.0,Urban,637.0,08-May-2023,Approved
CUST11497,Female,59.0,Married,Graduate,nan,51840.06,16535.56,14000.0,360,1.0,rural,610.0,31/03/2024,Y
CUST10336,Male,51.0,married,Post Graduate,No,57530.76,9068.23,10000.0,120,1.0,Rural,679.0,2022-07-04,Y
CUST10232,,33.0,Widowed,Graduate,No,67365.0,14426.43,8100.0,360,1.0,Urban,534.0,2022-05-08,N
CUST11018,Male,32.0,Married,graduate,Yes,45429.03,14084.76,5300.0,360,1.0,Urban,641.0,07-12-2023,N
CUST11431,Female,38.0,Married,Graduate,Yes,33025.21,16567.88,,360,1.0,Rural,626.0,23-Feb-2024,y
CUST10158,M,40.0,married,Under Graduate,No,29788.11,10433.6,5500.0,120,,Urban,698.0,03-28-2022,Approved
CUST10468,Male,33.0,Single,Not Graduate,No,50317.77,22487.22,14000.0,300,1.0,rural,677.0,2022-09-14,n
CUST11592,female,50.0,,Not Graduate,No,81835.83,2268.81,,360,1.0, Semiurban ,625.0,2024-05-22,Rejected
CUST10872,,59.0,Married,Not Graduate,Yes,72061.63,8018.03,10200.0,360,1.0,rural,550.0,2023-04-23,Y
CUST11628,Male,37.0,Married,Not Graduate,No,104231.26,0.0,18700.0,180,1.0,Rural,674.0,2024-06-10,Y
CUST11041,Female,25.0,Divorced,Post Graduate,Yes,161064.18,15074.39,22200.0,360,1.0,URBAN,561.0,25/07/2023,N
CUST11117,F,21.0,Married,Post Graduate,No,44413.67,74208.53,7800.0,300,1.0, Semiurban ,578.0,04/09/2023,Rejected
CUST11134,,49.0,Married,Graduate,No,78379.24,15638.9,22100.0,360,0.0,Urban,754.0,09-14-2023,Approved
CUST10585,Female,43.0,Single,Post Graduate,No,30556.13,7230.67,6000.0,360,1.0,Urban,657.0,17/11/2022,Y
CUST10205,Male,32.0,Married,Not Graduate,Y,17470.66,2991.81,2300.0,360,1.0,Urban,732.0,23/04/2022,N
CUST10003,Female,35.0,Single,Graduate,No,56962.55,0.0,6800.0,360,1.0,Urban,677.0,02-Jan-2022,N
CUST10895,male,36.0,Single,Not Graduate,No,,5182.42,,360,1.0, Semiurban ,539.0,06-May-2023,N
CUST11178,Male,31.0,Married,Not Graduate,No,209517.62,5756.54,45000.0,120,1.0,rural,701.0,10-08-2023,N
CUST11138,Male,29.0,Single,Not Graduate,N,49533.65,21868.09,11300.0,300,1.0,Rural,543.0,09-16-2023,Y
CUST11855,,41.0,Married,Under Graduate,Y,28496.23,0.0,4400.0,360,0.0,Rural,747.0,13-Oct-2024,Y
CUST11228,female,44.0,Divorced,graduate,Yes,29462.77,0.0,4700.0,360,0.0, Semiurban ,698.0,2023-11-04,Approved
CUST11801,Female,36.0,Single,Graduate,No,42226.36,37856.32,6600.0,180,1.0,Semiurban,759.0,13/09/2024,y
CUST10693,Male,41.0,Single,Not Graduate,N,65960.8,10655.92,18300.0,360,1.0,Semiurban,686.0,15/01/2023,Rejected
CUST11683,Male,41.0,Single,Not Graduate,nan,63777.37,18248.38,11500.0,60,1.0, Semiurban ,743.0,10-Jul-2024,Y
CUST11663,Male,42.0,Divorced,graduate,No,81789.63,0.0,9600.0,180,0.0,Rural,698.0,29-Jun-2024,Y
CUST10714,F,31.0,Single,Graduate,No,109517.65,45068.67,22200.0,360,0.0,Semiurban,678.0,01-27-2023,N
CUST11676,M,51.0,Divorced,Graduate,Yes,41344.08,0.0,6800.0,360,1.0,rural,721.0,2024-07-07,Y
CUST11861,,37.0,Widowed,Graduate,No,94691.23,0.0,10800.0,36,1.0,Urban,780.0,16/10/2024,Approved
CUST11468,M,27.0,Single,Not Graduate,No,24631.31,19290.57,3100.0,360,1.0,Semiurban,504.0,2024-03-15,n
CUST10883,Female,51.0,Married,Graduate,nan,66192.68,38127.19,8300.0,360,1.0,Urban,672.0,29-Apr-2023,Approved
CUST11375,Male,38.0,Married,Under Graduate,No,34956.91,10993.53,6700.0,12,0.0,Rural,702.0,24-Jan-2024,Y
CUST11067,Female,42.0,Divorced,Post Graduate,No,81728.9,0.0,24200.0,360,1.0,URBAN,642.0,08-Aug-2023,N
CUST11121,Male,,Married,Under Graduate,No,99020.8,27778.99,23600.0,60,1.0,rural,552.0,07/09/2023,N
CUST11473,Female,59.0,Single,Under Graduate,No,27987.29,22425.99,3200.0,360,1.0,Rural,679.0,17/03/2024,Rejected
CUST11215,Female,50.0,single,Graduate,No,29303.42,0.0,3500.0,360,1.0,Rural,619.0,28-Oct-2023,Approved
CUST10157,Female,48.0,Widowed,Graduate,No,49611.64,21516.18,7100.0,300,1.0,Rural,585.0,28/03/2022,Rejected
CUST11350,F,44.0,Married,Under Graduate,No,50917.51,15557.71,6100.0,360,1.0,Semiurban,632.0,01-10-2024,Approved
CUST10523,Female,46.0,Single,Not Graduate,No,33476.53,12549.71,9200.0,180,0.0,Rural,569.0,14-Oct-2022,Y
CUST10462,female,31.0,Married,Post Graduate,No,15730.12,0.0,2600.0,360,0.0,Urban,626.0,09-11-2022,N
CUST10652,Female,36.0,married,Graduate,No,27690.52,15895.62,6800.0,360,1.0,Semiurban,716.0,2022-12-24,Approved
CUST10160,Male,35.0,Married,Under Graduate,nan,30159.14,0.0,5700.0,240,1.0,Urban,772.0,2022-03-29,n
CUST10305,Female,,Divorced,Not Graduate,No,11519.92,44625.06,3400.0,180,1.0,rural,692.0,17/06/2022,Y
CUST10656,F,,Divorced,Post Graduate,No,40308.19,75709.43,9000.0,360,0.0,URBAN,613.0,2022-12-26,Y
CUST10547,Male,49.0,Married,Graduate,No,77609.5,3657.62,8800.0,360,1.0,Semiurban,765.0,27-Oct-2022,n
CUST10713,male,38.0,Single,graduate,No,17311.86,10693.83,3900.0,360,1.0,Rural,730.0,26/01/2023,Approved
CUST10395,Female,45.0,single,Graduate,Y,41901.5,0.0,10400.0,360,1.0,Urban,566.0,05-Aug-2022,Y
CUST10783,Female,65.0,Single,Post Graduate,No,161419.01,0.0,22700.0,180,0.0,Semiurban,462.0,05-Mar-2023,N
CUST10399,Female,25.0,Divorced,Graduate,No,24810.84,22195.48,3400.0,360,0.0,Urban,599.0,07-Aug-2022,Y
CUST10798,M,39.0,Married,Under Graduate,No,67416.94,8361.56,9700.0,360,1.0,Urban,560.0,03-14-2023,Approved
CUST10618,Male,40.0,Married,graduate,No,51119.09,20182.86,7500.0,120,1.0,Semiurban,622.0,12-05-2022,Y
CUST11552,Male,43.0,married,Under Graduate,No,170554.3,28817.09,19200.0,120,,Rural,624.0,2024-04-30,Y
CUST10508,Female,25.0,Married,Not Graduate,Yes,107560.66,0.0,30500.0,180,1.0,Rural,895.0,2022-10-06,N
CUST11443,Male,18.0,Single,Graduate,Yes,48173.64,28012.52,6600.0,360,1.0, Semiurban ,635.0,01-Mar-2024,Rejected
CUST10736,Male,27.0,Married,Graduate,No,49508.57,12354.43,8100.0,360,,Semiurban,627.0,2023-02-08,Y
CUST11153,Male,24.0,Married,Under Graduate,No,34982.64,4221.04,10200.0,360,1.0,Urban,803.0,24/09/2023,Y
CUST11686,Female,56.0,Married,graduate,Yes,78887.85,8300.01,10200.0,120,1.0,Urban,753.0,07-12-2024,Y
CUST11089,Female,40.0,Married,Graduate,nan,48943.0,7523.73,8400.0,180,1.0,Semiurban,621.0,20/08/2023,Y
CUST10867,F,,Single,Under Graduate,nan,36618.23,0.0,4800.0,180,1.0,Urban,950.0,20-Apr-2023,N
CUST10459,Female,50.0,Married,Graduate,No,46397.04,15570.13,8600.0,300,1.0, Semiurban ,809.0,09-Sep-2022,n
CUST10961,Female,55.0,Single,Post Graduate,Yes,60534.12,0.0,,360,1.0,Rural,647.0,11/06/2023,Y
CUST10062,Female,31.0,Divorced,Not Graduate,nan,49233.57,4460.71,7700.0,240,1.0,Rural,694.0,02-03-2022,n
CUST11841,Female,20.0,Single,Not Graduate,nan,56915.48,0.0,8400.0,240,1.0,Semiurban,730.0,05/10/2024,N
CUST10871,Male,58.0,Divorced,Not Graduate,No,60429.45,0.0,7600.0,60,0.0,URBAN,707.0,23-Apr-2023,Approved
CUST10983,Female,34.0,Married,Post Graduate,No,,20451.64,,360,1.0,Semiurban,950.0,23-Jun-2023,Rejected
CUST11594,F,44.0,,Not Graduate,Y,54366.19,7974.46,6200.0,360,1.0, Semiurban ,533.0,05-23-2024,N
CUST10457,Female,19.0,married,Under Graduate,No,42854.66,7343.54,10500.0,240,1.0,Rural,553.0,08/09/2022,Approved
CUST11077,Female,24.0,Married,Graduate,No,91400.74,7260.74,19300.0,36,1.0,Rural,843.0,13/08/2023,n
CUST10478,Female,39.0,Widowed,Graduate,No,57798.66,4031.98,8000.0,360,1.0,Rural,831.0,09-19-2022,Rejected
CUST11531,Male,46.0,Single,graduate,No,74390.64,0.0,8900.0,360,1.0, Semiurban ,692.0,18-Apr-2024,y
CUST11495,Female,21.0,single,Under Graduate,No,28993.19,0.0,6800.0,360,1.0,Urban,654.0,29-Mar-2024,Rejected
CUST10870,M,37.0,single,Under Graduate,No,73224.48,8235.52,15500.0,60,0.0,Urban,782.0,04-22-2023,Y
CUST10790,Male,51.0,Married,Post Graduate,No,23742.82,47479.5,,360,, Semiurban ,567.0,03-09-2023,Y
CUST10617,Male,200.0,,Not Graduate,No,14564.39,46274.5,2900.0,360,1.0,Urban,684.0,04/12/2022,Rejected
CUST11869,F,34.0,Single,Not Graduate,No,71673.98,9440.54,22200.0,60,1.0,rural,724.0,20/10/2024,Rejected
CUST11390,female,35.0,Married,Not Graduate,No,115582.22,0.0,14600.0,360,0.0,rural,695.0,02-01-2024,Y
CUST11429,Female,37.0,Widowed,Under Graduate,No,36084.8,5119.34,4300.0,180,1.0,rural,653.0,22/02/2024,Approved
CUST11887,Male,41.0,Divorced,Graduate,No,59671.52,10434.46,10600.0,360,1.0,Rural,721.0,30-Oct-2024,Approved
CUST11635,Female,37.0,Single,Post Graduate,No,69428.35,35979.9,14700.0,360,,Semiurban,,14-Jun-2024,N
CUST10347,Male,8.0,Divorced,Graduate,No,11988.41,0.0,2500.0,240,0.0,rural,577.0,10-Jul-2022,Y
CUST11027,Female,36.0,Single,Graduate,No,,37412.78,,360,1.0, Semiurban ,653.0,17-Jul-2023,Rejected
CUST11208,Male,45.0,Married,Under Graduate,No,71242.97,78938.94,16100.0,240,,Urban,758.0,2023-10-24,Y
CUST11595,Female,30.0,married,Graduate,No,36235.12,16067.79,7800.0,360,0.0,Rural,779.0,23-May-2024,Approved
CUST10760,M,39.0,Married,Graduate,No,66278.01,0.0,9400.0,300,,Urban,711.0,2023-02-21,n
CUST10954,female,44.0,Single,Post Graduate,Yes,46895.47,7397.08,7400.0,240,1.0,Rural,685.0,06-07-2023,N
CUST10446,,49.0,Married,Post Graduate,No,43983.72,5287.5,8500.0,240,0.0,Semiurban,682.0,09-02-2022,Y
CUST10650,Female,28.0,Widowed,Not Graduate,No,26246.49,0.0,3100.0,12,1.0,Rural,664.0,12-23-2022,N
CUST11246,Female,51.0,single,Under Graduate,No,35649.41,0.0,4500.0,360,,rural,647.0,11-14-2023,Approved
CUST11808,Female,,Divorced,graduate,No,29778.2,0.0,6200.0,240,1.0,Semiurban,604.0,2024-09-17,Approved
CUST10379,M,33.0,married,Post Graduate,No,31469.32,30255.73,6900.0,360,1.0,Rural,627.0,27-Jul-2022,Y
CUST10564,Female,19.0,single,Graduate,No,91509.29,0.0,10200.0,120,1.0,Urban,736.0,2022-11-05,Approved
CUST11345,Female,44.0,Married,Not Graduate,No,41069.86,13163.12,8100.0,360,1.0,Rural,672.0,07/01/2024,n
CUST11752,male,45.0,Widowed,Post Graduate,No,23210.11,24642.52,2700.0,360,1.0,rural,582.0,2024-08-17,N
CUST11606,,39.0,single,Not Graduate,No,61499.19,2396.83,9100.0,360,1.0,Semiurban,,05-29-2024,Rejected
CUST10956,M,59.0,Single,Graduate,Y,22468.38,5374.27,6800.0,360,1.0, Semiurban ,801.0,2023-06-08,Rejected
CUST11932,M,33.0,Single,Post Graduate,Yes,65148.24,6355.69,7500.0,360,1.0,Rural,530.0,2024-11-24,N
CUST10977,Female,51.0,Single,Graduate,Y,39510.12,0.0,6900.0,180,1.0,URBAN,731.0,20/06/2023,N
CUST10920,Male,,Single,Graduate,No,92432.36,0.0,26700.0,180,0.0,Urban,649.0,2023-05-19,Rejected
CUST10231,Female,37.0,married,Not Graduate,No,1683483.1500000001,9057.55,192300.0,36,0.0, Semiurban ,557.0,07-May-2022,n
CUST11221,Male,47.0,married,Under Graduate,No,56725.05,0.0,10200.0,360,1.0,Urban,570.0,31/10/2023,N
CUST10382,F,47.0,Married,Post Graduate,nan,39927.35,0.0,9300.0,360,1.0,Urban,622.0,07-29-2022,Y
CUST11186,Female,71.0,Widowed,Under Graduate,No,57996.6,0.0,14100.0,180,,Urban,486.0,10-12-2023,N
CUST11223,Female,45.0,Widowed,Not Graduate,No,63598.33,0.0,17800.0,360,0.0,Urban,702.0,01-Nov-2023,Approved
CUST10072,F,9.0,married,Graduate,No,,0.0,,36,1.0,Semiurban,720.0,2022-02-09,N
CUST10070,Male,22.0,Divorced,Not Graduate,nan,39975.05,0.0,,360,1.0,Urban,531.0,02-08-2022,Y
CUST11343,Female,33.0,single,Not Graduate,No,21479.0,27843.68,4000.0,360,,Rural,853.0,06-Jan-2024,Y
CUST11114,,29.0,married,Under Graduate,No,29302.46,0.0,3500.0,360,0.0,Semiurban,448.0,09-03-2023,N
CUST10171,Female,62.0,Widowed,Not Graduate,No,201716.7,22601.59,30600.0,360,1.0,Urban,596.0,04-Apr-2022,Rejected
CUST11047,M,60.0,Single,Under Graduate,No,89154.22,0.0,16100.0,240,1.0,rural,646.0,28-Jul-2023,n
CUST10168,Male,39.0,single,Under Graduate,No,31142.67,11719.82,5400.0,360,1.0,Semiurban,657.0,2022-04-03,Y
CUST10493,Male,46.0,Married,Graduate,No,43544.86,5963.4,5600.0,180,1.0,Urban,801.0,28/09/2022,Y
CUST11260,Male,43.0,Single,Graduate,Y,184743.11,2554.67,53500.0,360,1.0,rural,739.0,2023-11-22,Approved
CUST11038,Female,64.0,Single,Graduate,No,40368.43,29638.81,5500.0,360,1.0,URBAN,676.0,07-23-2023,Y
CUST11776,M,46.0,married,Post Graduate,No,45161.84,15851.55,6100.0,360,0.0,Urban,622.0,2024-08-30,Approved
CUST10893,Male,47.0,married,Graduate,No,17502.8,12774.69,5800.0,120,1.0,Urban,617.0,05/05/2023,Rejected
CUST10272,Male,44.0,Married,Not Graduate,Y,706181.5499999999,14523.32,165200.0,360,1.0,Urban,651.0,2022-05-29,Approved
CUST11304,F,34.0,Married,Not Graduate,No,26739.72,17045.79,3700.0,360,1.0,Semiurban,686.0,2023-12-16,Y
CUST10420,Female,11.0,single,Graduate,No,73266.04,38796.5,8500.0,360,0.0,Rural,655.0,2022-08-19,Y
CUST10094,Male,26.0,,Graduate,Yes,35699.08,21959.84,6200.0,12,0.0,Urban,732.0,02-21-2022,Y
CUST11377,male,17.0,Divorced,graduate,No,116566.78,0.0,19600.0,360,1.0,Rural,631.0,25/01/2024,Y
CUST11593,Female,0.0,Divorced,Under Graduate,No,61346.36,0.0,16800.0,180,0.0,Semiurban,773.0,22/05/2024,Y
CUST11604,Male,29.0,Widowed,Not Graduate,No,46226.86,15605.94,6800.0,180,1.0,Rural,607.0,2024-05-28,N
CUST10042,M,37.0,Married,Not Graduate,No,68966.31,7565.74,,360,1.0,Rural,686.0,01-24-2022,Y
CUST10056,Female,,Married,Graduate,No,9287.9,0.0,2800.0,360,1.0,Semiurban,726.0,2022-01-31,Y
CUST11610,Male,56.0,married,Not Graduate,No,34293.48,8102.6,4800.0,360,1.0,Semiurban,701.0,05-31-2024,Y
CUST11798,Female,46.0,Married,graduate,No,73224.59,26931.44,8500.0,360,1.0,Semiurban,789.0,09-11-2024,Approved
CUST11183,Male,44.0,Single,Graduate,No,76737.45,62846.76,11900.0,180,1.0,Semiurban,743.0,11-Oct-2023,N
CUST11297,Male,23.0,Widowed,Not Graduate,No,525245.25,0.0,60100.0,360,1.0,rural,608.0,12/12/2023,n
CUST10888,Male,46.0,Single,Not Graduate,Y,38554.5,0.0,10100.0,240,1.0,Semiurban,,2023-05-02,Y
CUST10574,F,32.0,Married,Not Graduate,No,97991.18,19371.75,27200.0,120,1.0,Semiurban,719.0,11-11-2022,Approved
CUST10038,Male,49.0,Single,graduate,No,47694.52,0.0,5900.0,120,1.0,Semiurban,619.0,01-21-2022,Approved
CUST10306,Female,29.0,Married,Graduate,No,141381.01,0.0,24700.0,360,1.0,Rural,776.0,06-17-2022,Approved
CUST10668,Male,40.0,Divorced,Graduate,No,44231.27,18904.06,6400.0,360,1.0,Semiurban,623.0,2023-01-01,Rejected
CUST10006,M,31.0,,Graduate,Yes,46248.79,19582.6,14500.0,60,1.0,Urban,586.0,01-04-2022,Y
CUST11070,male,38.0,Married,Graduate,nan,33039.25,2829.15,4600.0,360,1.0,rural,806.0,08-10-2023,y
CUST10782,Female,,Widowed,Post Graduate,No,39198.64,9737.65,7300.0,360,1.0,Urban,649.0,03-05-2023,Y
CUST10408,Male,43.0,Single,Post Graduate,No,35708.13,0.0,5100.0,360,1.0,Urban,795.0,2022-08-12,Approved
CUST11008,M,30.0,,Graduate,Yes,94584.44,0.0,23100.0,300,,Rural,665.0,2023-07-07,y
CUST10781,female,28.0,Single,graduate,No,46910.05,14721.23,11300.0,360,1.0,Rural,700.0,04/03/2023,Y
CUST10166,F,38.0,married,graduate,No,28606.11,0.0,4500.0,300,1.0,URBAN,680.0,04-01-2022,N
CUST10534,Male,38.0,Single,Post Graduate,No,90428.36,30006.95,14300.0,36,1.0,Semiurban,626.0,10-20-2022,N
CUST10583,Female,45.0,Single,graduate,Yes,58820.11,0.0,18300.0,36,0.0,Urban,790.0,16-Nov-2022,Y
CUST11267,,,single,Under Graduate,No,42346.72,0.0,12800.0,360,1.0,Urban,729.0,26-Nov-2023,N
CUST11920,Female,42.0,Single,Post Graduate,Yes,24453.75,0.0,4900.0,360,1.0,Semiurban,603.0,2024-11-17,Y
CUST11890,Male,12.0,,Graduate,No,66767.15,20903.62,10800.0,360,1.0,Urban,749.0,11-01-2024,Approved
CUST11395,Male,39.0,Single,Post Graduate,No,33776.04,2881.31,6300.0,360,1.0,Urban,673.0,04-Feb-2024,N
CUST11784,Male,33.0,married,Under Graduate,No,22863.86,17346.07,3600.0,120,1.0,Urban,731.0,2024-09-04,Y
CUST11271,Female,28.0,Single,Graduate,No,40757.74,3446.12,7000.0,300,0.0,Rural,673.0,28-Nov-2023,Y
CUST11908,F,56.0,Single,Post Graduate,No,55615.75,0.0,13900.0,360,0.0,rural,642.0,2024-11-11,Y
CUST11122,F,19.0,Divorced,graduate,No,95599.69,3137.35,17500.0,60,1.0,Urban,631.0,09-07-2023,N
CUST11301,Female,31.0,married,Post Graduate,No,51961.91,21897.35,5900.0,180,1.0,Semiurban,647.0,14/12/2023,N
CUST11084,,37.0,Single,Graduate,No,43980.35,0.0,8200.0,360,1.0,Urban,653.0,2023-08-17,n
CUST10813,Female,47.0,Single,Not Graduate,No,35810.39,0.0,5400.0,60,0.0,Rural,659.0,22/03/2023,y
CUST10316,Female,26.0,Single,Not Graduate,No,58883.44,0.0,9100.0,360,0.0,Semiurban,674.0,2022-06-23,Y
CUST11296,Male,38.0,Divorced,Graduate,No,37625.61,0.0,4300.0,240,,rural,618.0,2023-12-11,Y
CUST11738,Female,23.0,Married,graduate,nan,45432.76,0.0,10900.0,300,1.0,Rural,818.0,08-10-2024,Rejected
CUST10516,Male,33.0,Married,Graduate,No,45279.69,0.0,7500.0,360,1.0,Rural,731.0,2022-10-10,N
CUST11684,Male,23.0,Divorced,Graduate,No,18223.49,46262.34,4500.0,360,1.0,Semiurban,640.0,2024-07-11,Y
CUST10533,Female,53.0,Single,Graduate,Yes,49043.56,13069.12,11400.0,360,1.0,Urban,749.0,19/10/2022,Approved
CUST11113,female,61.0,Single,Not Graduate,No,88230.73,0.0,11400.0,360,1.0,Urban,680.0,02/09/2023,N
CUST10271,Male,40.0,Married,Graduate,No,39887.09,15228.99,5100.0,36,1.0,Rural,651.0,29-May-2022,Y
CUST10548,M,43.0,,Not Graduate,No,43348.68,11093.37,12900.0,360,1.0,rural,795.0,2022-10-28,Approved
CUST10964,female,48.0,Single,Graduate,No,32533.98,4155.99,5600.0,180,1.0,Semiurban,614.0,2023-06-13,Rejected
CUST11713,male,19.0,Single,Graduate,No,41028.45,11510.76,7300.0,360,1.0,Semiurban,719.0,27/07/2024,Approved
CUST11645,Female,49.0,single,Graduate,Yes,101718.99,0.0,23900.0,360,1.0,Semiurban,764.0,20/06/2024,Y
CUST10598,,15.0,Single,Not Graduate,No,40339.81,4556.72,10400.0,240,1.0,rural,683.0,11-24-2022,y
CUST11618,,37.0,Widowed,Post Graduate,Yes,28821.61,2405.46,9300.0,180,1.0,Rural,664.0,06-05-2024,Approved
CUST10570,Male,46.0,Single,graduate,No,46191.03,8149.53,6400.0,360,1.0,Urban,695.0,11-09-2022,Rejected
CUST10074,Male,33.0,Divorced,graduate,No,44314.28,0.0,11400.0,12,0.0,URBAN,657.0,02-10-2022,Y
CUST10061,Female,38.0,Single,Graduate,Yes,17016.35,169533.47,2500.0,360,1.0,Semiurban,653.0,03/02/2022,Y
CUST11282,Female,46.0,Married,Not Graduate,nan,40542.96,11846.36,7300.0,36,1.0,Semiurban,618.0,12-04-2023,y
CUST10809,,32.0,,Post Graduate,Yes,32700.51,25583.75,6700.0,300,1.0,Rural,687.0,20/03/2023,Y
CUST10244,Female,29.0,Married,Graduate,No,55105.24,2583.06,7600.0,12,1.0,Rural,648.0,2022-05-14,N
CUST11864,Female,35.0,Single,Graduate,No,35336.27,6443.94,5000.0,360,1.0,Urban,666.0,2024-10-18,Approved
CUST11210,M,42.0,Married,Graduate,Yes,78599.24,0.0,12900.0,240,1.0, Semiurban ,685.0,10-25-2023,Rejected
CUST10105,M,22.0,Single,Not Graduate,nan,41308.4,1920.87,4800.0,360,1.0,Urban,624.0,27/02/2022,Y
CUST10673,M,29.0,Divorced,Under Graduate,No,31796.33,9193.76,6800.0,360,1.0,Urban,772.0,04/01/2023,Approved
CUST10642,Male,41.0,Single,Under Graduate,No,,5280.65,,180,1.0,URBAN,578.0,12-18-2022,Rejected
CUST11279,Female,33.0,Married,Post Graduate,No,71545.73,37414.8,15200.0,360,1.0,Rural,693.0,02-Dec-2023,N
CUST10665,M,30.0,Married,Post Graduate,No,79913.68,71734.46,25800.0,360,0.0,Urban,710.0,31/12/2022,N
CUST10509,Male,30.0,Married,Graduate,No,53397.55,11390.99,7900.0,360,1.0,Urban,685.0,06/10/2022,Y
CUST10131,female,37.0,Married,Graduate,Y,66812.51,14472.6,,300,1.0,Rural,692.0,13-Mar-2022,N
CUST10444,Male,44.0,Married,graduate,No,,0.0,,360,1.0,Urban,672.0,2022-09-01,N
CUST10866,male,41.0,Single,Not Graduate,No,68351.7,0.0,10000.0,360,,Semiurban,500.0,04-20-2023,Approved
CUST11482,Female,39.0,married,Not Graduate,No,29319.34,16821.94,8000.0,300,1.0,Urban,612.0,03-22-2024,Y
CUST11867,Male,37.0,,Graduate,No,21174.64,12122.95,3200.0,360,1.0,Urban,476.0,19-Oct-2024,y
CUST10057,Female,45.0,Married,graduate,No,138706.27,34896.46,24200.0,360,0.0,Semiurban,612.0,01/02/2022,N
CUST11668,Male,50.0,Single,Graduate,No,54895.21,8844.89,11900.0,360,1.0,Semiurban,601.0,2024-07-02,Y
CUST11078,Female,42.0,Married,graduate,No,100801.83,0.0,22400.0,360,1.0,URBAN,581.0,08-14-2023,Y
CUST11511,Male,53.0,Divorced,Graduate,N,51551.19,0.0,15300.0,360,1.0,Semiurban,641.0,07-Apr-2024,N
CUST10086,M,45.0,Married,graduate,No,86917.0,0.0,10900.0,360,0.0,rural,715.0,02-17-2022,Rejected
CUST11862,,40.0,Widowed,Under Graduate,Yes,87737.67,5624.3,12300.0,240,0.0,rural,575.0,10-16-2024,Y
CUST10771,Female,28.0,Married,graduate,No,95074.33,6923.38,22200.0,360,1.0,Urban,589.0,27-Feb-2023,Approved
CUST11240,male,50.0,Widowed,Post Graduate,Yes,,0.0,,360,1.0,Rural,658.0,2023-11-11,y
CUST10708,Female,22.0,Married,Under Graduate,No,87893.01,0.0,10800.0,360,1.0,URBAN,636.0,2023-01-23,Y
CUST11567,Male,35.0,,Graduate,No,25093.82,142023.96,7700.0,360,0.0,Urban,763.0,08-May-2024,Rejected
CUST11348,Female,49.0,Widowed,Under Graduate,No,73840.34,15653.63,17600.0,360,1.0,Urban,774.0,2024-01-09,n
CUST11743,female,26.0,Married,Not Graduate,No,156633.14,33327.83,26100.0,360,1.0,Urban,639.0,12-Aug-2024,Y
CUST10538,Male,30.0,Married,Post Graduate,N,30219.53,12662.66,4200.0,360,1.0,Semiurban,548.0,10-22-2022,Rejected
CUST11445,Female,42.0,Widowed,Under Graduate,Yes,52048.4,10646.67,6200.0,360,0.0,Semiurban,563.0,02/03/2024,N
CUST11188,Male,41.0,Single,Graduate,Yes,33233.66,27564.24,7400.0,360,1.0,Urban,789.0,2023-10-13,N
CUST11563,male,38.0,Divorced,Graduate,No,98213.8,8401.87,19900.0,180,1.0,Rural,687.0,06-May-2024,N
CUST11315,Female,50.0,Divorced,graduate,No,40908.25,0.0,6000.0,36,1.0,Semiurban,672.0,22-Dec-2023,Approved
CUST10418,Male,56.0,Married,Graduate,No,103917.38,0.0,13400.0,360,1.0,Urban,546.0,08-17-2022,Y
CUST11857,Male,32.0,Widowed,graduate,No,46465.2,50948.5,6800.0,360,1.0,Urban,711.0,14/10/2024,Y
CUST11073,female,29.0,Married,graduate,Yes,11927.99,0.0,1900.0,360,0.0,Semiurban,610.0,11/08/2023,N
CUST11714,Male,40.0,,Graduate,No,149288.5,0.0,17600.0,360,,Rural,,07-27-2024,Approved
CUST11642,Female,32.0,Single,Under Graduate,No,146530.8,54674.27,,360,0.0,Urban,601.0,06-18-2024,Rejected
CUST10851,Male,57.0,Single,Graduate,No,72370.11,7418.06,8200.0,12,,Rural,758.0,12-Apr-2023,Y
CUST11759,female,29.0,Widowed,Not Graduate,No,55335.74,0.0,6400.0,240,1.0,rural,742.0,21-Aug-2024,y
CUST11736,male,37.0,single,Graduate,No,98490.34,44260.17,14300.0,360,1.0,Semiurban,684.0,2024-08-08,Rejected
CUST11700,female,42.0,Married,graduate,No,88030.06,9463.5,15300.0,300,,Rural,609.0,2024-07-20,Y
CUST11772,Female,45.0,Divorced,graduate,No,42585.76,0.0,7000.0,360,1.0, Semiurban ,754.0,2024-08-28,Approved
CUST11307,Female,42.0,Widowed,Graduate,No,58921.44,0.0,11700.0,360,1.0,Rural,610.0,17-Dec-2023,Rejected
CUST11739,M,52.0,married,Graduate,Yes,16248.45,0.0,2700.0,360,1.0,Semiurban,791.0,10-Aug-2024,N
CUST11805,Female,33.0,Married,Graduate,No,74001.11,15625.31,18700.0,180,1.0,Urban,575.0,15/09/2024,Y
CUST10304,F,44.0,Single,Not Graduate,No,35157.72,0.0,4700.0,36,1.0,Urban,589.0,2022-06-16,Y
CUST11958,F,23.0,single,Graduate,No,88574.0,12655.73,11700.0,120,0.0,rural,722.0,12-08-2024,Y
CUST10335,Female,43.0,Married,Graduate,No,90010.85,96067.23,16200.0,240,1.0,URBAN,638.0,03-Jul-2022,Y
CUST10995,Female,25.0,Single,Graduate,No,185513.85,8766.23,41500.0,360,0.0,Semiurban,755.0,30-Jun-2023,Y
CUST10569,Female,59.0,Widowed,Graduate,No,58352.32,19650.3,13600.0,360,1.0,Rural,793.0,08/11/2022,Y
CUST10088,Male,30.0,single,Not Graduate,Y,78976.76,0.0,11600.0,360,1.0, Semiurban ,722.0,2022-02-18,Y
CUST10874,M,65.0,Single,Not Graduate,No,120246.69,4637.61,14000.0,360,1.0,Urban,752.0,04-24-2023,N
CUST11159,M,41.0,Single,Not Graduate,No,77496.3,0.0,22400.0,360,,Urban,714.0,27-Sep-2023,N
CUST11532,Female,41.0,Married,Under Graduate,Y,16256.41,26907.27,1900.0,36,1.0,URBAN,620.0,2024-04-19,Y
CUST10712,F,35.0,Single,Graduate,No,42119.79,0.0,4900.0,360,0.0,Urban,652.0,2023-01-26,Approved
CUST11756,Male,45.0,Married,Graduate,No,31102.21,41609.35,5600.0,360,,rural,731.0,2024-08-19,Approved
CUST11912,male,56.0,Widowed,Not Graduate,No,226755.0,23569.78,30900.0,360,1.0,Urban,535.0,2024-11-13,Rejected
CUST11389,Male,22.0,Single,Graduate,nan,67928.6,5624.61,14600.0,36,0.0,Urban,509.0,31/01/2024,Approved
CUST10221,Female,43.0,married,Post Graduate,Y,62918.0,0.0,10400.0,360,1.0,URBAN,809.0,02/05/2022,Rejected
CUST10319,female,39.0,,Graduate,nan,16279.7,18758.67,2300.0,360,1.0,Semiurban,511.0,24-Jun-2022,Y
CUST11765,Male,39.0,Married,Not Graduate,No,169247.45,3462.42,30200.0,120,0.0,Urban,773.0,24/08/2024,n
CUST10878,Female,27.0,Single,Not Graduate,Yes,36525.56,32650.81,7200.0,240,,Rural,950.0,04-26-2023,Y
CUST11995,M,30.0,Married,Not Graduate,Yes,99132.4,0.0,17000.0,180,1.0,Urban,472.0,28-Dec-2024,y
CUST10825,Male,55.0,,Graduate,No,27470.0,6578.84,3300.0,360,,Rural,748.0,28/03/2023,Y
CUST11996,Male,64.0,Married,graduate,nan,29473.86,69079.86,4300.0,360,1.0,Semiurban,533.0,2024-12-29,N
CUST11475,Female,20.0,Married,Post Graduate,No,93868.25,19389.75,10500.0,360,0.0,Rural,677.0,18-Mar-2024,Y
CUST10138,F,47.0,Divorced,Graduate,No,,13744.45,,360,1.0,Rural,556.0,03-17-2022,Rejected
CUST10163,Male,40.0,Divorced,Graduate,No,30324.03,0.0,3600.0,360,1.0,Rural,731.0,31-Mar-2022,Y
CUST11791,Male,20.0,Divorced,Post Graduate,No,69088.56,16169.88,9400.0,360,1.0,Rural,674.0,08-Sep-2024,Y
CUST11458,female,34.0,married,Not Graduate,Yes,74973.62,27588.68,14200.0,12,1.0,Rural,696.0,03-09-2024,Approved
CUST10960,Female,59.0,Divorced,Not Graduate,No,24748.63,0.0,3400.0,300,0.0,Semiurban,716.0,2023-06-10,Y
CUST11448,Female,50.0,Divorced,Not Graduate,Yes,28505.41,0.0,6300.0,180,1.0,Semiurban,678.0,2024-03-04,Y
CUST11347,Female,48.0,Single,Not Graduate,No,13438.29,0.0,1600.0,60,1.0,Semiurban,624.0,08-Jan-2024,Rejected
CUST11187,,35.0,Single,Not Graduate,No,115724.63,13588.14,24200.0,360,0.0,Semiurban,674.0,13-Oct-2023,Rejected
CUST11940,Male,20.0,Married,Not Graduate,nan,21619.81,0.0,2400.0,360,0.0,Urban,588.0,2024-11-28,Approved
CUST11308,Male,56.0,Married,Under Graduate,No,20808.27,38449.86,2700.0,360,0.0,Rural,547.0,2023-12-18,N
CUST11814,F,46.0,Married,Graduate,Yes,197905.92,0.0,27200.0,360,1.0,Semiurban,597.0,09-20-2024,Approved
CUST10633,Female,41.0,Single,Graduate,No,38395.44,185586.99,9900.0,180,1.0,Urban,594.0,13/12/2022,Y
CUST11196,Male,28.0,Widowed,Not Graduate,Yes,35468.35,0.0,5200.0,180,1.0,Semiurban,728.0,2023-10-18,Rejected
CUST10655,Male,20.0,Single,Not Graduate,No,78751.27,6611.53,8900.0,360,1.0,Rural,693.0,25-Dec-2022,N
CUST10016,Female,35.0,single,Graduate,No,63557.24,0.0,9100.0,360,0.0,Urban,655.0,2022-01-09,N
CUST11264,Female,49.0,Single,Under Graduate,No,28307.87,0.0,7300.0,120,1.0,Urban,,2023-11-24,y
CUST11173,M,30.0,Married,Not Graduate,Yes,38750.77,0.0,10100.0,360,0.0,Urban,619.0,05/10/2023,N
CUST10137,Female,39.0,Divorced,Graduate,No,18552.24,15547.4,2100.0,360,1.0,Semiurban,725.0,17/03/2022,Approved
CUST11233,Female,34.0,,Graduate,No,19497.78,0.0,3900.0,240,1.0,Semiurban,681.0,07/11/2023,N
CUST10697,Female,52.0,Divorced,graduate,No,30435.29,0.0,10100.0,360,1.0,Rural,840.0,17/01/2023,Y
CUST11097,F,28.0,Married,Graduate,No,67276.34,8644.71,8000.0,300,1.0,Semiurban,724.0,24/08/2023,Y
CUST11624,Female,23.0,married,Under Graduate,No,78714.02,13800.75,8900.0,360,1.0,Semiurban,771.0,2024-06-08,Y
CUST10448,Male,30.0,Married,Under Graduate,No,27302.85,0.0,3900.0,360,0.0,Semiurban,717.0,2022-09-03,Rejected
CUST11905,Female,25.0,Widowed,Not Graduate,N,41033.27,15596.31,10700.0,360,1.0,Rural,642.0,09/11/2024,N
CUST10327,Female,,Married,Not Graduate,No,63629.01,0.0,9900.0,240,1.0,Semiurban,677.0,29-Jun-2022,Y
CUST10317,Female,45.0,Single,graduate,Yes,36726.11,63415.03,8000.0,180,0.0,Semiurban,633.0,23/06/2022,n
CUST11538,F,41.0,Divorced,Not Graduate,N,66474.1,11798.18,15200.0,360,1.0,Semiurban,801.0,04-22-2024,n
CUST10526,female,28.0,Married,Under Graduate,No,25130.0,0.0,3800.0,360,1.0,Rural,510.0,10-16-2022,N
CUST10087,Female,59.0,Widowed,Graduate,No,84845.1,58771.06,19600.0,180,1.0,Urban,623.0,17-Feb-2022,Approved
CUST11928,Male,52.0,,Under Graduate,nan,103944.71,41947.37,12700.0,120,0.0,Urban,559.0,2024-11-22,N
CUST10148,Female,46.0,single,Graduate,No,92217.65,0.0,24900.0,60,1.0,Rural,609.0,2022-03-23,Y
CUST11631,male,27.0,Divorced,Graduate,No,52339.81,19850.3,7500.0,360,1.0,Semiurban,673.0,12-Jun-2024,N
CUST11302,M,56.0,Single,Graduate,No,38054.54,0.0,10900.0,360,1.0,rural,727.0,12-15-2023,y
CUST11470,female,42.0,Married,Under Graduate,No,36291.99,17016.64,,360,1.0, Semiurban ,688.0,03-16-2024,Approved
CUST10365,Female,43.0,Single,Not Graduate,No,20798.52,0.0,6500.0,360,1.0,Rural,649.0,19/07/2022,Y
CUST10589,Male,37.0,Single,Not Graduate,Y,96293.94,36692.89,22400.0,240,1.0,Rural,572.0,19/11/2022,Approved
CUST11785,F,21.0,Divorced,Under Graduate,No,50887.46,12249.19,9100.0,360,0.0,rural,757.0,04/09/2024,Y
CUST10198,Male,26.0,Widowed,Graduate,No,92724.45,4948.29,12300.0,300,1.0,URBAN,532.0,04-19-2022,n
CUST11906,Female,46.0,Married,Not Graduate,No,56892.11,7056.05,18900.0,360,1.0,Urban,799.0,11-10-2024,Y
CUST10192,Male,48.0,Married,Graduate,nan,22776.33,0.0,5300.0,120,0.0,Semiurban,697.0,2022-04-16,Y
CUST10404,,55.0,Married,Graduate,No,21728.32,0.0,3900.0,60,0.0,URBAN,520.0,2022-08-10,Y
CUST11583,Male,47.0,Married,Graduate,Yes,25615.86,0.0,-1000.0,60,1.0,Semiurban,511.0,17-May-2024,Y
CUST11997,Male,37.0,Single,graduate,Yes,41902.85,24511.66,8800.0,360,1.0,URBAN,425.0,29/12/2024,n
CUST10483,Male,49.0,Single,Under Graduate,Yes,35054.8,0.0,5000.0,360,,Semiurban,727.0,22-Sep-2022,N
CUST11469,Male,69.0,Single,Under Graduate,No,46780.03,0.0,5900.0,360,,Urban,749.0,15/03/2024,Approved
CUST10791,Female,50.0,Married,Not Graduate,Yes,34098.75,0.0,3800.0,240,,Semiurban,532.0,10-Mar-2023,Approved
CUST10799,M,50.0,Divorced,Graduate,No,52567.96,18002.91,7800.0,360,1.0,rural,592.0,14-Mar-2023,Y
CUST10384,Female,47.0,Single,Not Graduate,No,34432.95,4595.31,4300.0,300,0.0,URBAN,600.0,2022-07-30,Approved
CUST10750,Male,36.0,married,graduate,nan,50942.07,5951.43,9600.0,300,1.0,Rural,625.0,02-15-2023,N
CUST10422,Male,30.0,single,Graduate,No,47992.46,67163.44,11100.0,180,1.0,Urban,677.0,08-20-2022,Y
CUST10314,Female,33.0,Single,Graduate,Yes,44363.32,10947.83,9500.0,360,0.0,URBAN,552.0,06-22-2022,y
CUST11021,M,29.0,Single,Under Graduate,No,87477.21,0.0,18200.0,360,1.0,Rural,797.0,14/07/2023,N
CUST10543,,32.0,single,graduate,Yes,137194.41,0.0,21300.0,60,1.0,Semiurban,740.0,25-Oct-2022,N
CUST10913,,39.0,Married,Under Graduate,No,35101.94,15935.48,4300.0,360,1.0,Semiurban,771.0,16/05/2023,N
CUST10662,Male,48.0,Widowed,Not Graduate,No,34825.8,28908.63,8700.0,360,1.0,Semiurban,592.0,12-29-2022,Y
CUST10902,Male,39.0,Single,Graduate,N,49810.99,12774.65,5700.0,360,,Urban,494.0,05-10-2023,N
CUST11453,female,43.0,single,Not Graduate,Y,153595.92,8609.58,20300.0,120,0.0,Semiurban,620.0,06/03/2024,n
CUST10685,Male,44.0,Married,graduate,N,123109.88,4790.94,39700.0,360,1.0,Urban,689.0,11/01/2023,Approved
CUST11687,Female,37.0,Single,Under Graduate,No,71931.78,30693.57,8400.0,360,0.0,Urban,686.0,13-Jul-2024,N
CUST10159,M,43.0,Married,Post Graduate,No,23190.01,14394.5,3300.0,240,0.0,Rural,633.0,29-Mar-2022,Approved
CUST10999,Male,15.0,Married,Not Graduate,Yes,41955.32,6767.32,7400.0,60,1.0,URBAN,821.0,02-Jul-2023,Approved
CUST11309,female,33.0,Married,Under Graduate,No,77339.87,10305.49,11200.0,180,1.0,Semiurban,732.0,19/12/2023,Y
CUST11787,Female,19.0,,Under Graduate,Yes,34579.3,0.0,5800.0,360,0.0,Urban,606.0,05-Sep-2024,Approved
CUST10202,Female,29.0,Single,Not Graduate,No,28509.77,6587.75,6100.0,360,1.0,Semiurban,684.0,04-21-2022,Y
CUST11023,Female,31.0,Married,Post Graduate,No,57805.21,8629.44,7100.0,360,1.0,Rural,695.0,15-Jul-2023,n
CUST11542,Female,50.0,Single,Not Graduate,No,65065.26,0.0,8100.0,360,,Rural,765.0,04-24-2024,Y
CUST11506,M,22.0,single,Under Graduate,Y,64686.34,0.0,11000.0,360,1.0, Semiurban ,645.0,04-04-2024,N
CUST10112,Male,38.0,Single,Post Graduate,No,82411.83,5989.28,13900.0,360,1.0,Urban,650.0,2022-03-03,Y
CUST11817,Female,43.0,Single,Graduate,No,35441.0,0.0,5100.0,360,1.0,Rural,517.0,22/09/2024,N
CUST11242,Female,36.0,married,Post Graduate,nan,39315.18,0.0,9700.0,360,1.0,Semiurban,596.0,11-12-2023,Rejected
CUST10980,,8.0,married,Not Graduate,No,63516.6,38011.58,17400.0,36,1.0,Semiurban,533.0,2023-06-21,N
CUST10922,Female,32.0,Married,Not Graduate,No,56602.28,47813.06,11600.0,300,0.0,Urban,610.0,05-21-2023,Approved
CUST11493,F,32.0,Married,Not Graduate,No,21339.94,5325.04,2700.0,300,1.0,Urban,682.0,28/03/2024,Y
CUST11598,F,19.0,Married,Graduate,nan,47199.12,11952.76,9100.0,360,1.0,Urban,665.0,05-25-2024,Rejected
CUST11426,Male,42.0,Single,Graduate,No,55342.89,9625.42,9400.0,180,1.0,Semiurban,684.0,02-21-2024,Rejected
CUST11251,Male,43.0,Divorced,Under Graduate,No,37113.29,9221.71,11400.0,360,1.0,Urban,608.0,17-Nov-2023,Rejected
CUST10815,male,,married,Post Graduate,Yes,60229.35,0.0,7300.0,360,0.0,URBAN,775.0,23-Mar-2023,Approved
CUST11374,,35.0,Single,Post Graduate,No,32649.44,8601.89,7800.0,360,1.0,URBAN,630.0,01-23-2024,Rejected
CUST11622,F,40.0,Divorced,Post Graduate,Yes,48726.8,0.0,7700.0,180,1.0,Rural,898.0,06-07-2024,Y
CUST10679,Female,51.0,Single,Graduate,Y,67076.76,9968.64,16900.0,360,1.0,Semiurban,597.0,07-Jan-2023,y
CUST11093,Male,48.0,Single,graduate,Yes,140897.72,18650.27,31100.0,240,1.0,rural,617.0,22/08/2023,Approved
CUST10080,Female,46.0,Single,Post Graduate,nan,48414.57,11359.95,11300.0,360,0.0,Semiurban,670.0,2022-02-13,Y
CUST11770,Female,53.0,Married,graduate,No,93375.26,4340.96,31000.0,180,1.0,Rural,622.0,08-27-2024,n
CUST11352,Male,46.0,Single,Post Graduate,No,38822.84,0.0,7900.0,360,1.0,Rural,559.0,2024-01-11,Approved
CUST11749,Female,44.0,Single,Graduate,No,23638.18,8567.65,3100.0,360,1.0,Urban,689.0,16/08/2024,Rejected
CUST10752,Male,7.0,Single,Post Graduate,Yes,12178.4,0.0,2300.0,240,1.0,Urban,718.0,2023-02-16,Y
CUST11327,Female,,Married,Graduate,No,59125.88,35299.07,16400.0,60,1.0,Semiurban,625.0,28-Dec-2023,Approved
CUST11054,Male,46.0,,Not Graduate,nan,99162.94,6385.83,24900.0,120,1.0,URBAN,636.0,08-01-2023,Y
CUST10242,Male,38.0,Married,Post Graduate,No,86049.24,6311.11,21700.0,360,1.0,Urban,799.0,05-13-2022,Approved
CUST11991,Female,52.0,single,Post Graduate,Yes,173399.39,0.0,,120,0.0,Urban,736.0,26-Dec-2024,Rejected
CUST10641,F,52.0,Married,Not Graduate,No,32524.19,0.0,6600.0,36,1.0,URBAN,709.0,18/12/2022,Rejected
CUST10696,M,17.0,Single,Under Graduate,nan,32675.09,0.0,6700.0,240,1.0,URBAN,635.0,2023-01-17,Y
CUST10209,Female,,Married,Under Graduate,No,21790.93,16897.32,3200.0,180,1.0,Semiurban,580.0,25/04/2022,Approved
CUST11821,Female,28.0,Single,Under Graduate,Y,57941.45,0.0,7300.0,120,1.0,rural,510.0,24/09/2024,Rejected
CUST10770,Male,34.0,Married,Not Graduate,nan,147801.49,77262.66,24800.0,360,1.0,Semiurban,626.0,02-26-2023,Y
CUST11764,Male,41.0,Divorced,graduate,Y,38684.53,0.0,5500.0,60,,Semiurban,682.0,2024-08-24,Y
CUST10435,Male,,Divorced,Not Graduate,N,81032.01,24568.38,13800.0,360,1.0,Rural,696.0,27-Aug-2022,N
CUST11063,Female,,,Post Graduate,No,43857.29,0.0,7400.0,360,1.0,Rural,,06-Aug-2023,Rejected
CUST10974,Male,35.0,Single,Graduate,No,43072.2,14074.38,5900.0,12,1.0,Urban,565.0,06-18-2023,N
CUST10551,Male,55.0,Divorced,Not Graduate,No,87014.86,21759.07,10200.0,360,,rural,,29-Oct-2022,Approved
CUST11403,Male,27.0,Divorced,Graduate,nan,110356.38,1881.98,15900.0,60,1.0,Urban,705.0,08-Feb-2024,y
CUST11412,F,35.0,married,Under Graduate,No,64454.55,7384.73,8900.0,360,1.0,rural,582.0,2024-02-13,Y
CUST11013,female,60.0,Single,Under Graduate,Yes,61264.48,5035.01,6800.0,240,1.0,Rural,552.0,09/07/2023,Y
CUST11896,Female,30.0,Married,Post Graduate,No,22135.41,12101.35,3900.0,360,0.0,Semiurban,682.0,2024-11-04,N
CUST10466,Female,35.0,Married,Graduate,No,23579.58,0.0,6400.0,360,1.0,Rural,883.0,09-13-2022,n
CUST11484,Female,59.0,Married,Post Graduate,No,91307.04,93775.02,12500.0,360,1.0,Semiurban,645.0,2024-03-23,n
CUST11545,Female,35.0,Married,Graduate,No,112472.44,8751.39,18200.0,360,,Urban,440.0,26/04/2024,Approved
CUST10277,Female,24.0,,graduate,N,13868.24,0.0,2600.0,360,1.0,Semiurban,762.0,01/06/2022,Approved
CUST11069,Female,36.0,Married,Not Graduate,No,26774.12,0.0,3700.0,120,0.0,Semiurban,651.0,09/08/2023,y
CUST11017,F,38.0,,Post Graduate,No,,11313.06,,60,1.0,Urban,557.0,12/07/2023,y
CUST11330,M,49.0,Married,Not Graduate,Yes,64826.58,0.0,13200.0,360,1.0,Urban,746.0,12-30-2023,y
CUST10722,Male,44.0,Married,Not Graduate,No,34601.37,0.0,4300.0,360,1.0,Urban,666.0,01-31-2023,Y
CUST11963,Male,40.0,Widowed,Graduate,N,62013.21,4601.45,15900.0,360,0.0,Urban,453.0,11-Dec-2024,Y
CUST10786,F,-5.0,single,graduate,No,35464.1,11069.96,11700.0,360,1.0,URBAN,642.0,03-07-2023,Y
CUST11554,Male,27.0,Married,Post Graduate,Yes,30437.95,11524.13,7700.0,360,1.0,Semiurban,579.0,05-01-2024,N
CUST11317,Male,36.0,Single,Not Graduate,No,19527.21,0.0,5500.0,360,,Rural,623.0,23/12/2023,Rejected
CUST11565,Female,30.0,Married,Graduate,No,19352.2,32016.68,5500.0,360,1.0,Semiurban,649.0,07/05/2024,Approved
CUST11436,Male,19.0,Married,graduate,Y,43095.22,19608.52,11500.0,360,1.0,Rural,570.0,2024-02-26,Rejected
CUST10906,Female,45.0,Married,Post Graduate,No,36890.82,54277.93,9400.0,12,1.0,Rural,757.0,05-12-2023,Y
CUST10563,Female,44.0,Single,Not Graduate,No,36174.64,34631.72,7500.0,360,1.0,Semiurban,667.0,05-Nov-2022,N
CUST10388,Male,36.0,Married,Graduate,Yes,105890.33,0.0,22300.0,300,1.0,Semiurban,702.0,2022-08-01,Y
CUST10022,,40.0,Single,Graduate,N,151858.71,0.0,18800.0,360,,URBAN,851.0,01-13-2022,N
CUST11953,,27.0,Married,Graduate,No,32607.11,8186.68,4400.0,180,1.0,Urban,737.0,05/12/2024,Rejected
CUST10124,Male,28.0,Married,Under Graduate,No,48765.63,16132.85,14600.0,360,1.0,rural,422.0,2022-03-09,N
CUST11820,female,28.0,Single,graduate,nan,15521.28,6795.12,4100.0,360,1.0,Semiurban,694.0,2024-09-23,N
CUST10773,F,58.0,single,Not Graduate,nan,,9618.57,,360,1.0,Urban,660.0,28/02/2023,Approved
CUST10880,Female,37.0,Single,Under Graduate,No,65902.92,15453.43,13100.0,360,1.0,Semiurban,763.0,2023-04-28,Y
CUST11144,Female,45.0,Divorced,Post Graduate,Yes,87088.97,6110.85,19300.0,360,1.0,rural,645.0,2023-09-19,Y
CUST11166,F,40.0,Married,Graduate,nan,29193.81,25005.47,6200.0,360,1.0,Semiurban,723.0,10-01-2023,Approved
CUST10050,Male,50.0,Married,Not Graduate,No,98867.79,18550.58,15800.0,120,1.0,Semiurban,674.0,01-28-2022,Y
CUST11703,Female,28.0,Single,graduate,Y,48569.82,0.0,12400.0,360,1.0,Urban,556.0,21-Jul-2024,Y
CUST11466,Female,37.0,Single,Post Graduate,No,20214.23,0.0,2700.0,12,,Semiurban,517.0,03-14-2024,Y
CUST11105,M,51.0,Married,Not Graduate,No,73342.81,0.0,8200.0,240,1.0,Urban,610.0,29/08/2023,Rejected
CUST10703,male,36.0,Single,Not Graduate,No,24852.81,10676.75,5200.0,360,1.0,Rural,,21-Jan-2023,Rejected
CUST10482,Female,41.0,Single,Graduate,Yes,19144.41,16372.34,4000.0,360,1.0,Semiurban,560.0,09-22-2022,Rejected
CUST11145,Male,27.0,Single,Not Graduate,N,56552.26,29148.34,6800.0,360,1.0,Rural,580.0,20/09/2023,Rejected
CUST11921,Male,26.0,,Under Graduate,No,63340.01,601.77,10200.0,360,1.0,Rural,669.0,18/11/2024,Y
CUST10066,Female,29.0,,Graduate,No,46519.34,0.0,6900.0,360,1.0,Semiurban,769.0,02-06-2022,Y
CUST11730,female,41.0,Married,Graduate,No,24491.68,13073.52,2900.0,12,1.0,Urban,646.0,08-05-2024,Y
CUST10733,Female,52.0,single,Not Graduate,Yes,20441.47,0.0,5000.0,360,1.0,URBAN,544.0,06/02/2023,Y
CUST11794,male,52.0,Married,Graduate,nan,96281.56,16890.41,14300.0,360,1.0,Rural,573.0,09-09-2024,N
CUST10801,Male,45.0,Divorced,Not Graduate,Yes,,0.0,,360,1.0,Urban,712.0,15/03/2023,N
CUST11555,M,44.0,Married,Not Graduate,N,26942.24,43025.3,4400.0,240,1.0,Urban,613.0,01-May-2024,Approved
CUST11478,Female,39.0,single,Under Graduate,No,33726.24,100555.66,5900.0,360,,Urban,681.0,03-20-2024,Y
CUST10907,Male,29.0,,Under Graduate,No,22955.96,0.0,2700.0,240,1.0,Urban,656.0,12-May-2023,Rejected
CUST10031,,40.0,,Graduate,No,52937.31,28388.21,8700.0,360,1.0,Urban,626.0,17-Jan-2022,N
CUST10417,M,37.0,single,Post Graduate,No,29584.45,0.0,3800.0,240,1.0,rural,665.0,17/08/2022,Y
CUST10881,Female,44.0,Married,Graduate,N,43320.7,0.0,6100.0,360,1.0,Rural,603.0,28/04/2023,Approved
CUST10632,Male,54.0,Single,graduate,No,96041.21,10981.96,11900.0,60,1.0,URBAN,857.0,2022-12-13,Y
CUST11693,M,53.0,Single,Under Graduate,No,91323.74,4285.29,16400.0,360,1.0,rural,638.0,16/07/2024,Rejected
CUST11447,Female,30.0,,Graduate,Yes,59418.97,6761.63,11800.0,60,1.0,Rural,740.0,03-Mar-2024,Approved
CUST10064,Female,43.0,Single,Not Graduate,No,72562.13,30068.18,11400.0,300,1.0,Urban,427.0,2022-02-05,Y
CUST11698,,46.0,Divorced,Graduate,No,23709.92,33432.85,5900.0,360,0.0,Urban,605.0,07-19-2024,n
CUST11615,Male,46.0,Married,Not Graduate,No,54896.54,45819.04,8800.0,360,,Semiurban,413.0,03-Jun-2024,Y
CUST10077,Female,45.0,Single,Graduate,No,31107.74,0.0,5000.0,360,1.0,Semiurban,646.0,12/02/2022,N
CUST10491,Female,34.0,married,Graduate,No,78726.39,23670.63,8800.0,360,1.0,Urban,717.0,26-Sep-2022,N
CUST11516,Male,35.0,Married,Not Graduate,No,,17825.78,,360,1.0,Urban,619.0,2024-04-10,N
CUST11534,Male,35.0,single,Not Graduate,No,38282.03,9770.3,7900.0,360,1.0,Semiurban,642.0,04-20-2024,N
CUST10532,Female,47.0,Married,Post Graduate,nan,91764.68,2995.47,11700.0,360,1.0,Semiurban,715.0,2022-10-19,Y
CUST10065,Female,38.0,Married,Post Graduate,No,93428.99,26303.29,12800.0,360,1.0,Semiurban,685.0,05/02/2022,Y
CUST11699,M,45.0,single,Under Graduate,No,22831.18,19131.02,3800.0,360,1.0,URBAN,594.0,19-Jul-2024,Y
CUST10296,,37.0,Married,Not Graduate,No,30952.82,13652.15,4500.0,360,1.0,rural,,2022-06-12,Approved
CUST10591,Female,35.0,Married,Not Graduate,No,38310.98,0.0,12100.0,360,1.0,Rural,583.0,20-Nov-2022,Y
CUST10767,Male,19.0,,graduate,No,49699.9,0.0,9300.0,360,0.0,Urban,735.0,25-Feb-2023,Approved
CUST10724,Male,,Widowed,Graduate,No,94065.08,13656.27,18500.0,360,1.0,Urban,642.0,2023-02-01,y
CUST11433,Male,21.0,Widowed,Graduate,No,18699.22,5465.8,2700.0,240,0.0,Rural,583.0,24/02/2024,Y
CUST10626,F,49.0,Widowed,Under Graduate,No,64535.37,48256.06,11600.0,180,1.0,Urban,643.0,12-09-2022,Approved
CUST11491,F,33.0,married,Graduate,nan,37866.77,0.0,5100.0,240,0.0,Rural,737.0,27-Mar-2024,Approved
CUST11957,Male,33.0,Single,Not Graduate,No,49272.92,47542.35,7900.0,360,1.0,Rural,827.0,07/12/2024,Approved
CUST11212,Female,31.0,married,Graduate,No,83124.62,0.0,14800.0,360,0.0,Rural,729.0,2023-10-26,N
CUST11620,Male,17.0,Single,Graduate,N,,7864.47,,120,1.0,Semiurban,682.0,2024-06-06,y
CUST10251,male,33.0,Married,graduate,Yes,64224.95,12792.97,14100.0,360,0.0,Semiurban,645.0,18-May-2022,N
CUST11829,Female,58.0,Married,Graduate,No,46435.8,0.0,8600.0,360,1.0,Semiurban,660.0,28/09/2024,N
CUST11767,Male,48.0,Single,Under Graduate,No,38124.56,41221.48,11800.0,180,1.0,Rural,803.0,25-Aug-2024,Y
CUST11913,Female,41.0,Single,Under Graduate,No,38848.29,47807.12,4300.0,360,1.0,Semiurban,536.0,13/11/2024,N
CUST10982,M,54.0,Widowed,Not Graduate,No,36946.4,3512.7,6300.0,60,1.0,Semiurban,534.0,06-22-2023,n
CUST11782,Male,55.0,Married,Under Graduate,No,55490.41,13158.19,7700.0,360,1.0,Semiurban,686.0,09-03-2024,Approved
CUST10706,F,30.0,Married,graduate,No,46203.88,17796.62,7800.0,60,1.0,Semiurban,614.0,01-22-2023,Y
CUST10487,Male,27.0,Single,Graduate,No,32711.45,79716.03,8300.0,360,1.0,Urban,789.0,24-Sep-2022,N
CUST10273,Female,62.0,Single,Graduate,nan,47298.01,21647.31,11900.0,360,,Semiurban,,30/05/2022,N
CUST11719,F,23.0,Widowed,Not Graduate,No,58529.14,0.0,9500.0,360,1.0,Urban,919.0,30-Jul-2024,N
CUST11678,male,37.0,Divorced,Graduate,No,68863.35,9627.1,17400.0,120,1.0,Rural,643.0,07-08-2024,y
CUST10963,Male,27.0,Widowed,graduate,No,53285.58,23285.0,7900.0,360,1.0,Urban,661.0,12-Jun-2023,n
CUST10877,Male,49.0,single,Graduate,No,85754.18,0.0,23800.0,180,1.0,Semiurban,774.0,26/04/2023,N
CUST11647,F,23.0,single,Graduate,No,59720.17,9369.11,10600.0,360,,Urban,654.0,21-Jun-2024,Y
CUST11822,Female,43.0,Married,Graduate,No,23696.86,0.0,2900.0,360,1.0,URBAN,665.0,09-25-2024,Rejected
CUST10411,Female,50.0,Widowed,Under Graduate,No,65515.65,0.0,21200.0,12,1.0,Semiurban,590.0,14-Aug-2022,N
CUST10667,,55.0,,Not Graduate,Yes,35044.19,89911.91,4700.0,360,,Semiurban,677.0,01-Jan-2023,N
CUST11262,Male,51.0,Single,Post Graduate,No,45385.7,4227.2,9800.0,360,1.0,URBAN,619.0,11-23-2023,Y
CUST10149,Male,35.0,Married,Post Graduate,No,16266.18,6667.53,3600.0,60,1.0,Urban,592.0,23/03/2022,Y
CUST10644,Female,49.0,Married,Not Graduate,No,45863.22,14610.01,10500.0,60,1.0,Rural,701.0,2022-12-19,Y
CUST11813,Male,48.0,Married,Not Graduate,No,20443.32,72690.23,3200.0,240,1.0,Semiurban,792.0,20/09/2024,N
CUST10218,female,25.0,Divorced,graduate,Yes,80373.51,51560.81,11600.0,240,1.0,Urban,742.0,04-30-2022,Rejected
CUST10239,Male,40.0,Married,Under Graduate,No,47137.11,0.0,12000.0,180,1.0,rural,652.0,11-May-2022,Approved
CUST11131,Female,25.0,Married,Not Graduate,No,119010.95,4768.82,13300.0,360,0.0,Rural,672.0,12-Sep-2023,Rejected
CUST11216,Male,46.0,Divorced,Not Graduate,Y,32573.99,7054.75,7300.0,360,0.0,Urban,672.0,2023-10-29,Y
CUST10792,Male,,,Not Graduate,No,103806.31,25558.9,14000.0,360,1.0,Rural,679.0,2023-03-10,Approved
CUST10191,Male,28.0,married,Under Graduate,Yes,28153.88,0.0,3700.0,360,1.0,Urban,565.0,15-Apr-2022,Rejected
CUST10333,male,49.0,Married,Not Graduate,No,51411.07,18594.24,5900.0,360,1.0,Semiurban,665.0,02/07/2022,Y
CUST11329,Male,30.0,single,Not Graduate,N,43344.56,11524.01,6100.0,360,1.0,Semiurban,727.0,29/12/2023,Rejected
CUST11332,Female,50.0,single,Under Graduate,No,29597.57,29062.6,4400.0,180,0.0,Rural,743.0,2023-12-31,N
CUST10962,Male,58.0,Single,Post Graduate,No,55443.5,0.0,8900.0,360,1.0,Urban,648.0,06-11-2023,Approved
CUST11371,female,44.0,Married,Graduate,No,78557.88,2624.45,22400.0,120,0.0,Urban,556.0,21-Jan-2024,Approved
CUST11961,Female,35.0,married,Graduate,Yes,55441.74,7618.23,15700.0,180,0.0,URBAN,621.0,10/12/2024,Rejected
CUST11660,Male,47.0,single,Not Graduate,Yes,49566.43,2902.52,13500.0,360,1.0, Semiurban ,644.0,2024-06-28,Approved
CUST11625,M,45.0,Married,Graduate,No,30438.92,13813.14,3900.0,180,,Semiurban,515.0,09/06/2024,N
CUST10582,Male,20.0,Widowed,graduate,No,57868.62,9869.44,,60,1.0,Rural,658.0,11-15-2022,Rejected
CUST11929,Female,30.0,married,graduate,N,36225.48,4269.58,5500.0,360,,rural,638.0,22/11/2024,Approved
CUST11442,Male,35.0,,Not Graduate,No,28919.77,0.0,8100.0,60,,Rural,598.0,02-29-2024,Y
CUST10839,Female,50.0,married,Post Graduate,N,20358.47,4101.57,4500.0,360,1.0,Urban,652.0,05-Apr-2023,N
CUST10627,Male,37.0,Married,Not Graduate,No,73281.72,5020.96,13800.0,180,1.0,Urban,634.0,10-Dec-2022,Rejected
CUST10323,Female,32.0,Single,graduate,No,49241.29,70491.25,15900.0,360,1.0,Semiurban,714.0,26-Jun-2022,Y
CUST11651,Male,20.0,Single,Not Graduate,No,76052.2,0.0,12500.0,12,1.0,Urban,577.0,23-Jun-2024,y
CUST11160,Male,46.0,Single,Graduate,N,20482.44,0.0,3800.0,240,1.0,URBAN,648.0,2023-09-28,Approved
CUST10778,M,33.0,Married,Not Graduate,No,52076.56,0.0,7200.0,360,0.0,Semiurban,670.0,03-03-2023,Y
CUST11076,Female,44.0,Widowed,Graduate,No,132657.97,0.0,19300.0,360,1.0,Urban,599.0,2023-08-13,Y
CUST10939,Male,31.0,Married,graduate,No,78747.88,15092.85,19400.0,360,1.0,Urban,780.0,30-May-2023,Y
CUST10437,Female,20.0,Single,graduate,No,34759.81,23091.36,7600.0,180,1.0,Urban,685.0,28/08/2022,Y
CUST10119,Female,39.0,Single,Post Graduate,No,84326.66,10831.38,25200.0,120,0.0,Semiurban,635.0,07-Mar-2022,Approved
CUST11419,,38.0,Married,Under Graduate,nan,19132.24,0.0,4400.0,360,1.0,Urban,716.0,17-Feb-2024,Y
CUST11571,Female,42.0,Married,Not Graduate,nan,28241.61,0.0,3600.0,360,1.0,Urban,586.0,10-May-2024,n
CUST11026,female,55.0,married,Under Graduate,Yes,142233.82,15221.63,23300.0,360,1.0,Rural,625.0,07-17-2023,Y
CUST11253,Female,49.0,Married,Graduate,No,93383.89,0.0,20000.0,240,1.0,URBAN,675.0,18/11/2023,Approved
CUST11386,M,46.0,Married,graduate,No,44134.38,4756.69,7000.0,60,0.0,Urban,587.0,01-30-2024,Y
CUST10076,Male,33.0,Married,Graduate,No,44849.89,17771.71,10900.0,120,1.0,Semiurban,770.0,2022-02-11,n
CUST11053,Male,35.0,Married,Graduate,No,42541.39,0.0,4900.0,360,1.0,Urban,809.0,31/07/2023,Approved
CUST10900,Female,55.0,,Graduate,nan,26353.41,74095.81,5700.0,240,1.0,Semiurban,819.0,2023-05-08,N
CUST10371,Male,14.0,married,Not Graduate,No,71661.35,11320.04,9000.0,360,,Urban,685.0,23-Jul-2022,Y
CUST11873,,41.0,Married,Post Graduate,No,92325.09,0.0,20200.0,360,1.0,Semiurban,558.0,22/10/2024,y
CUST11449,Male,21.0,single,Graduate,No,39925.46,0.0,4800.0,360,,Semiurban,639.0,04/03/2024,n
CUST11987,Female,29.0,,Not Graduate,No,94024.81,0.0,14700.0,180,1.0,Urban,696.0,24-Dec-2024,Y
CUST10941,F,49.0,Single,Graduate,No,32061.7,0.0,7400.0,120,1.0,Rural,497.0,31/05/2023,Y
CUST10577,Female,41.0,Married,graduate,Yes,40291.17,0.0,5200.0,12,1.0,Semiurban,672.0,13/11/2022,Y
CUST10819,Male,33.0,Married,Not Graduate,No,64546.62,3739.74,12800.0,60,1.0,URBAN,735.0,25-Mar-2023,Y
CUST11476,Female,200.0,married,Graduate,No,39493.65,13637.91,6600.0,360,1.0,Rural,716.0,2024-03-19,Y
CUST11900,Female,17.0,Single,Not Graduate,No,40807.12,0.0,7200.0,360,,URBAN,649.0,2024-11-06,Y
CUST11742,Male,36.0,Married,Graduate,No,63234.84,34802.01,9500.0,36,0.0,Semiurban,809.0,08-12-2024,Y
CUST11741,Male,30.0,Married,Graduate,No,53521.32,0.0,7600.0,180,0.0,Urban,795.0,11/08/2024,N
CUST10886,Female,50.0,Single,Graduate,No,90526.24,14922.6,27300.0,180,1.0,Urban,695.0,05-01-2023,Y
CUST10968,Female,150.0,,Graduate,nan,75528.58,2200.13,23600.0,360,1.0,Semiurban,708.0,2023-06-15,Y
CUST11605,Male,46.0,married,Post Graduate,Yes,29965.31,8408.48,3600.0,300,0.0,Urban,754.0,29/05/2024,Y
CUST10785,Female,29.0,Divorced,Graduate,No,75488.61,25163.93,10300.0,360,,Semiurban,568.0,07/03/2023,y
CUST11549,Male,40.0,,Under Graduate,No,31715.11,1774.15,6200.0,60,1.0,Rural,560.0,28/04/2024,Y
CUST11690,F,22.0,,Not Graduate,nan,112826.56,5240.33,31300.0,360,,Semiurban,623.0,07-14-2024,N
CUST11617,Female,42.0,Widowed,Graduate,Y,50771.36,0.0,16200.0,180,1.0,Semiurban,629.0,04/06/2024,Approved
CUST10301,Male,,Divorced,Graduate,N,28647.81,5917.56,3900.0,360,1.0,Rural,650.0,14/06/2022,Y
CUST10689,Female,54.0,single,graduate,No,26578.71,10862.07,3100.0,360,1.0,Semiurban,608.0,13/01/2023,N
CUST10812,,57.0,Widowed,Not Graduate,No,54622.91,24548.02,10500.0,360,,Urban,472.0,2023-03-21,Rejected
CUST11061,Female,31.0,Married,Not Graduate,No,51102.54,0.0,10400.0,120,1.0,Urban,649.0,05/08/2023,Approved
CUST10236,Female,28.0,married,Graduate,No,16207.12,0.0,2500.0,120,1.0,Semiurban,738.0,2022-05-10,N
CUST11115,Male,47.0,Single,Under Graduate,No,34665.94,0.0,7200.0,12,1.0,Rural,523.0,03-Sep-2023,N
CUST11363,Male,50.0,,Under Graduate,Yes,57464.1,5178.79,7300.0,360,1.0,Urban,786.0,17-Jan-2024,N
CUST10499,Female,33.0,Married,graduate,No,61518.97,12287.16,9300.0,360,1.0,Urban,693.0,01-Oct-2022,N
CUST11665,F,42.0,Single,Graduate,Yes,24150.53,37302.33,4500.0,360,1.0,Rural,581.0,01/07/2024,Rejected
CUST11079,Male,50.0,Single,Not Graduate,nan,50602.71,6600.6,5700.0,180,1.0,rural,449.0,15-Aug-2023,Y
CUST11326,Female,46.0,married,Post Graduate,No,179963.38,9624.66,30000.0,360,0.0,URBAN,636.0,12-28-2023,N
CUST10794,Male,46.0,Single,Graduate,No,75429.5,16652.73,9500.0,360,1.0,Rural,542.0,03-11-2023,Y
CUST11934,M,30.0,,Graduate,nan,74400.21,0.0,8800.0,360,1.0,rural,582.0,11-25-2024,Y
CUST11539,Female,54.0,married,Under Graduate,No,45410.33,60791.19,6700.0,360,1.0,Urban,490.0,23-Apr-2024,Y
CUST11942,Female,58.0,Married,Not Graduate,Y,53839.28,74220.14,7900.0,300,0.0,Urban,676.0,11-29-2024,Approved
CUST10990,Female,40.0,Single,Graduate,nan,32644.35,36996.19,7500.0,60,1.0,Semiurban,770.0,06-27-2023,Rejected
CUST11379,Female,39.0,Married,graduate,No,78927.51,0.0,9400.0,180,1.0,Semiurban,711.0,26-Jan-2024,Approved
CUST10934,M,34.0,Single,Post Graduate,No,28153.99,10038.6,9200.0,360,1.0,Urban,699.0,05-27-2023,Y
CUST10387,female,15.0,Divorced,Graduate,No,53957.22,17612.21,11700.0,360,1.0,Urban,686.0,31-Jul-2022,N
CUST11477,,,Single,Graduate,nan,13077.71,37540.32,2500.0,180,1.0,Urban,565.0,20/03/2024,Y
CUST10390,Female,27.0,Single,Not Graduate,No,40719.47,15361.71,10200.0,360,1.0,Rural,754.0,08-02-2022,Rejected
CUST10743,Male,42.0,Single,Graduate,Yes,104027.6,7243.33,22700.0,120,0.0,Semiurban,653.0,11-Feb-2023,y
CUST10352,Female,,Married,Post Graduate,No,31738.95,5637.7,4500.0,360,1.0,Semiurban,539.0,2022-07-12,Rejected
CUST11217,Female,49.0,single,Graduate,No,57196.34,0.0,6800.0,360,1.0,Semiurban,668.0,29/10/2023,N
CUST10235,F,-5.0,Single,Not Graduate,Yes,24668.92,13894.1,5200.0,180,1.0,Rural,586.0,09-May-2022,Approved
CUST11716,Male,44.0,Married,Graduate,No,63321.66,2913.13,7700.0,60,1.0, Semiurban ,797.0,2024-07-28,Approved
CUST10480,Female,27.0,Single,Graduate,No,84689.8,6792.25,10100.0,240,0.0,Urban,669.0,2022-09-20,Approved
CUST10567,Male,36.0,Single,Post Graduate,No,59045.39,0.0,10200.0,12,1.0,Rural,661.0,07-Nov-2022,Y
CUST11140,Female,26.0,,Under Graduate,No,45615.72,0.0,8700.0,360,1.0,Urban,616.0,2023-09-17,Y
CUST11691,female,54.0,single,Graduate,No,591693.97,2482.22,85400.0,360,1.0,rural,571.0,15-Jul-2024,Y
CUST11874,male,26.0,Single,Post Graduate,No,33963.61,53312.98,4800.0,360,,Semiurban,601.0,10-23-2024,Rejected
CUST11574,Male,37.0,Single,Not Graduate,Yes,41768.35,15219.14,5700.0,360,1.0,Urban,733.0,05-12-2024,Y
CUST10120,Female,24.0,Married,Graduate,Yes,,25786.1,,120,1.0,URBAN,618.0,2022-03-07,Approved
CUST11737,Male,17.0,Married,Not Graduate,No,81248.67,5516.96,12800.0,36,,Rural,646.0,09/08/2024,N
CUST11024,Female,,Married,Post Graduate,nan,40246.5,17929.79,9100.0,240,,Semiurban,594.0,2023-07-15,Rejected
CUST11086,M,37.0,Married,Post Graduate,nan,26875.13,0.0,5000.0,36,1.0,Urban,758.0,08-18-2023,N
CUST11272,Female,37.0,Married,Not Graduate,No,94394.13,54498.25,12800.0,360,1.0,Urban,641.0,2023-11-28,y
CUST10926,Male,48.0,Single,Graduate,nan,66986.91,7786.47,9100.0,36,1.0,Urban,680.0,05-23-2023,N
CUST10515,Male,33.0,Widowed,Graduate,No,100312.02,5041.9,12900.0,360,,Rural,536.0,10-Oct-2022,n
CUST10223,female,45.0,,Graduate,No,39339.21,4237.85,4600.0,360,1.0,Semiurban,704.0,03-May-2022,Y
CUST11485,Male,60.0,Single,Graduate,Yes,64222.98,6807.99,8300.0,360,1.0,Rural,614.0,24/03/2024,Y
CUST10613,,18.0,Married,Graduate,No,65950.84,29446.69,10500.0,360,1.0,Urban,765.0,02/12/2022,N
CUST10843,Female,44.0,married,Not Graduate,No,43937.53,0.0,5200.0,360,1.0, Semiurban ,849.0,07-Apr-2023,N
CUST11245,Male,32.0,Married,Graduate,nan,135599.8,8878.36,38500.0,360,1.0,URBAN,551.0,13/11/2023,Approved
CUST10052,F,26.0,Single,graduate,Yes,44387.54,0.0,7400.0,36,1.0,Urban,674.0,2022-01-29,Rejected
CUST11853,M,37.0,single,Post Graduate,No,53266.38,6133.6,9100.0,360,1.0,Semiurban,610.0,12/10/2024,N
CUST10485,Female,39.0,Married,Not Graduate,No,153083.15,0.0,31800.0,120,0.0,Semiurban,706.0,23/09/2022,Approved
CUST11925,Male,33.0,Married,Not Graduate,Yes,109740.78,0.0,17100.0,360,1.0,Urban,648.0,20/11/2024,y
CUST10818,Female,36.0,single,Under Graduate,No,67145.75,3144.84,8600.0,240,1.0,Semiurban,772.0,03-25-2023,N
CUST10155,Female,42.0,Widowed,Not Graduate,No,48704.1,16231.6,7100.0,60,1.0,Urban,715.0,26-Mar-2022,Y
CUST11366,Male,35.0,Single,Not Graduate,Yes,45240.75,0.0,13700.0,120,,Urban,772.0,01-19-2024,Y
CUST10600,Female,34.0,Widowed,Not Graduate,No,174018.62,0.0,28700.0,120,1.0,Semiurban,696.0,2022-11-25,N
CUST11611,M,46.0,Divorced,Post Graduate,No,75920.05,0.0,10900.0,360,1.0,URBAN,659.0,01-Jun-2024,Approved
CUST10248,Female,45.0,Married,Not Graduate,No,43570.81,6575.45,,360,0.0,Semiurban,601.0,2022-05-16,Approved
CUST10761,Male,39.0,Single,Graduate,No,58766.55,0.0,15800.0,360,1.0,Rural,816.0,21/02/2023,Rejected
CUST11837,Female,34.0,married,Graduate,No,216167.64,12477.76,39700.0,120,1.0,URBAN,583.0,03/10/2024,Y
CUST11130,,46.0,married,Post Graduate,Yes,114281.74,0.0,27200.0,360,1.0,Semiurban,715.0,09-11-2023,Y
CUST10542,F,14.0,Married,Not Graduate,No,71111.93,10505.24,10000.0,180,1.0,Semiurban,635.0,10-24-2022,Y
CUST10793,Male,36.0,Single,Graduate,No,33948.65,13937.66,4300.0,240,,Rural,672.0,11/03/2023,Y
CUST11141,F,53.0,Divorced,Graduate,nan,49093.35,0.0,8300.0,360,1.0,Urban,428.0,18/09/2023,N
CUST11463,Male,40.0,Single,graduate,No,67220.34,23610.7,8700.0,360,0.0,Semiurban,565.0,12-Mar-2024,Y
CUST10628,Female,42.0,Widowed,Graduate,No,35292.5,0.0,11000.0,360,1.0,Semiurban,799.0,2022-12-11,Y
CUST10150,F,32.0,Single,Graduate,No,31163.36,2857.99,4200.0,360,1.0,Urban,696.0,03-24-2022,N
CUST11650,Male,47.0,Widowed,Graduate,No,31415.01,4109.19,7000.0,120,,Semiurban,763.0,06-22-2024,n
CUST10291,Male,21.0,married,graduate,No,,18289.44,,360,1.0,rural,793.0,09-Jun-2022,Y
CUST10381,female,68.0,,Graduate,No,91739.26,20444.06,14500.0,360,1.0,Urban,714.0,28/07/2022,Y
CUST10686,Female,37.0,Single,Graduate,No,107991.62,0.0,16100.0,120,,Urban,563.0,01-11-2023,Approved
CUST11367,Male,40.0,Married,graduate,nan,80553.12,55690.82,15800.0,240,1.0,Urban,,19-Jan-2024,Rejected
CUST11224,Male,42.0,Widowed,Not Graduate,No,40763.53,0.0,5100.0,360,1.0,rural,645.0,2023-11-02,y
CUST10897,Male,0.0,married,graduate,Yes,23354.75,3313.18,4200.0,360,1.0,Semiurban,548.0,07/05/2023,Y
CUST10854,Male,23.0,Single,graduate,No,47199.88,3277.37,8000.0,360,,Semiurban,694.0,04-13-2023,Rejected
CUST11071,Female,46.0,Married,Graduate,No,157248.89,0.0,19300.0,360,,rural,710.0,10-Aug-2023,Approved
CUST10808,Female,48.0,Married,Graduate,nan,13607.71,8478.25,1800.0,120,1.0, Semiurban ,739.0,2023-03-19,Approved
CUST10674,Female,38.0,single,Post Graduate,No,39178.59,0.0,4500.0,120,1.0,Urban,815.0,01-05-2023,Rejected
CUST11697,F,47.0,Single,Post Graduate,No,25318.12,0.0,4100.0,360,1.0,Semiurban,673.0,18/07/2024,Y
CUST10891,female,32.0,,Graduate,nan,51738.79,8967.38,6000.0,360,1.0,Semiurban,749.0,04-May-2023,Y
CUST11766,,46.0,,Graduate,No,21822.53,0.0,3600.0,360,,Semiurban,656.0,08-25-2024,N
CUST11149,male,37.0,Widowed,Post Graduate,nan,55848.22,0.0,12500.0,300,1.0,URBAN,592.0,22/09/2023,Y
CUST11364,Female,47.0,Married,Post Graduate,No,56131.61,14263.96,14100.0,360,1.0,Rural,585.0,2024-01-18,N
CUST10615,M,63.0,Single,graduate,No,30050.1,37555.19,4500.0,360,,Semiurban,652.0,03-Dec-2022,Rejected
CUST10154,Male,40.0,Married,Not Graduate,No,24137.6,0.0,5800.0,300,0.0,Semiurban,622.0,03-26-2022,Y
CUST11193,,58.0,Married,Post Graduate,No,39187.51,0.0,6300.0,360,1.0,URBAN,853.0,16/10/2023,Y
CUST11723,Female,30.0,Married,Graduate,Yes,46396.67,6803.77,5400.0,180,0.0,Semiurban,749.0,01-Aug-2024,N
CUST10447,Female,41.0,Single,Under Graduate,No,32209.39,12638.0,5500.0,360,1.0,Rural,843.0,02-Sep-2022,Approved
CUST11790,M,34.0,Married,Not Graduate,No,151434.73,19853.96,35500.0,360,1.0,rural,757.0,09-07-2024,Approved
CUST10322,Male,-5.0,single,Graduate,nan,,0.0,,360,1.0,Urban,619.0,06-26-2022,N
CUST11556,female,23.0,Married,graduate,N,101607.3,0.0,12100.0,120,1.0,rural,751.0,2024-05-02,n
CUST11282,Female,46.0,Married,Not Graduate,nan,40542.96,11846.36,7300.0,36,1.0,Semiurban,618.0,12-04-2023,y
CUST10082,F,49.0,Married,Not Graduate,No,22732.92,32544.62,3500.0,360,1.0,Rural,702.0,02-14-2022,N
CUST10512,Male,53.0,Married,Graduate,No,35546.59,0.0,5200.0,180,1.0,Semiurban,609.0,2022-10-08,Rejected
CUST11535,Female,25.0,Married,Post Graduate,nan,97716.16,33546.55,16600.0,360,1.0,URBAN,687.0,20-Apr-2024,Y
CUST11494,Female,38.0,married,Graduate,No,34031.42,0.0,7200.0,180,1.0,Rural,639.0,03-29-2024,N
CUST10929,M,38.0,Married,Graduate,N,29442.06,12242.55,4300.0,36,1.0,Semiurban,632.0,24/05/2023,N
CUST11847,Female,36.0,Married,Under Graduate,Yes,58411.7,11171.08,7400.0,36,1.0,Urban,634.0,08-Oct-2024,Approved
CUST11357,Female,36.0,Single,Graduate,nan,62173.62,33943.1,13300.0,360,1.0,Urban,639.0,14/01/2024,Approved
CUST10010,Female,43.0,Single,Graduate,No,23377.51,11732.73,3100.0,360,0.0,Semiurban,950.0,01-06-2022,Rejected
CUST10831,Female,38.0,Single,Not Graduate,No,24888.67,3594.44,7100.0,360,1.0,Rural,714.0,01-Apr-2023,Rejected
CUST10032,Male,30.0,Single,Not Graduate,No,19483.05,0.0,3000.0,12,1.0,rural,645.0,2022-01-18,Y
CUST11524,M,38.0,Married,Post Graduate,Y,122714.04,0.0,22500.0,360,1.0,Rural,490.0,2024-04-14,Approved
CUST10413,male,28.0,Single,Graduate,No,33109.42,10846.29,6200.0,180,1.0,Urban,640.0,15/08/2022,Y
CUST10580,Female,50.0,Married,Under Graduate,Yes,35429.35,6368.05,5700.0,300,,Urban,645.0,2022-11-14,Rejected
CUST11406,,13.0,married,Post Graduate,No,,30358.25,,360,0.0,Urban,796.0,02-10-2024,N
CUST11559,male,42.0,Single,Graduate,No,114471.87,1590.19,15600.0,180,1.0,Rural,648.0,03-May-2024,n
CUST11502,Female,28.0,Married,Not Graduate,No,26429.78,0.0,7100.0,120,1.0,Rural,600.0,04-02-2024,Y
CUST11916,Female,27.0,Married,Under Graduate,No,55075.21,10174.17,14200.0,360,1.0,Semiurban,577.0,2024-11-15,Y
CUST10614,Male,43.0,Married,Graduate,No,66139.43,0.0,11600.0,360,1.0,Urban,717.0,12-03-2022,Y
CUST11045,Male,52.0,Married,Graduate,No,60396.43,17508.81,8100.0,360,0.0,Urban,781.0,27/07/2023,Rejected
CUST11402,,32.0,Single,Graduate,No,79156.61,0.0,12800.0,300,1.0,Semiurban,765.0,02-07-2024,Approved
CUST11014,Male,38.0,Divorced,Post Graduate,No,139693.64,0.0,17900.0,120,1.0,Semiurban,644.0,07-10-2023,Rejected
CUST10089,Female,23.0,Married,Not Graduate,No,58789.58,14143.48,11000.0,300,1.0,Semiurban,385.0,18/02/2022,Approved
CUST11710,F,21.0,Single,Graduate,No,69328.09,8421.63,12900.0,360,0.0,rural,613.0,07-25-2024,Approved
CUST10601,M,15.0,Single,Under Graduate,No,244659.0,14295.24,76700.0,360,1.0,Urban,600.0,26/11/2022,Y
CUST11237,Female,39.0,Divorced,Under Graduate,No,133114.6,9789.34,16900.0,360,0.0,Urban,576.0,09/11/2023,Approved
CUST11990,Male,37.0,Single,Not Graduate,No,51201.13,10763.19,12300.0,360,1.0,Semiurban,625.0,12-26-2024,N
CUST10133,Male,31.0,single,Not Graduate,No,70242.6,6644.18,19300.0,180,0.0,Semiurban,818.0,14/03/2022,Y
CUST11370,Male,,Single,Post Graduate,No,12456.44,4563.03,1500.0,360,1.0,Semiurban,818.0,01-21-2024,N
CUST10555,Male,31.0,Married,Under Graduate,No,42618.3,0.0,6900.0,300,,Rural,766.0,01-Nov-2022,Y
CUST11031,M,40.0,Married,Not Graduate,No,54113.03,11089.62,11700.0,12,1.0,URBAN,606.0,19-Jul-2023,N
CUST11575,Male,55.0,Widowed,Graduate,No,44331.69,18110.82,4900.0,360,1.0,Semiurban,557.0,12-May-2024,N
CUST10320,female,4.0,Widowed,Graduate,Yes,64608.43,6943.67,21400.0,360,,Semiurban,617.0,2022-06-25,Rejected
CUST11781,F,33.0,Single,Not Graduate,N,85987.42,18831.4,13100.0,240,1.0,Urban,868.0,02/09/2024,N
CUST11211,F,28.0,,Under Graduate,Y,104456.24,18487.57,13200.0,180,1.0,Rural,730.0,26-Oct-2023,N
CUST11748,Female,29.0,Married,Under Graduate,No,49819.19,0.0,6000.0,360,1.0,Semiurban,769.0,2024-08-15,Y
CUST10634,Male,45.0,Married,graduate,No,137965.74,0.0,23000.0,360,1.0, Semiurban ,649.0,12-14-2022,n
CUST10552,Male,42.0,single,Post Graduate,N,727081.8,11350.16,113800.0,360,1.0,Semiurban,500.0,2022-10-30,Y
CUST11328,Male,52.0,Married,graduate,nan,64385.77,72582.33,10400.0,60,1.0,Rural,495.0,2023-12-29,Rejected
CUST11055,Female,64.0,Married,Graduate,No,96735.63,0.0,12100.0,360,1.0,Semiurban,739.0,01-Aug-2023,Rejected
CUST11568,Female,21.0,Married,Not Graduate,No,,8386.04,,300,1.0,Rural,767.0,2024-05-08,Y
CUST10796,Male,34.0,Single,Under Graduate,nan,48216.36,9734.2,14500.0,360,1.0,Urban,704.0,2023-03-13,Y
CUST11671,Female,39.0,Divorced,Not Graduate,No,77286.74,34324.37,11500.0,300,1.0,Urban,647.0,04-Jul-2024,Y
CUST11264,Female,49.0,Single,Under Graduate,No,28307.87,0.0,7300.0,120,1.0,Urban,,2023-11-24,y
CUST11933,F,35.0,Single,Under Graduate,No,13121.65,0.0,1600.0,300,1.0,rural,714.0,24/11/2024,Y
CUST10174,Male,50.0,Married,Graduate,Yes,60797.92,0.0,18800.0,360,1.0,Urban,594.0,04-06-2022,Y
CUST10766,Male,52.0,Single,Graduate,No,34483.92,0.0,5300.0,360,1.0,URBAN,709.0,02-24-2023,Y
CUST10245,male,32.0,single,Graduate,No,37601.18,0.0,9100.0,360,1.0,Semiurban,756.0,15/05/2022,N
CUST11080,Male,43.0,Married,Post Graduate,No,14104.13,0.0,3500.0,360,1.0,Semiurban,586.0,2023-08-15,Rejected
CUST11747,Female,30.0,single,Under Graduate,No,65619.42,0.0,8100.0,12,1.0,Urban,601.0,14-Aug-2024,Rejected
CUST10145,Male,41.0,Single,Graduate,No,177151.99,0.0,34600.0,180,1.0,Urban,604.0,21/03/2022,Rejected
CUST10090,Male,27.0,Married,Graduate,No,75690.05,30912.24,,360,, Semiurban ,643.0,02-19-2022,n
CUST11416,Female,21.0,married,Graduate,No,21967.98,0.0,5800.0,360,1.0,Urban,553.0,2024-02-15,Y
CUST10682,Male,36.0,Widowed,Graduate,nan,69462.56,7109.04,8400.0,360,,Urban,743.0,01-09-2023,Approved
CUST10310,Female,47.0,Single,Under Graduate,No,45024.17,7869.44,9100.0,360,,URBAN,697.0,06-19-2022,n
CUST11383,,26.0,Married,Post Graduate,No,38771.28,1932.58,8300.0,300,1.0,Semiurban,532.0,28-Jan-2024,Y
CUST10093,Female,39.0,Married,Not Graduate,No,16279.77,10506.32,2400.0,120,1.0,URBAN,571.0,20/02/2022,Y
CUST11577,F,52.0,Married,Not Graduate,No,42514.87,24110.41,7000.0,360,1.0,Semiurban,517.0,13/05/2024,Approved
CUST10924,Male,42.0,Married,Not Graduate,nan,48713.97,14813.78,5800.0,60,1.0,Rural,635.0,2023-05-22,Approved
CUST11696,Male,41.0,Married,Graduate,No,89063.46,70886.12,13000.0,360,1.0,Semiurban,717.0,2024-07-18,N
CUST11035,Female,45.0,Single,Post Graduate,No,20333.84,0.0,4100.0,360,,Semiurban,785.0,21-Jul-2023,Y
CUST11400,Female,8.0,,Graduate,No,21470.58,0.0,3100.0,12,1.0,Semiurban,600.0,2024-02-06,Rejected
CUST10243,Female,36.0,married,Graduate,No,80760.65,5771.31,23600.0,360,1.0,Rural,736.0,14-May-2022,Y
CUST11500,Female,29.0,Married,Post Graduate,nan,28053.31,7944.8,5700.0,360,1.0,Rural,793.0,2024-04-01,Y
CUST11111,Female,41.0,Single,Post Graduate,Yes,59167.27,10263.86,14300.0,36,1.0,Urban,667.0,01-Sep-2023,N
CUST10214,M,31.0,Widowed,graduate,No,44793.11,2347.07,9200.0,180,,Semiurban,765.0,04-28-2022,N
CUST11994,Female,38.0,Single,Not Graduate,No,95261.61,27548.04,12200.0,300,0.0,rural,773.0,12-28-2024,N
CUST11197,Female,43.0,Single,Graduate,Yes,56287.11,0.0,18800.0,60,1.0,rural,535.0,18/10/2023,N
CUST10998,,10.0,Widowed,Graduate,No,34238.02,0.0,6700.0,360,1.0,rural,822.0,07-01-2023,Y
CUST10853,female,,Single,Graduate,No,15951.81,4816.08,4500.0,240,1.0,Urban,651.0,13/04/2023,Y
CUST10425,F,35.0,Divorced,Under Graduate,No,98459.63,25416.79,16300.0,240,1.0,Rural,695.0,21/08/2022,N
CUST11773,male,41.0,Single,Under Graduate,No,79919.66,63967.43,12600.0,360,1.0,Semiurban,401.0,29/08/2024,Y
CUST11142,F,31.0,,Graduate,No,25969.18,2601.2,4500.0,360,1.0,Urban,,09-18-2023,Y
CUST11143,F,60.0,Single,Post Graduate,No,59118.79,24792.83,7400.0,360,1.0,Urban,681.0,19-Sep-2023,Y
CUST10226,Male,41.0,Single,Under Graduate,Yes,18338.03,6359.17,2500.0,360,1.0,Urban,631.0,05-04-2022,N
CUST11636,Female,53.0,married,Not Graduate,No,28700.4,0.0,3600.0,120,1.0,rural,512.0,2024-06-15,Approved
CUST10000,M,27.0,married,graduate,nan,122574.15,23974.52,15500.0,360,1.0,Urban,876.0,2022-01-01,Y
CUST11418,male,32.0,Single,Graduate,Yes,10756.25,38120.05,1400.0,360,1.0,Semiurban,659.0,02-16-2024,n
CUST10401,female,40.0,married,Post Graduate,No,42420.15,10054.79,5700.0,12,1.0,Rural,543.0,08/08/2022,Y
CUST11428,M,31.0,Married,Under Graduate,No,40032.13,0.0,8400.0,360,1.0,Semiurban,459.0,2024-02-22,Approved
CUST11103,F,31.0,single,graduate,Yes,33547.94,0.0,6100.0,360,1.0,Semiurban,628.0,28-Aug-2023,Y
CUST10084,Male,41.0,Married,Graduate,Yes,27397.46,0.0,3800.0,60,0.0,Semiurban,622.0,2022-02-16,N
CUST10162,Male,39.0,married,Under Graduate,Yes,60244.19,0.0,18100.0,12,1.0,Urban,382.0,03-30-2022,Approved
CUST10114,Male,,Married,Graduate,No,62332.4,0.0,7700.0,120,1.0,Semiurban,771.0,03-04-2022,y
CUST10670,Male,36.0,Married,graduate,No,24308.04,5979.19,7700.0,360,0.0,Semiurban,567.0,01-03-2023,Approved
CUST11174,Female,42.0,married,Not Graduate,No,40681.4,4281.22,6200.0,240,0.0,Urban,608.0,10-06-2023,Y
CUST11537,M,35.0,married,graduate,nan,103729.07,15479.6,17700.0,360,1.0,Semiurban,903.0,21/04/2024,Approved
CUST11527,Female,49.0,Married,Graduate,nan,65687.95,15812.94,18000.0,60,1.0,Urban,742.0,16-Apr-2024,Y
CUST11392,Male,40.0,single,Graduate,No,153432.83,15790.08,25800.0,180,1.0,URBAN,686.0,2024-02-02,Rejected
CUST10889,Female,31.0,Widowed,Under Graduate,No,147902.65,40808.97,30100.0,360,,Rural,564.0,02/05/2023,Y
CUST11501,,41.0,Single,Under Graduate,No,54701.01,15018.73,7200.0,360,1.0,Semiurban,799.0,02/04/2024,Y
CUST10625,Female,27.0,Single,Post Graduate,No,25853.46,0.0,5800.0,300,1.0,URBAN,549.0,09/12/2022,Approved
CUST11972,M,22.0,Divorced,Post Graduate,Y,64670.13,49323.6,10000.0,360,1.0,Rural,649.0,2024-12-16,Approved
CUST10952,Male,38.0,Married,Graduate,No,,11454.36,,360,1.0,Urban,530.0,2023-06-06,Rejected
CUST10807,Male,32.0,married,Graduate,No,,50203.1,,360,,Semiurban,711.0,19-Mar-2023,Approved
CUST10258,Male,58.0,married,Graduate,No,105136.11,11958.15,21400.0,60,1.0,Semiurban,583.0,05-22-2022,y
CUST10624,,53.0,Single,Graduate,No,61225.65,10016.27,8400.0,360,1.0,rural,808.0,2022-12-08,Y
CUST10826,Female,31.0,Married,Not Graduate,No,30127.98,20415.21,3500.0,60,1.0,Urban,642.0,03-29-2023,Approved
CUST10234,female,44.0,Married,Not Graduate,nan,78966.22,13353.36,10100.0,360,0.0,Urban,694.0,05-09-2022,Y
CUST10135,Male,40.0,Single,Graduate,nan,171549.72,12910.6,19600.0,360,,Rural,892.0,15-Mar-2022,N
CUST10616,M,45.0,married,Not Graduate,N,19117.06,0.0,2600.0,360,1.0,Rural,648.0,2022-12-04,Y
CUST11973,Female,22.0,Single,graduate,No,39108.93,11931.78,6600.0,300,1.0,Semiurban,657.0,16/12/2024,Approved
CUST10836,M,37.0,Single,Graduate,No,144071.89,0.0,16100.0,120,1.0,Rural,542.0,2023-04-03,y
CUST10842,Female,35.0,,Under Graduate,Yes,42817.44,28471.84,4900.0,360,1.0,Urban,743.0,04-07-2023,Approved
CUST10959,Female,42.0,Single,Not Graduate,No,72457.81,8794.75,10100.0,240,1.0,Semiurban,655.0,10-Jun-2023,Approved
CUST10592,Male,60.0,married,Graduate,No,63202.77,19610.77,10000.0,60,1.0,Semiurban,485.0,2022-11-21,Y
CUST11314,Male,29.0,Married,graduate,No,181864.2,8189.06,28000.0,360,0.0,Urban,730.0,12-21-2023,n
CUST11525,Male,33.0,Widowed,Post Graduate,No,21740.37,13053.43,2600.0,180,1.0,Semiurban,567.0,15/04/2024,Rejected
CUST11291,Female,29.0,Divorced,Graduate,No,63515.2,5992.2,11600.0,360,0.0,Urban,775.0,09-Dec-2023,Y
CUST10343,Female,32.0,Single,Graduate,No,43416.19,15146.51,8000.0,180,1.0,Semiurban,615.0,07-Jul-2022,n
CUST11659,Male,18.0,Divorced,Post Graduate,No,37400.12,0.0,4400.0,360,0.0,Rural,524.0,27-Jun-2024,N
CUST11720,Male,60.0,,Post Graduate,No,37843.81,0.0,5500.0,360,1.0,Urban,606.0,2024-07-31,Approved
CUST10293,Male,37.0,married,Graduate,No,3706139.25,9569.78,526900.0,360,1.0,URBAN,667.0,10/06/2022,Approved
CUST10364,Female,35.0,Single,Graduate,No,47404.79,0.0,5400.0,360,1.0,Rural,693.0,2022-07-19,Y
CUST10178,male,42.0,married,Post Graduate,nan,138402.91,3794.92,40500.0,240,1.0,Semiurban,761.0,04-08-2022,Approved
CUST10659,Female,18.0,Single,Not Graduate,N,35169.37,14486.75,10400.0,12,1.0,URBAN,863.0,27-Dec-2022,Approved
CUST10996,Female,46.0,Married,Not Graduate,No,49282.53,17591.02,8000.0,360,1.0,Urban,,2023-06-30,N
CUST10014,Female,47.0,Married,graduate,No,56883.11,30529.49,12600.0,360,1.0,Rural,630.0,01-08-2022,Y
CUST11110,Male,38.0,Married,Graduate,No,29570.53,0.0,9300.0,240,1.0,Rural,603.0,09-01-2023,N
CUST11394,F,28.0,Widowed,Graduate,No,23885.22,0.0,5000.0,360,1.0,Urban,737.0,02-03-2024,Y
CUST10165,Female,44.0,Single,Post Graduate,No,63070.45,9028.84,19400.0,360,,Urban,625.0,01/04/2022,Approved
CUST11891,M,37.0,Married,Under Graduate,No,29169.57,0.0,3600.0,360,,Urban,685.0,01-Nov-2024,n
CUST11359,Male,50.0,Single,Under Graduate,No,40517.33,2473.71,5900.0,240,1.0,Semiurban,752.0,15-Jan-2024,Approved
CUST10059,Male,55.0,Married,Post Graduate,No,214676.14,0.0,25800.0,360,1.0,Urban,754.0,02-Feb-2022,y
CUST10709,Female,33.0,,Post Graduate,No,113444.18,7943.41,36500.0,180,0.0,Semiurban,641.0,24/01/2023,Y
CUST10676,female,27.0,married,Under Graduate,No,20153.01,26188.11,4400.0,12,1.0, Semiurban ,676.0,2023-01-06,Y
CUST11378,Female,34.0,married,Not Graduate,Yes,135441.74,4302.81,,360,1.0,URBAN,711.0,01-25-2024,Approved
CUST10780,Male,34.0,Single,graduate,No,87368.02,11986.38,10100.0,360,,rural,738.0,2023-03-04,Approved
CUST10424,Female,37.0,Divorced,Not Graduate,Yes,80735.59,0.0,15800.0,120,0.0,Urban,699.0,2022-08-21,Rejected
CUST10292,female,30.0,Married,Post Graduate,nan,38891.47,73058.69,9000.0,180,0.0,Semiurban,563.0,2022-06-09,Y
CUST11065,,25.0,Single,Graduate,No,130066.54,0.0,25600.0,360,1.0,Semiurban,602.0,07/08/2023,Approved
CUST11802,Male,24.0,Married,Graduate,No,34277.51,0.0,4000.0,120,1.0,Semiurban,648.0,09-14-2024,Y
CUST10329,Male,43.0,Single,Graduate,nan,23018.0,2850.73,2600.0,60,1.0,Rural,522.0,30/06/2022,Y
CUST10429,F,46.0,Widowed,Not Graduate,No,39546.75,0.0,4600.0,360,0.0,Rural,636.0,23/08/2022,y
CUST11012,Female,31.0,Widowed,Graduate,No,39176.51,5896.6,4500.0,360,1.0,Urban,585.0,2023-07-09,N
CUST10079,F,39.0,single,Graduate,No,32772.51,12692.01,-1000.0,12,1.0,URBAN,761.0,13-Feb-2022,Rejected
CUST11052,Male,50.0,single,Not Graduate,nan,81429.83,0.0,16000.0,360,,Rural,633.0,2023-07-31,Y
CUST10937,Male,37.0,Married,Not Graduate,No,42616.66,2714.43,5600.0,120,1.0,Semiurban,627.0,29/05/2023,Y
CUST10834,M,33.0,Married,Not Graduate,No,45294.05,50531.7,9300.0,360,1.0,Urban,661.0,04-02-2023,Approved
CUST10749,F,40.0,Married,Graduate,No,33681.13,6162.94,3800.0,180,1.0,Semiurban,502.0,15/02/2023,Y
CUST10890,Male,27.0,Divorced,Under Graduate,nan,40255.65,25572.46,5000.0,360,1.0,Semiurban,632.0,05-03-2023,n
CUST10254,Male,33.0,Widowed,Under Graduate,No,77355.23,0.0,14900.0,60,1.0,Urban,576.0,05-20-2022,Approved
CUST11877,Male,36.0,Divorced,Post Graduate,No,24772.62,0.0,3200.0,240,1.0,Semiurban,556.0,25/10/2024,Approved
CUST11482,Female,39.0,married,Not Graduate,No,29319.34,16821.94,8000.0,300,1.0,Urban,612.0,03-22-2024,Y
CUST11970,Male,48.0,Married,Graduate,No,56856.98,29824.27,14500.0,360,,Semiurban,694.0,12-15-2024,Approved
CUST11407,Male,40.0,Single,Graduate,No,64791.05,0.0,16900.0,300,0.0,Urban,629.0,10-Feb-2024,N
CUST11337,Female,33.0,Single,Post Graduate,No,40879.58,26200.42,7800.0,240,1.0,Urban,657.0,03/01/2024,Approved
CUST11108,,40.0,Single,Post Graduate,nan,37118.23,7850.37,7800.0,360,0.0,Rural,638.0,2023-08-30,Y
CUST10136,female,45.0,Divorced,Post Graduate,No,31297.22,0.0,6400.0,36,0.0,URBAN,762.0,2022-03-16,Approved
CUST11135,Male,52.0,Single,Graduate,No,235377.41,1955.35,56100.0,360,1.0,Urban,675.0,14-Sep-2023,Y
CUST11218,Female,,Married,Graduate,Yes,66962.11,0.0,17500.0,120,1.0,Semiurban,573.0,10-30-2023,N
CUST10852,F,17.0,Married,Post Graduate,Y,40024.83,8136.56,5800.0,360,1.0,rural,559.0,2023-04-12,n
CUST11202,F,35.0,Married,graduate,No,84862.83,12179.97,11700.0,360,1.0,URBAN,657.0,10-21-2023,Y
CUST11897,Male,23.0,Widowed,Under Graduate,N,78121.56,29798.08,10600.0,360,1.0,Rural,577.0,05/11/2024,N
CUST10723,female,18.0,Married,Graduate,No,45441.99,6391.0,5800.0,240,1.0,Semiurban,573.0,01-Feb-2023,Y
CUST10859,Female,38.0,Married,Graduate,N,94219.06,27069.64,10800.0,240,1.0,Rural,485.0,16-Apr-2023,N
CUST10969,Male,31.0,Single,Graduate,No,8719.26,11576.25,2100.0,60,0.0,Urban,830.0,15/06/2023,Approved
CUST10496,Female,34.0,Single,Not Graduate,nan,67658.31,0.0,18500.0,240,1.0,Semiurban,551.0,2022-09-29,Approved
CUST10950,Female,38.0,married,Post Graduate,No,,9442.63,,240,,Semiurban,826.0,06-05-2023,Y
CUST10805,Male,30.0,Single,Under Graduate,No,89023.6,11120.18,16100.0,120,1.0,rural,564.0,17/03/2023,Y
CUST10129,Female,49.0,Widowed,Under Graduate,No,18865.71,46699.64,2200.0,120,1.0,Rural,691.0,12/03/2022,y
CUST10337,M,51.0,Widowed,Under Graduate,No,30070.66,56662.56,6400.0,180,1.0,URBAN,681.0,04/07/2022,Approved
CUST11131,Female,25.0,Married,Not Graduate,No,119010.95,4768.82,13300.0,360,0.0,Rural,672.0,12-Sep-2023,Rejected
CUST10608,M,,married,Graduate,No,54809.03,0.0,6600.0,360,1.0,URBAN,613.0,2022-11-30,y
CUST11148,Female,50.0,single,Post Graduate,nan,48887.35,21993.52,12000.0,360,1.0,URBAN,714.0,2023-09-21,N
CUST10195,Male,37.0,Married,Post Graduate,No,36245.47,0.0,4400.0,360,1.0, Semiurban ,,17-Apr-2022,N
CUST11250,Male,34.0,single,Not Graduate,No,21090.7,0.0,2400.0,360,1.0,Urban,615.0,11-16-2023,N
CUST11292,Female,23.0,Married,Not Graduate,No,7978.97,0.0,1000.0,180,1.0,URBAN,620.0,2023-12-09,Approved
CUST11989,Male,52.0,Married,Not Graduate,Yes,29560.72,13472.05,7900.0,180,1.0,Urban,572.0,25/12/2024,Y
CUST10909,Male,26.0,Married,graduate,Yes,39516.59,0.0,5300.0,360,1.0,Urban,677.0,13/05/2023,y
CUST10584,female,45.0,Married,Post Graduate,Yes,45685.27,0.0,14200.0,120,0.0,Urban,580.0,2022-11-16,Y
CUST10103,,31.0,Married,Not Graduate,N,84075.8,0.0,13600.0,36,,Semiurban,604.0,26-Feb-2022,Rejected
CUST11860,Female,30.0,single,Under Graduate,No,44046.6,6173.45,7600.0,360,1.0,Semiurban,457.0,2024-10-15,Approved
CUST11975,Male,26.0,Widowed,Graduate,No,164459.18,26825.51,28400.0,360,1.0,Urban,527.0,17-Dec-2024,Y
CUST10719,female,35.0,Married,Under Graduate,No,28169.42,3209.11,4500.0,60,1.0, Semiurban ,619.0,29-Jan-2023,N
CUST10884,Male,39.0,Married,Under Graduate,Y,115691.2,0.0,28400.0,360,,URBAN,753.0,2023-04-30,Approved
CUST10776,Female,24.0,Married,Post Graduate,Y,42199.12,47177.82,7200.0,360,1.0,Urban,634.0,2023-03-02,Y
CUST11569,Female,28.0,Divorced,Graduate,Yes,14362.18,0.0,1800.0,360,1.0,Semiurban,594.0,09/05/2024,Rejected
CUST10849,,29.0,Widowed,Under Graduate,No,21879.42,18993.22,2600.0,360,1.0,Urban,676.0,11/04/2023,N
CUST10894,M,49.0,married,Not Graduate,No,51187.82,6740.63,8000.0,300,1.0,URBAN,768.0,05-05-2023,y
CUST10227,Female,18.0,Single,Not Graduate,N,21926.02,0.0,4700.0,360,1.0,Semiurban,561.0,05-May-2022,Y
CUST11893,Male,48.0,Divorced,Graduate,No,17643.31,33655.82,4200.0,360,0.0,Rural,579.0,02/11/2024,N
CUST11325,male,57.0,Married,Post Graduate,No,15063.48,0.0,1800.0,120,0.0,Semiurban,571.0,27/12/2023,Approved
CUST11299,Female,34.0,Single,Post Graduate,No,34295.74,4765.03,4500.0,360,0.0,Urban,771.0,13-Dec-2023,N
CUST10126,Male,42.0,Single,Graduate,No,103687.77,0.0,13800.0,240,1.0,URBAN,757.0,03-11-2022,Approved
CUST10405,male,55.0,single,Graduate,Yes,34255.18,0.0,4300.0,240,1.0,Rural,652.0,10/08/2022,N
CUST10775,F,25.0,,Post Graduate,No,1122474.9000000001,0.0,224800.0,360,,Urban,667.0,01-Mar-2023,N
CUST10821,Female,44.0,Married,Graduate,No,61318.56,0.0,9300.0,360,0.0,Semiurban,643.0,26/03/2023,Y
CUST10711,Female,34.0,Married,Post Graduate,Yes,45889.42,2956.44,,12,1.0,Urban,560.0,25-Jan-2023,Y
CUST11901,Male,25.0,Married,Not Graduate,No,63639.57,3069.5,8400.0,60,,URBAN,590.0,07/11/2024,Approved
CUST11060,female,32.0,single,Graduate,No,52020.27,5508.75,9100.0,12,1.0,Rural,634.0,2023-08-04,Rejected
CUST11163,Male,29.0,Divorced,graduate,No,47215.45,0.0,6300.0,60,0.0,Urban,585.0,30-Sep-2023,Y
CUST10303,Female,50.0,Single,Not Graduate,No,91315.63,14604.85,14600.0,180,,Urban,593.0,15-Jun-2022,N
CUST10267,Male,39.0,Married,Not Graduate,nan,27508.54,0.0,3100.0,360,1.0,Rural,661.0,27-May-2022,N
CUST11557,Female,31.0,Divorced,Not Graduate,Yes,42372.32,0.0,12700.0,36,1.0,Semiurban,692.0,02/05/2024,N
CUST10545,Female,44.0,Married,Not Graduate,No,22637.41,21493.12,5000.0,360,1.0,Rural,568.0,26/10/2022,Y
CUST10212,Male,19.0,Married,Not Graduate,No,195325.49,0.0,31200.0,180,1.0,Urban,659.0,2022-04-27,N
CUST10896,Male,54.0,Single,Graduate,Y,149850.38,1967.96,28500.0,360,1.0,Semiurban,763.0,2023-05-06,N
CUST11492,Female,49.0,married,Graduate,No,53362.44,14503.86,9400.0,360,0.0,Urban,611.0,2024-03-28,Rejected
CUST11222,male,40.0,married,Not Graduate,No,28572.27,0.0,3200.0,360,1.0,Urban,683.0,11-01-2023,Y
CUST10916,Male,31.0,Divorced,Graduate,No,174950.78,5537.42,33100.0,180,1.0,Urban,557.0,2023-05-17,Y
CUST11551,Female,36.0,Married,Not Graduate,nan,34844.56,0.0,5800.0,360,1.0,Semiurban,555.0,29-Apr-2024,Y
CUST10675,Female,39.0,Single,Not Graduate,Yes,,0.0,,360,1.0,URBAN,476.0,05-Jan-2023,Y
CUST11289,Female,43.0,Single,Graduate,Yes,34953.07,5190.87,4800.0,360,1.0,Urban,642.0,08/12/2023,y
CUST10814,Male,46.0,Divorced,Post Graduate,No,90080.0,0.0,-1000.0,180,1.0,Urban,599.0,03-22-2023,Y
CUST11265,F,54.0,Single,Not Graduate,No,98629.91,18900.03,11400.0,360,0.0,URBAN,491.0,24/11/2023,N
CUST10342,F,30.0,Married,Not Graduate,Yes,37140.83,0.0,10400.0,360,1.0,Urban,835.0,07-07-2022,Approved
CUST10549,Female,51.0,Widowed,graduate,Yes,31746.4,0.0,3800.0,360,1.0,Semiurban,641.0,28/10/2022,Rejected
CUST11410,F,24.0,Single,Not Graduate,nan,25287.46,0.0,3800.0,360,1.0,Rural,791.0,02-12-2024,Approved
CUST11214,Male,25.0,Married,Not Graduate,No,29723.43,6591.87,3300.0,120,,rural,736.0,10-27-2023,N
CUST10966,female,40.0,married,Graduate,No,167742.37,13013.53,48500.0,360,1.0,Urban,695.0,06-14-2023,Y
CUST11230,Male,23.0,Married,Post Graduate,No,64900.27,0.0,,360,1.0,rural,807.0,11-05-2023,n
CUST10295,male,,Married,Graduate,No,64206.46,13656.85,8000.0,120,0.0,Rural,623.0,11-Jun-2022,N
CUST10695,Female,26.0,Married,Graduate,No,69278.13,15474.15,7800.0,60,1.0,Semiurban,718.0,16-Jan-2023,Rejected
CUST11452,male,56.0,single,Post Graduate,Y,41258.68,0.0,8400.0,360,,Rural,668.0,2024-03-06,Approved
CUST10073,Male,40.0,Divorced,Graduate,No,93937.01,16829.89,11800.0,360,1.0, Semiurban ,691.0,09/02/2022,Y
CUST10605,F,42.0,single,Graduate,No,41492.77,19442.39,9800.0,180,1.0,Urban,539.0,28/11/2022,Approved
CUST10104,M,26.0,Married,Graduate,Yes,20264.74,7211.85,6000.0,360,0.0,Urban,637.0,2022-02-26,N
CUST10645,F,32.0,Single,Not Graduate,No,66809.23,7060.66,8700.0,360,1.0,Urban,541.0,20/12/2022,y
CUST11404,Male,-5.0,Divorced,Under Graduate,No,62198.79,0.0,10600.0,12,1.0,URBAN,712.0,2024-02-09,N
CUST11977,female,42.0,Single,graduate,N,,4845.1,,360,0.0,Rural,745.0,18/12/2024,Approved
CUST11040,Male,30.0,married,Not Graduate,No,65844.35,24581.43,7400.0,180,1.0, Semiurban ,626.0,2023-07-24,Rejected
CUST10439,Female,28.0,Single,graduate,No,62701.52,12233.78,9000.0,240,1.0,Urban,706.0,29-Aug-2022,N
CUST11019,Female,39.0,married,Not Graduate,No,101971.42,0.0,12800.0,120,1.0,Semiurban,619.0,13-Jul-2023,Rejected
CUST10091,Female,45.0,Single,Not Graduate,No,111731.38,11337.89,35500.0,360,1.0,rural,641.0,19-Feb-2022,Rejected
CUST11112,Female,43.0,Married,Post Graduate,No,944978.55,47098.49,141000.0,240,0.0,Rural,840.0,2023-09-02,Approved
CUST11768,Male,48.0,Married,Graduate,nan,51997.98,14332.03,7800.0,240,0.0,Semiurban,586.0,2024-08-26,Y
CUST10908,Male,72.0,Divorced,Under Graduate,Yes,41972.18,4751.42,13900.0,180,0.0,Rural,647.0,2023-05-13,Y
CUST11474,Female,47.0,Single,Under Graduate,nan,22284.47,51347.39,3300.0,360,0.0,Rural,614.0,03-18-2024,Rejected
CUST10102,Male,18.0,Divorced,Graduate,No,54489.66,7986.38,17000.0,360,1.0,Urban,663.0,02-25-2022,Approved
CUST10238,Male,38.0,Single,Post Graduate,Yes,26811.68,10375.52,3600.0,360,1.0,Semiurban,624.0,05-11-2022,Rejected
CUST11715,M,43.0,Widowed,Not Graduate,Y,27215.51,0.0,6500.0,360,0.0,URBAN,596.0,28-Jul-2024,N
CUST10942,Male,39.0,Single,Not Graduate,No,37229.98,0.0,6700.0,360,1.0,Urban,572.0,06-01-2023,Rejected
CUST11270,,31.0,Married,Graduate,No,50694.98,17410.33,10400.0,180,0.0,Urban,582.0,11-27-2023,Y
CUST10938,male,31.0,Single,Post Graduate,No,36142.16,55097.07,5600.0,300,1.0,Urban,619.0,05-29-2023,Y
CUST11705,,38.0,,Graduate,No,32779.59,0.0,7000.0,360,0.0,Semiurban,703.0,22/07/2024,Y
CUST11181,Male,52.0,Single,Not Graduate,No,94090.93,0.0,12200.0,240,1.0,URBAN,600.0,09/10/2023,n
CUST11503,Female,0.0,Married,Graduate,No,93625.07,0.0,14000.0,300,1.0,Urban,,03-Apr-2024,n
CUST11669,male,37.0,Single,Graduate,Yes,52337.0,75787.48,7900.0,12,1.0,Semiurban,614.0,03/07/2024,Y
CUST10005,,40.0,Single,Under Graduate,No,60878.07,0.0,7400.0,300,1.0,URBAN,586.0,03/01/2022,Approved
CUST11828,female,53.0,Single,Under Graduate,No,40566.87,0.0,8400.0,360,1.0,Semiurban,621.0,2024-09-28,Approved
CUST10965,Female,30.0,single,Not Graduate,No,100066.95,0.0,12100.0,60,1.0,Urban,695.0,13/06/2023,Y
CUST10018,F,57.0,Single,Post Graduate,Yes,18258.93,9324.58,2200.0,360,1.0,Rural,728.0,01-10-2022,Approved
CUST11430,female,43.0,Single,Graduate,Yes,51498.64,1790.97,11800.0,360,1.0,Semiurban,641.0,02-23-2024,Rejected
CUST10121,Female,38.0,Married,Not Graduate,No,43531.12,9421.23,7200.0,360,1.0,Urban,819.0,08/03/2022,n
CUST10661,male,38.0,Married,Post Graduate,No,19342.21,0.0,3100.0,36,1.0,Rural,637.0,29/12/2022,Y
CUST11695,Female,54.0,single,Post Graduate,nan,29481.01,36443.8,5100.0,360,1.0,Semiurban,608.0,17-Jul-2024,N
CUST10274,Female,41.0,married,Post Graduate,Y,37488.2,7810.53,4300.0,360,1.0,URBAN,596.0,05-31-2022,N
CUST10433,F,50.0,Married,Not Graduate,No,67797.36,0.0,13400.0,60,1.0,Rural,551.0,26/08/2022,N
CUST10811,Male,18.0,married,Not Graduate,Yes,47097.07,13392.12,7100.0,360,0.0,Semiurban,679.0,21-Mar-2023,Y
CUST11300,Male,42.0,Single,graduate,No,38499.91,3809.17,4600.0,240,1.0,Semiurban,692.0,2023-12-14,Rejected
CUST11335,F,36.0,Divorced,Graduate,No,40883.81,0.0,5100.0,12,,Semiurban,639.0,02-Jan-2024,Y
CUST11880,Female,41.0,single,Post Graduate,No,50659.7,27570.64,9800.0,180,0.0,Rural,535.0,2024-10-26,Approved
CUST11903,Male,34.0,Widowed,Graduate,nan,25608.83,9454.06,4600.0,120,1.0,Semiurban,639.0,08-Nov-2024,Y
CUST11570,Female,55.0,Married,Not Graduate,Yes,25343.96,0.0,8200.0,300,1.0,Urban,492.0,05-10-2024,Rejected
CUST10181,male,41.0,Married,Under Graduate,Yes,53160.4,1733.71,11000.0,300,1.0,Semiurban,673.0,10/04/2022,y
CUST10184,M,52.0,married,Not Graduate,No,143693.11,0.0,16700.0,360,1.0,Semiurban,487.0,2022-04-11,N
CUST10406,Male,27.0,,Not Graduate,nan,39548.48,21609.38,7900.0,180,, Semiurban ,509.0,08-11-2022,Approved
CUST10865,male,21.0,Married,Post Graduate,Y,22075.47,24161.25,2500.0,360,1.0,Semiurban,690.0,19/04/2023,N
CUST11630,Female,60.0,Widowed,Under Graduate,Yes,36610.93,9305.85,6100.0,120,1.0,Semiurban,950.0,06-11-2024,Y
CUST10520,F,38.0,Divorced,Under Graduate,nan,12055.29,0.0,3400.0,360,0.0,Semiurban,775.0,2022-10-12,N
CUST11003,Male,40.0,,Graduate,Yes,83519.09,3145.53,19600.0,360,0.0,rural,575.0,04-Jul-2023,Y
CUST10380,Female,39.0,Single,Graduate,No,8496.44,0.0,1000.0,360,,rural,547.0,2022-07-28,Y
CUST11434,Male,32.0,Married,Under Graduate,No,,0.0,,360,,Urban,562.0,02-25-2024,Y
CUST11658,Female,,Single,Graduate,nan,97599.87,28715.54,11200.0,240,1.0,Urban,617.0,06-27-2024,N
CUST11393,Male,44.0,Married,Graduate,Yes,19082.27,0.0,-1000.0,300,1.0,Semiurban,698.0,03/02/2024,N
CUST11424,Female,35.0,,Under Graduate,Yes,55829.9,11651.14,9700.0,360,1.0,Semiurban,901.0,2024-02-20,Y
CUST11612,M,25.0,,Under Graduate,No,58966.19,0.0,19400.0,120,1.0,Semiurban,509.0,2024-06-02,y
CUST10427,F,21.0,Married,Under Graduate,No,24069.89,0.0,3600.0,180,1.0, Semiurban ,770.0,22-Aug-2022,Rejected
CUST10078,Female,34.0,Married,Post Graduate,nan,45349.98,0.0,9200.0,360,1.0,Urban,950.0,02-12-2022,Approved
CUST11597,Male,49.0,Widowed,graduate,No,90665.08,12462.34,11100.0,360,1.0,Urban,665.0,24/05/2024,N
CUST11009,Female,38.0,married,Not Graduate,No,51212.05,38953.75,6900.0,240,0.0,Semiurban,443.0,07/07/2023,Y
CUST11985,female,39.0,Single,Not Graduate,nan,178531.25,0.0,23700.0,360,1.0, Semiurban ,685.0,23/12/2024,Approved
CUST11661,Female,51.0,Married,Graduate,Yes,33993.51,10844.72,6500.0,360,1.0,Urban,639.0,28/06/2024,Approved
CUST10607,Male,53.0,Married,Post Graduate,No,75713.68,4530.66,15700.0,360,1.0,Rural,703.0,29-Nov-2022,Y
CUST11796,Female,31.0,Divorced,Not Graduate,Yes,31599.54,0.0,4500.0,60,1.0,Rural,548.0,2024-09-10,Rejected
CUST11636,Female,53.0,married,Not Graduate,No,28700.4,0.0,3600.0,120,1.0,rural,512.0,2024-06-15,Approved
CUST11902,F,38.0,Married,Graduate,Yes,48446.56,17231.63,6400.0,360,1.0,rural,560.0,11-07-2024,Rejected
CUST11057,Male,33.0,,Graduate,No,127652.67,0.0,40200.0,180,1.0,URBAN,824.0,02/08/2023,N
CUST11440,Male,45.0,Married,Under Graduate,No,43253.81,0.0,10200.0,60,1.0,Urban,573.0,2024-02-28,Rejected
CUST11514,male,48.0,Married,Graduate,No,35046.98,11194.69,8400.0,180,1.0,Urban,744.0,04-09-2024,Approved
CUST11585,female,40.0,Divorced,Not Graduate,No,30484.02,95080.26,7500.0,240,1.0,Semiurban,735.0,18/05/2024,Approved
CUST11091,Female,43.0,Married,Not Graduate,No,27213.95,0.0,5200.0,12,1.0,rural,682.0,21-Aug-2023,N
CUST11560,,35.0,Married,Not Graduate,No,69403.77,12432.63,9600.0,120,0.0,Urban,724.0,2024-05-04,Approved
CUST11101,Male,33.0,Single,Graduate,No,73416.52,12619.74,8600.0,360,0.0,Urban,687.0,27/08/2023,N
CUST11129,,33.0,married,Under Graduate,nan,35547.84,21698.83,6800.0,360,1.0, Semiurban ,,11/09/2023,Rejected
CUST11235,Male,22.0,Single,Graduate,No,22224.47,5894.89,6500.0,360,0.0,Rural,673.0,08-Nov-2023,Approved
CUST11778,Male,34.0,Married,Not Graduate,N,50414.37,70739.76,7300.0,360,,Urban,848.0,08-31-2024,Y
CUST10958,Female,13.0,Married,Graduate,No,52634.16,7908.22,11000.0,360,1.0,rural,738.0,06-09-2023,Y
CUST11662,F,30.0,Married,Not Graduate,Yes,105456.4,13121.93,17300.0,360,1.0,Semiurban,666.0,06-29-2024,Approved
CUST10559,Female,39.0,Single,Not Graduate,No,56949.95,12037.17,6500.0,360,1.0,Urban,599.0,03-Nov-2022,Y
CUST10846,Female,49.0,Married,Graduate,nan,40049.5,0.0,5600.0,360,1.0,rural,727.0,04-09-2023,Y
CUST11758,male,39.0,Married,graduate,nan,50290.2,0.0,5600.0,180,1.0,Semiurban,663.0,08-20-2024,Y
CUST10690,Male,36.0,Married,Under Graduate,No,40297.22,24565.43,8400.0,120,0.0,Rural,,01-13-2023,Y
CUST11519,Male,24.0,,Post Graduate,Y,29657.81,31256.14,7500.0,240,1.0,Semiurban,676.0,12-Apr-2024,Y
CUST11965,Male,42.0,Married,Graduate,Yes,83762.31,26505.93,11200.0,180,1.0,Urban,756.0,12/12/2024,Approved
CUST11878,Female,29.0,,Not Graduate,No,67340.09,0.0,-1000.0,360,1.0,Semiurban,663.0,10-25-2024,Y
CUST10436,Male,46.0,Married,Not Graduate,No,53311.98,3102.76,6200.0,360,1.0,Rural,550.0,2022-08-27,y
CUST10490,M,67.0,Widowed,Graduate,No,54025.3,4818.29,9800.0,360,1.0,Semiurban,692.0,09-26-2022,N
CUST11496,F,46.0,Divorced,Under Graduate,No,56126.3,55684.1,8900.0,300,1.0,Urban,658.0,2024-03-30,Approved
CUST11850,Male,9.0,Single,Under Graduate,Yes,55035.14,4804.33,,360,1.0,Urban,666.0,10-10-2024,y
CUST11629,Female,41.0,Married,Not Graduate,N,61449.67,0.0,11900.0,12,1.0,Rural,676.0,11/06/2024,Y
CUST11387,Male,57.0,Married,Not Graduate,No,25073.21,0.0,3900.0,360,1.0,Urban,555.0,30-Jan-2024,y
CUST10069,Female,23.0,Married,Not Graduate,Yes,42032.68,0.0,6700.0,360,1.0,Urban,841.0,07/02/2022,Y
CUST11572,Female,23.0,Divorced,graduate,No,37137.82,9117.98,4200.0,180,1.0,Urban,569.0,2024-05-11,Y
CUST10808,Female,48.0,Married,Graduate,nan,13607.71,8478.25,1800.0,120,1.0, Semiurban ,739.0,2023-03-19,Approved
CUST11184,Male,60.0,Single,Graduate,nan,38016.13,11316.01,6000.0,120,1.0,Semiurban,586.0,2023-10-11,y
CUST10011,female,41.0,Married,Graduate,No,42325.78,0.0,6000.0,240,1.0,Semiurban,752.0,07-Jan-2022,y
CUST10144,Female,,Married,Post Graduate,No,66342.44,42281.98,13500.0,300,1.0,Semiurban,638.0,2022-03-20,Approved
CUST10917,Male,26.0,Married,Not Graduate,nan,26044.08,0.0,6500.0,360,1.0,Semiurban,602.0,18/05/2023,Y
CUST11541,Male,49.0,Single,Under Graduate,nan,78939.35,0.0,9000.0,360,1.0,Urban,613.0,24/04/2024,Y
CUST11451,Female,46.0,Single,Graduate,No,43180.2,14225.3,12900.0,120,1.0,Urban,649.0,05-Mar-2024,Approved
CUST10639,male,20.0,married,Graduate,Yes,44554.99,15685.26,5900.0,360,1.0,Urban,525.0,17-Dec-2022,Rejected
CUST10176,Female,64.0,Single,Post Graduate,No,24999.12,5464.85,5800.0,360,1.0,Urban,677.0,2022-04-07,Approved
CUST10994,female,51.0,Married,Under Graduate,nan,53333.26,7325.9,6900.0,360,1.0,Urban,541.0,06-29-2023,N
CUST10440,F,25.0,,Not Graduate,nan,46652.85,13089.56,5600.0,120,0.0,Semiurban,570.0,2022-08-30,Y
CUST10521,Female,16.0,Married,graduate,nan,143927.17,0.0,16600.0,180,0.0,Rural,759.0,13/10/2022,Y
CUST11993,Male,37.0,Married,Under Graduate,No,37310.34,0.0,9000.0,360,0.0,Rural,631.0,27/12/2024,Rejected
CUST11955,,53.0,Single,Under Graduate,No,56397.26,0.0,10500.0,60,1.0,URBAN,574.0,06-Dec-2024,Y
CUST11712,,26.0,Single,Not Graduate,No,22557.36,14620.61,2900.0,360,,Semiurban,666.0,2024-07-26,Rejected
CUST11004,Female,59.0,Single,graduate,No,30326.62,0.0,10000.0,360,1.0,Urban,658.0,2023-07-04,Rejected
CUST11255,F,38.0,Married,Not Graduate,N,62202.98,50241.28,15400.0,180,1.0,Urban,770.0,19-Nov-2023,Rejected
CUST11234,Male,23.0,Widowed,Graduate,No,38145.74,0.0,,360,1.0,Semiurban,567.0,11-07-2023,y
CUST11664,female,35.0,married,Post Graduate,No,42427.68,6878.81,5400.0,60,1.0,Semiurban,692.0,2024-06-30,Y
CUST10143,Female,18.0,Married,Graduate,No,123475.18,0.0,15900.0,360,,Urban,682.0,20-Mar-2022,Y
CUST10753,Female,41.0,,Under Graduate,No,80725.1,0.0,17000.0,360,1.0,Urban,524.0,17/02/2023,Approved
CUST10519,F,28.0,,graduate,No,40301.84,10920.39,4700.0,360,,Semiurban,646.0,12-Oct-2022,Rejected
CUST10654,F,23.0,,Not Graduate,No,57834.67,0.0,8100.0,360,1.0,Urban,616.0,12-25-2022,Rejected
CUST11322,Male,15.0,Married,graduate,No,40360.44,18631.66,5400.0,360,1.0,Urban,659.0,12-26-2023,n
CUST10822,Male,33.0,Widowed,graduate,nan,78818.65,15415.85,24900.0,180,1.0,URBAN,775.0,03-27-2023,Y
CUST10428,Male,32.0,single,Graduate,N,107253.09,2716.73,22000.0,180,1.0,Urban,509.0,2022-08-23,Approved
CUST10612,,43.0,Married,Graduate,No,35322.82,21933.19,10900.0,240,1.0,Rural,593.0,2022-12-02,Y
CUST11505,Female,39.0,Married,Not Graduate,No,40308.55,8983.36,6500.0,180,1.0,Rural,634.0,04/04/2024,Rejected
CUST11032,Female,55.0,Single,Post Graduate,No,62313.0,11131.16,8000.0,120,1.0,Semiurban,604.0,2023-07-20,Y
CUST10156,Male,43.0,Married,Under Graduate,nan,89518.22,19227.08,24500.0,360,0.0,Rural,717.0,2022-03-27,Rejected
CUST10539,F,50.0,Married,Not Graduate,Yes,33550.52,0.0,6400.0,120,1.0,Semiurban,683.0,23-Oct-2022,N
CUST11530,Male,50.0,Married,Under Graduate,No,36014.1,0.0,7100.0,240,1.0,rural,656.0,04-18-2024,Rejected
CUST11460,M,39.0,Divorced,Under Graduate,Yes,23612.08,9094.21,5500.0,360,1.0, Semiurban ,717.0,2024-03-10,Y
CUST11290,Female,42.0,Single,Graduate,Yes,30844.24,0.0,5500.0,240,0.0,rural,537.0,12-08-2023,Y
CUST10461,Male,30.0,single,Not Graduate,N,129794.12,18009.75,15500.0,180,1.0,rural,765.0,10/09/2022,Rejected
CUST10576,male,,Single,Not Graduate,Yes,37133.19,13081.63,9700.0,60,,URBAN,795.0,2022-11-12,Y
CUST11362,Female,31.0,Single,Graduate,No,36180.02,0.0,5300.0,360,,rural,566.0,01-17-2024,N
CUST10255,M,47.0,Single,Graduate,nan,77684.54,34917.2,21200.0,360,1.0,URBAN,718.0,20-May-2022,Approved
CUST10979,Male,30.0,Married,Under Graduate,nan,1898698.95,0.0,215600.0,360,1.0,Rural,645.0,21-Jun-2023,Y
CUST11185,F,36.0,Married,Under Graduate,N,23438.21,0.0,5200.0,120,1.0,Rural,470.0,12/10/2023,Rejected
CUST11006,female,38.0,Married,Graduate,No,74999.76,12923.76,10400.0,360,,URBAN,542.0,07-06-2023,Approved
CUST11521,Female,14.0,married,Not Graduate,No,126376.12,40203.12,15100.0,360,1.0,Urban,775.0,13/04/2024,Approved
CUST11689,Female,35.0,single,graduate,Y,30469.54,13089.66,8800.0,240,1.0,Semiurban,472.0,14/07/2024,N
CUST10560,Male,32.0,Married,Graduate,No,91255.68,10753.73,19600.0,360,0.0,Urban,624.0,2022-11-03,Rejected
CUST10208,Male,45.0,Divorced,Post Graduate,No,54014.22,5180.12,13200.0,120,1.0,Semiurban,624.0,2022-04-24,N
CUST10910,M,24.0,Married,Graduate,Yes,31111.16,6202.25,8800.0,60,1.0, Semiurban ,578.0,05-14-2023,N
CUST11311,female,8.0,Divorced,Post Graduate,No,87975.49,0.0,13200.0,360,,Urban,552.0,20-Dec-2023,N
CUST10001,Female,48.0,Single,Post Graduate,Y,35259.86,0.0,4600.0,120,1.0,URBAN,657.0,01/01/2022,Y
CUST11365,Female,20.0,Widowed,Graduate,Yes,98184.64,0.0,20400.0,360,0.0,rural,675.0,18/01/2024,y
CUST10269,Male,26.0,Divorced,Graduate,No,43132.51,0.0,11500.0,360,1.0,URBAN,526.0,28/05/2022,N
CUST10265,Male,39.0,Married,Post Graduate,No,17243.42,0.0,2200.0,120,1.0,Semiurban,505.0,26/05/2022,Rejected
CUST10914,,44.0,Widowed,Under Graduate,Yes,44959.6,10170.31,5700.0,240,1.0,Urban,558.0,05-16-2023,Y
CUST10230,Male,38.0,Single,graduate,nan,102727.61,21924.76,29000.0,12,1.0,Semiurban,532.0,05-06-2022,Y
CUST11988,,46.0,Married,Post Graduate,No,56143.81,23910.0,-1000.0,240,1.0,Semiurban,555.0,2024-12-24,Y
CUST11119,male,52.0,Single,Not Graduate,No,44131.88,0.0,5400.0,240,1.0, Semiurban ,623.0,05-Sep-2023,Rejected
CUST11983,Male,39.0,Single,Graduate,Yes,18301.14,12258.11,5900.0,36,1.0,Semiurban,672.0,22-Dec-2024,Approved
CUST10864,Male,47.0,Married,Post Graduate,nan,60880.03,0.0,7300.0,360,0.0,Urban,701.0,2023-04-19,n
CUST11066,Female,55.0,Single,Under Graduate,No,126962.85,0.0,35200.0,360,1.0,rural,602.0,08-07-2023,Y
CUST10873,Female,20.0,Married,Under Graduate,Yes,74090.8,10925.07,11100.0,12,1.0,Semiurban,631.0,24/04/2023,Y
CUST11807,Female,41.0,married,Graduate,No,19007.56,35880.71,2700.0,360,1.0,Rural,625.0,16-Sep-2024,Rejected
CUST10398,Female,,Single,Graduate,No,38933.91,0.0,4500.0,360,,Semiurban,596.0,08-07-2022,Rejected
CUST11838,M,46.0,Divorced,Graduate,No,76679.03,25165.33,10000.0,240,1.0,Semiurban,638.0,10-03-2024,Rejected
CUST11652,Male,54.0,,Graduate,No,117614.79,8814.7,16800.0,360,1.0,Rural,648.0,2024-06-23,Y
CUST10045,F,33.0,married,Post Graduate,No,26546.52,0.0,3400.0,360,1.0, Semiurban ,607.0,25/01/2022,Rejected
CUST10161,female,39.0,Married,Under Graduate,No,62031.66,15181.43,7700.0,360,,Urban,638.0,30/03/2022,y
CUST10991,M,56.0,Single,Under Graduate,N,112816.69,0.0,32200.0,180,,Urban,635.0,27-Jun-2023,Y
CUST10727,Male,49.0,Married,Graduate,No,130688.29,4220.16,21900.0,360,1.0,Rural,603.0,03-Feb-2023,n
CUST10629,F,43.0,Single,Graduate,No,20635.01,1944.72,3800.0,60,1.0,Urban,751.0,11/12/2022,Rejected
CUST10288,Female,48.0,Single,graduate,Yes,,6086.12,,360,1.0,Urban,654.0,2022-06-07,Y
CUST11613,Female,43.0,single,Post Graduate,Y,107544.05,5866.18,15000.0,360,,Urban,486.0,02/06/2024,Rejected
CUST11059,M,49.0,married,Not Graduate,No,50505.99,0.0,9100.0,120,,Semiurban,654.0,04-Aug-2023,N
CUST11967,F,26.0,married,Not Graduate,Yes,43426.75,24340.34,5000.0,360,1.0,Rural,730.0,13-Dec-2024,Y
CUST10575,Female,51.0,Married,Graduate,Yes,59001.04,29109.7,12500.0,360,1.0,Semiurban,731.0,11-Nov-2022,Rejected
CUST10850,Male,,Married,Under Graduate,No,19942.66,0.0,3700.0,360,1.0,Urban,823.0,04-11-2023,Y
CUST11339,Female,32.0,married,Graduate,No,26969.58,16463.97,4500.0,360,1.0,Urban,615.0,04-Jan-2024,Y
CUST10911,male,44.0,Single,Graduate,No,53799.95,0.0,8000.0,360,,Urban,662.0,15-May-2023,N
CUST11254,Male,32.0,Divorced,Post Graduate,No,36133.01,3445.06,5200.0,240,1.0,Semiurban,850.0,11-18-2023,N
CUST11722,M,45.0,Married,Not Graduate,No,51473.48,0.0,9600.0,360,,Urban,626.0,08-01-2024,Approved
CUST11831,,34.0,Single,graduate,Yes,121531.8,149021.43,17500.0,360,0.0,Semiurban,696.0,29-Sep-2024,Y
CUST11735,M,46.0,Divorced,Graduate,Yes,54512.57,3863.24,6300.0,120,1.0,Semiurban,674.0,08-Aug-2024,Y
CUST10932,Female,40.0,Married,Graduate,No,36798.76,11264.04,8400.0,240,1.0,URBAN,686.0,2023-05-26,Approved
CUST11100,Male,25.0,Widowed,Graduate,No,42612.79,0.0,5500.0,360,1.0,URBAN,647.0,2023-08-26,Y
CUST11657,F,32.0,Divorced,Not Graduate,No,22245.81,30120.45,3600.0,60,,Urban,705.0,26/06/2024,N
CUST11207,Female,44.0,Divorced,Graduate,No,80270.92,6363.79,12500.0,360,1.0,Urban,755.0,24-Oct-2023,Rejected
CUST10247,Female,39.0,,Graduate,No,34278.5,14857.13,8500.0,360,1.0,Rural,676.0,16-May-2022,N
CUST10476,Female,49.0,Married,Graduate,No,182077.1,63461.71,35600.0,300,1.0,URBAN,644.0,2022-09-18,Y
CUST11694,Female,39.0,Married,Graduate,Yes,67170.17,13220.14,13400.0,60,,Semiurban,602.0,07-16-2024,Rejected
CUST10085,Male,48.0,single,Not Graduate,N,49030.56,0.0,7400.0,120,0.0,Urban,651.0,16/02/2022,Y
CUST10469,Female,39.0,married,Graduate,No,45529.34,7257.47,10600.0,360,1.0,rural,676.0,14/09/2022,Approved
CUST10225,female,61.0,Widowed,Graduate,No,79224.53,19534.25,11800.0,12,1.0,Urban,645.0,04/05/2022,Y
CUST10774,Male,24.0,Single,Post Graduate,No,22783.63,3263.1,2500.0,60,1.0,Urban,594.0,02-28-2023,n
CUST10331,Male,46.0,Single,Post Graduate,No,57396.86,0.0,14400.0,12,1.0,Urban,536.0,01-Jul-2022,N
CUST10233,Female,60.0,Divorced,Under Graduate,No,46642.45,0.0,5300.0,60,1.0,URBAN,603.0,08/05/2022,Y
CUST10588,Male,47.0,Married,Not Graduate,Yes,52489.93,0.0,11200.0,300,1.0,Semiurban,615.0,2022-11-19,N
CUST10475,Male,21.0,,Under Graduate,No,33988.69,20678.08,5100.0,12,1.0,Semiurban,650.0,18-Sep-2022,Approved
CUST11284,female,25.0,Single,Post Graduate,No,59753.94,0.0,15100.0,360,1.0,Semiurban,672.0,2023-12-05,Rejected
CUST11881,Female,44.0,Married,graduate,Yes,105322.75,10194.88,24900.0,180,0.0,Rural,669.0,27/10/2024,Rejected
CUST10599,Female,42.0,Single,Post Graduate,No,44177.9,10239.08,8100.0,360,1.0,URBAN,633.0,25-Nov-2022,Y
CUST10421,Male,44.0,Married,Post Graduate,No,62383.19,19118.93,8000.0,180,1.0,rural,542.0,19/08/2022,Rejected
CUST11711,Female,38.0,Married,Graduate,No,72880.96,7038.97,18500.0,240,1.0,URBAN,645.0,26-Jul-2024,y
CUST10182,Female,47.0,Divorced,Graduate,No,19322.9,15685.57,2900.0,240,0.0,Semiurban,716.0,04-10-2022,N
CUST10988,Male,35.0,Single,graduate,N,35497.26,6503.91,5100.0,360,1.0,rural,722.0,2023-06-26,Y
CUST11000,Male,27.0,Married,graduate,No,49391.4,28851.73,6800.0,360,1.0,Semiurban,690.0,2023-07-02,n
CUST11641,Male,33.0,Married,Graduate,No,119691.17,0.0,20100.0,120,1.0,Rural,625.0,17/06/2024,Approved
CUST11356,Female,45.0,Married,Graduate,No,59768.34,16286.74,11000.0,360,1.0,Rural,679.0,2024-01-13,Rejected
CUST11462,Male,48.0,Married,Post Graduate,No,33891.92,62248.56,5600.0,360,1.0,URBAN,735.0,03-11-2024,Rejected
CUST10049,Male,23.0,single,Graduate,No,38941.14,11930.6,4400.0,360,1.0,Urban,642.0,27/01/2022,Y
CUST11888,F,58.0,Widowed,graduate,No,17399.04,0.0,4600.0,36,1.0,Urban,732.0,2024-10-31,N
CUST11029,Female,23.0,Widowed,Not Graduate,No,38264.97,35451.4,6400.0,60,1.0,Rural,605.0,18/07/2023,Approved
CUST10529,Male,37.0,single,Graduate,No,52493.91,0.0,8700.0,360,1.0,Semiurban,614.0,17/10/2022,Approved
CUST11258,Female,27.0,Widowed,Graduate,Yes,23815.78,43223.23,-1000.0,360,1.0,Rural,801.0,11-21-2023,Approved
CUST10486,Female,44.0,Single,Under Graduate,No,37393.71,11354.03,7300.0,360,1.0,Semiurban,528.0,09-24-2022,Rejected
CUST11964,M,42.0,Single,Under Graduate,No,53957.88,0.0,16600.0,360,1.0,Semiurban,788.0,2024-12-11,Approved
CUST10497,Female,44.0,Married,Graduate,No,36158.26,149632.71,7300.0,360,1.0,Semiurban,739.0,30/09/2022,Approved
CUST11646,Male,65.0,Single,Under Graduate,No,68469.91,3133.37,10100.0,120,1.0,Urban,911.0,06-20-2024,n
CUST10106,Female,57.0,,graduate,No,80619.19,7913.82,14300.0,60,0.0,rural,701.0,02-28-2022,Y
CUST10443,Male,31.0,,Not Graduate,nan,36747.85,11337.65,4200.0,360,,Urban,754.0,31-Aug-2022,N
CUST11512,Female,17.0,Single,Post Graduate,Yes,17873.23,0.0,3000.0,360,,Urban,565.0,2024-04-08,Y
CUST10646,Male,54.0,Married,Not Graduate,No,43085.59,0.0,6100.0,240,1.0,Urban,599.0,12-20-2022,Rejected
CUST11036,Male,56.0,Divorced,Graduate,Yes,51563.46,0.0,6100.0,60,1.0,Urban,891.0,2023-07-22,Y
CUST11762,Male,43.0,,Graduate,N,26373.68,0.0,4400.0,360,1.0,Rural,552.0,08-23-2024,n
CUST10726,Male,36.0,married,Graduate,nan,20340.13,0.0,5500.0,360,1.0,Semiurban,651.0,02-02-2023,Y
CUST10190,female,30.0,Single,Not Graduate,No,17085.06,0.0,2500.0,180,0.0,Rural,445.0,04-15-2022,N
CUST11788,F,45.0,Married,Not Graduate,N,34966.35,39409.69,6100.0,360,,Semiurban,805.0,2024-09-06,Approved
CUST11856,Male,35.0,Single,Under Graduate,Y,84053.55,0.0,25100.0,360,0.0,Semiurban,719.0,2024-10-13,Y
CUST10282,Male,37.0,Married,Under Graduate,No,36320.18,7609.77,4300.0,300,1.0, Semiurban ,757.0,06-04-2022,Y
CUST10029,Female,29.0,Single,graduate,No,105609.01,17229.75,13300.0,240,1.0,Semiurban,517.0,16/01/2022,Y
CUST10169,female,38.0,Single,Graduate,No,27099.21,6558.63,3500.0,240,1.0,Urban,698.0,03/04/2022,y
CUST11001,Female,44.0,Married,Graduate,No,30807.71,21850.89,7100.0,36,0.0,Semiurban,519.0,03/07/2023,Y
CUST11204,Male,30.0,Divorced,Under Graduate,Y,,0.0,,360,1.0,rural,767.0,2023-10-22,Rejected
CUST10100,male,44.0,Married,Not Graduate,No,96263.69,3325.52,10800.0,360,0.0, Semiurban ,668.0,2022-02-24,n
CUST10197,male,29.0,,Not Graduate,Y,51394.24,0.0,6900.0,360,1.0,Urban,772.0,18/04/2022,Y
CUST10495,Female,32.0,,graduate,No,32196.62,0.0,4500.0,360,1.0, Semiurban ,587.0,29-Sep-2022,N
CUST11745,Female,37.0,married,graduate,Y,8735.15,7030.29,1400.0,360,1.0, Semiurban ,645.0,13/08/2024,y
CUST10647,Female,37.0,Married,Not Graduate,N,26899.89,12322.7,3500.0,120,1.0,Rural,681.0,21-Dec-2022,N
CUST10987,Male,38.0,Married,Graduate,No,42571.25,21660.32,7500.0,300,1.0,Semiurban,740.0,25-Jun-2023,Y
CUST10044,F,,Single,Under Graduate,N,22146.68,13706.48,2800.0,240,1.0,Urban,672.0,2022-01-25,Rejected
CUST11948,Male,35.0,,Under Graduate,No,25203.81,5731.11,3000.0,180,1.0,Rural,600.0,2024-12-03,Approved
CUST10710,,39.0,Single,Under Graduate,Yes,63281.87,33624.24,7800.0,360,1.0,rural,675.0,01-24-2023,Approved
CUST10373,Male,40.0,Married,Post Graduate,No,37807.81,42888.88,5800.0,60,1.0,Semiurban,707.0,24/07/2022,N
CUST10678,Male,38.0,Single,Post Graduate,N,105415.74,0.0,30000.0,360,1.0,Semiurban,669.0,01-07-2023,Approved
CUST10566,M,58.0,Single,Graduate,No,233753.09,62461.57,36000.0,360,1.0,Semiurban,676.0,11-07-2022,Y
CUST11672,M,28.0,Single,Not Graduate,No,47804.95,0.0,8800.0,300,1.0,Semiurban,,2024-07-04,Approved
CUST11821,Female,28.0,Single,Under Graduate,Y,57941.45,0.0,7300.0,120,1.0,rural,510.0,24/09/2024,Rejected
CUST10847,Female,48.0,Divorced,Post Graduate,No,50097.24,14351.76,5600.0,240,1.0,rural,673.0,09-Apr-2023,Approved
CUST10460,Female,53.0,Single,graduate,Yes,90820.28,5148.5,13100.0,360,1.0,Semiurban,695.0,2022-09-09,N
CUST11437,Female,29.0,Married,Under Graduate,Yes,18291.82,0.0,3900.0,180,1.0,Rural,625.0,27/02/2024,Approved
CUST11155,Male,41.0,Divorced,Post Graduate,N,96227.91,0.0,12300.0,300,,Semiurban,591.0,25-Sep-2023,Y
CUST10039,Female,39.0,Widowed,Under Graduate,nan,78586.86,6754.72,9700.0,360,0.0,rural,553.0,22-Jan-2022,y
CUST10434,Male,38.0,single,graduate,No,42056.45,40771.99,6900.0,360,0.0,Rural,676.0,08-26-2022,Y
CUST10973,female,23.0,Divorced,Graduate,No,22296.5,3300.4,5700.0,300,0.0,Rural,777.0,17/06/2023,y
CUST11239,Male,,Married,Graduate,N,41375.21,33838.2,5700.0,360,0.0,Urban,869.0,10-Nov-2023,N
CUST11007,Male,41.0,Married,Post Graduate,No,29891.23,1662.78,3300.0,300,1.0,Rural,446.0,06-Jul-2023,N
CUST11579,male,43.0,Divorced,Not Graduate,Y,58009.9,12612.97,8000.0,360,1.0,Semiurban,646.0,14-May-2024,n
CUST11590,Male,31.0,Married,Under Graduate,nan,89196.89,13718.63,23700.0,360,,Semiurban,746.0,05-20-2024,Y
CUST11786,Male,30.0,Divorced,Graduate,No,15741.76,46235.26,2800.0,360,1.0,Urban,647.0,09-05-2024,Approved
CUST11498,Male,46.0,Single,Post Graduate,No,64704.75,0.0,13800.0,120,,Rural,539.0,03-31-2024,Rejected
CUST10456,,55.0,Widowed,Under Graduate,No,33516.3,14530.85,8900.0,360,1.0,Rural,664.0,2022-09-07,N
CUST11835,Male,33.0,Divorced,Not Graduate,No,46679.5,13271.15,12900.0,180,1.0,Urban,759.0,02-Oct-2024,Rejected
CUST10260,Male,38.0,Divorced,graduate,No,45763.06,0.0,13500.0,360,0.0,rural,649.0,2022-05-23,y
CUST11840,Male,36.0,Married,Graduate,Yes,137290.79,7154.12,41400.0,180,1.0,Urban,545.0,2024-10-04,N
CUST10035,Male,42.0,Married,graduate,No,64787.46,14103.98,12900.0,360,1.0,Semiurban,640.0,20-Jan-2022,Rejected
CUST10827,Male,44.0,Single,Not Graduate,Yes,37756.43,12238.7,5300.0,360,1.0,Rural,708.0,30-Mar-2023,y
CUST10309,Male,43.0,Married,Not Graduate,No,131208.63,16161.37,19700.0,12,0.0,Urban,700.0,19/06/2022,Approved
CUST10276,Male,26.0,Single,Graduate,No,93796.64,13338.77,12200.0,360,1.0,URBAN,677.0,2022-06-01,Y
CUST10636,Female,62.0,Single,Not Graduate,nan,53150.21,0.0,8000.0,360,1.0,Rural,595.0,2022-12-15,Approved
CUST10654,F,23.0,,Not Graduate,No,57834.67,0.0,8100.0,360,1.0,Urban,616.0,12-25-2022,Rejected
CUST10622,,27.0,Single,Under Graduate,Y,53708.73,0.0,7100.0,360,1.0,Urban,443.0,12-07-2022,Rejected
CUST11859,Male,51.0,Married,Not Graduate,No,23912.01,35189.43,3400.0,360,1.0,Semiurban,,15-Oct-2024,Approved
CUST10844,Male,31.0,Single,Graduate,Yes,57046.45,10063.45,7500.0,12,0.0,Rural,780.0,2023-04-08,Rejected
CUST10393,Female,55.0,single,Graduate,Yes,80198.12,9803.45,9600.0,240,1.0,Rural,626.0,04/08/2022,Y
CUST11769,F,37.0,Divorced,Not Graduate,No,40863.82,16087.3,5000.0,360,1.0,Semiurban,602.0,27/08/2024,Approved
CUST10107,Male,41.0,Single,Post Graduate,No,50988.74,20130.58,9300.0,12,1.0, Semiurban ,660.0,28-Feb-2022,Y
CUST10349,Male,42.0,Single,Post Graduate,Yes,46737.5,0.0,8000.0,300,1.0,Semiurban,637.0,11/07/2022,Approved
CUST10524,Male,35.0,,Not Graduate,No,25190.23,91125.93,4100.0,360,1.0,Urban,733.0,2022-10-15,n
CUST10784,,53.0,Divorced,Under Graduate,No,49214.9,7920.49,15000.0,300,0.0,Semiurban,696.0,2023-03-06,N
CUST10047,Male,43.0,married,Not Graduate,No,46262.58,1224.58,12600.0,300,1.0,rural,677.0,26-Jan-2022,Y
CUST10203,Male,45.0,,Post Graduate,No,26481.98,12309.9,4600.0,120,1.0,Semiurban,619.0,22-Apr-2022,Rejected
CUST10231,Female,37.0,married,Not Graduate,No,1683483.1500000001,9057.55,192300.0,36,0.0, Semiurban ,557.0,07-May-2022,n
CUST11655,Female,45.0,,graduate,No,65246.51,20073.8,9500.0,360,1.0,Semiurban,535.0,25-Jun-2024,Y
CUST10021,Female,17.0,Single,Not Graduate,No,147707.23,4173.11,34500.0,360,,URBAN,697.0,12/01/2022,Y
CUST10402,F,42.0,Single,Graduate,nan,72935.03,0.0,16400.0,360,1.0,Semiurban,738.0,08-09-2022,Y
CUST11107,Female,65.0,Single,Not Graduate,No,28891.17,42306.5,3700.0,36,1.0,Urban,459.0,30-Aug-2023,Rejected
CUST11154,Female,29.0,Married,Under Graduate,Yes,54155.38,21399.56,8200.0,360,0.0,URBAN,558.0,09-25-2023,Approved
CUST11439,,44.0,Married,graduate,Yes,100628.51,0.0,13600.0,360,1.0,Rural,714.0,28-Feb-2024,Y
CUST11315,Female,50.0,Divorced,graduate,No,40908.25,0.0,6000.0,36,1.0,Semiurban,672.0,22-Dec-2023,Approved
CUST10989,F,37.0,married,Not Graduate,No,17568.67,0.0,3400.0,360,0.0,Semiurban,642.0,26/06/2023,Approved
CUST11865,F,49.0,married,Graduate,No,27086.43,11020.44,8100.0,360,0.0,rural,654.0,18/10/2024,Approved
CUST10741,Male,43.0,single,Not Graduate,Yes,114058.13,15496.06,18300.0,360,,Rural,730.0,10/02/2023,y
CUST11721,Male,26.0,Married,Not Graduate,No,51024.36,39295.14,8500.0,360,0.0,Urban,542.0,31/07/2024,Y
CUST11310,Female,42.0,Divorced,Post Graduate,nan,77530.65,8341.23,18400.0,180,1.0,rural,785.0,12-19-2023,Rejected
CUST11147,F,47.0,Married,graduate,No,44842.73,3328.69,5100.0,300,1.0,Urban,661.0,21-Sep-2023,y
CUST10033,Female,29.0,married,Under Graduate,No,72175.72,3798.46,8600.0,60,0.0,Rural,621.0,19/01/2022,Y
CUST10787,Male,29.0,Widowed,Graduate,N,74157.45,9949.76,8700.0,360,1.0,Rural,683.0,08-Mar-2023,N
CUST11540,F,38.0,,Graduate,nan,78637.31,7030.83,10400.0,360,1.0,Semiurban,637.0,2024-04-23,Approved
CUST10923,Female,29.0,Divorced,Graduate,Y,162458.91,74826.74,53900.0,60,1.0,URBAN,515.0,21-May-2023,Y
CUST11043,Female,47.0,Married,Not Graduate,nan,191858.04,0.0,21900.0,360,1.0,URBAN,712.0,26-Jul-2023,N
CUST11945,female,45.0,married,Graduate,No,117119.78,32503.55,20000.0,360,,Urban,588.0,01/12/2024,N
CUST11243,Male,49.0,married,Not Graduate,No,44617.01,6183.9,11600.0,36,1.0,Urban,692.0,12-Nov-2023,y
CUST11915,Male,38.0,Single,Post Graduate,No,267675.71,22512.07,58000.0,240,1.0,Semiurban,629.0,14-Nov-2024,Rejected
CUST10579,Male,36.0,Divorced,Graduate,No,132817.1,0.0,44000.0,180,1.0,Urban,745.0,14-Nov-2022,Rejected
CUST10481,Male,27.0,single,Not Graduate,No,21706.87,15399.91,4000.0,360,1.0,Rural,594.0,21/09/2022,Y
CUST10931,Female,44.0,Single,Graduate,No,34459.14,9276.3,4800.0,60,1.0, Semiurban ,585.0,25-May-2023,Y
CUST10356,M,41.0,Married,graduate,Yes,69195.57,13513.83,14500.0,360,1.0, Semiurban ,645.0,2022-07-15,Y
CUST11685,Male,21.0,Single,Not Graduate,Yes,140312.18,0.0,33600.0,360,1.0,Urban,448.0,11/07/2024,Y
CUST11248,male,50.0,Divorced,Not Graduate,No,21433.59,0.0,6200.0,360,1.0,Semiurban,612.0,2023-11-15,Rejected
CUST10759,Female,36.0,Married,graduate,No,155880.3,71822.27,51700.0,300,1.0,URBAN,658.0,20-Feb-2023,Y
CUST10092,Female,43.0,Married,Graduate,nan,63260.32,8830.07,11400.0,360,0.0,Semiurban,637.0,2022-02-20,Approved
CUST11175,M,45.0,Widowed,Graduate,Y,123684.48,66951.01,-1000.0,360,0.0,Urban,708.0,06-Oct-2023,Rejected
CUST11415,F,35.0,Widowed,Not Graduate,No,54490.01,0.0,14500.0,360,1.0,URBAN,584.0,15-Feb-2024,Approved
CUST11341,F,43.0,Widowed,Not Graduate,Yes,53468.51,0.0,6400.0,360,1.0,Semiurban,773.0,05/01/2024,Y
CUST11472,Male,44.0,Widowed,Not Graduate,No,33013.63,18529.44,3700.0,360,1.0,Urban,681.0,2024-03-17,n
CUST10803,Female,46.0,married,graduate,Y,27569.89,2389.84,3600.0,240,1.0,Urban,655.0,16-Mar-2023,Rejected
CUST10745,Female,47.0,Married,Graduate,N,54044.04,7053.92,16000.0,12,1.0,URBAN,677.0,13/02/2023,Approved
CUST11546,Male,53.0,Single,Under Graduate,No,23073.33,8389.67,5100.0,360,1.0,rural,514.0,04-26-2024,y
CUST10279,F,28.0,Single,Graduate,No,36999.52,40486.97,10400.0,360,1.0,Rural,706.0,02-Jun-2022,Y
CUST11607,Male,24.0,Widowed,Graduate,No,47894.07,3675.54,6200.0,360,1.0,Semiurban,683.0,30-May-2024,Y
CUST10764,female,26.0,Single,Graduate,Yes,86994.41,10340.85,25400.0,180,1.0,rural,691.0,2023-02-23,Approved
CUST10604,,54.0,Divorced,Under Graduate,No,33376.49,16606.34,3800.0,240,1.0,Urban,766.0,2022-11-27,N
CUST11699,M,45.0,single,Under Graduate,No,22831.18,19131.02,3800.0,360,1.0,URBAN,594.0,19-Jul-2024,Y
CUST11373,F,31.0,,Not Graduate,No,,7159.72,,120,0.0,URBAN,684.0,23/01/2024,Rejected
CUST11951,Male,20.0,Single,Graduate,Yes,31496.43,0.0,3800.0,12,0.0,Urban,703.0,04-Dec-2024,Y
CUST11398,Female,29.0,Divorced,Graduate,No,42349.1,5284.32,10800.0,360,1.0,Rural,673.0,02-05-2024,Approved
CUST10400,Male,14.0,Single,Under Graduate,Yes,30219.34,0.0,3900.0,360,1.0,Urban,622.0,2022-08-08,Approved
CUST11728,Male,33.0,Married,Post Graduate,No,40927.79,70282.56,5600.0,360,0.0,Rural,586.0,2024-08-04,Y
CUST10257,Male,52.0,single,Under Graduate,No,91173.0,7716.85,25200.0,300,1.0, Semiurban ,456.0,21/05/2022,Rejected
CUST10944,Female,,Married,Not Graduate,Yes,119560.04,5276.18,16300.0,360,0.0,Semiurban,766.0,2023-06-02,Y
CUST11875,F,27.0,married,Not Graduate,No,34713.03,15783.56,4100.0,12,1.0,Urban,657.0,24-Oct-2024,Rejected
CUST11096,Male,28.0,Married,Graduate,No,67738.73,11096.9,8200.0,300,1.0,Urban,743.0,2023-08-24,Y
CUST11219,Male,47.0,Widowed,Graduate,No,20979.07,8338.0,2600.0,360,0.0,Urban,583.0,30-Oct-2023,Y
CUST11507,Female,24.0,Married,Not Graduate,No,46825.41,18534.82,6700.0,360,1.0,Semiurban,560.0,05-Apr-2024,Rejected
CUST11879,Female,54.0,Divorced,Under Graduate,No,45203.67,30966.0,9100.0,300,0.0,Urban,686.0,26-Oct-2024,N
CUST11161,Female,31.0,,Post Graduate,No,63445.02,9619.1,18600.0,360,1.0,Urban,621.0,28/09/2023,N
CUST10494,F,47.0,married,Under Graduate,Yes,68433.43,9638.15,8000.0,360,0.0,Urban,693.0,09-28-2022,N
CUST10772,Female,36.0,,Graduate,No,32484.01,63806.79,5500.0,300,0.0,Semiurban,648.0,2023-02-27,N
CUST10550,Female,48.0,Married,Under Graduate,No,75360.59,10953.84,11300.0,360,,Semiurban,586.0,10-29-2022,Approved
CUST11486,,39.0,Divorced,graduate,Yes,21489.15,37775.47,2400.0,240,1.0,Urban,561.0,03-24-2024,Y
CUST10201,,42.0,Married,Not Graduate,Yes,34937.18,0.0,5000.0,36,1.0,URBAN,842.0,21/04/2022,Y
CUST10312,Male,36.0,Widowed,Post Graduate,No,23461.03,43586.29,2700.0,360,1.0,Rural,784.0,2022-06-20,Approved
CUST10290,F,31.0,Married,Not Graduate,Y,46761.4,8152.69,6000.0,360,1.0,Urban,689.0,06-08-2022,Approved
CUST11213,Female,28.0,Married,Graduate,No,48088.2,5420.9,8600.0,360,1.0,Rural,623.0,27/10/2023,Y
CUST10763,Male,49.0,single,Graduate,No,22667.84,7912.17,2800.0,300,1.0,Semiurban,598.0,22-Feb-2023,Approved
CUST11136,Female,31.0,,graduate,N,31401.76,10964.25,7000.0,180,1.0,Semiurban,843.0,2023-09-15,Y
CUST10949,Male,34.0,Married,Post Graduate,No,58935.69,1585.84,9200.0,360,1.0,Semiurban,574.0,04/06/2023,Approved
CUST10183,Male,42.0,Married,graduate,No,42976.99,9268.96,5700.0,360,,Semiurban,672.0,11-Apr-2022,n
CUST11176,Female,31.0,Married,Post Graduate,nan,58920.63,25322.59,6800.0,360,0.0,Rural,521.0,2023-10-07,N
CUST11848,Female,41.0,single,Not Graduate,Yes,19414.03,36498.98,2500.0,180,1.0,Semiurban,663.0,2024-10-09,Approved
CUST11349,Male,72.0,Married,Not Graduate,nan,23392.47,2468.96,4800.0,240,1.0,Semiurban,699.0,09/01/2024,Approved
CUST11727,male,40.0,Single,Post Graduate,No,26199.26,0.0,3300.0,360,1.0,Urban,694.0,04-Aug-2024,Rejected
CUST11068,Male,30.0,Single,graduate,No,42485.56,0.0,10000.0,120,1.0,Semiurban,655.0,2023-08-09,Rejected
CUST11468,M,27.0,Single,Not Graduate,No,24631.31,19290.57,3100.0,360,1.0,Semiurban,504.0,2024-03-15,n
CUST11811,Female,48.0,Married,graduate,No,39331.42,23709.22,4700.0,60,1.0,URBAN,680.0,19-Sep-2024,Approved
CUST11030,Female,33.0,Widowed,Not Graduate,N,50147.45,7717.55,12100.0,180,1.0,Urban,614.0,07-19-2023,Approved
CUST10250,Female,35.0,Single,Under Graduate,No,54683.31,8892.96,9200.0,360,,Semiurban,586.0,05-17-2022,Approved
CUST10823,Female,43.0,Married,Post Graduate,No,98035.49,0.0,13200.0,360,1.0,Urban,473.0,27-Mar-2023,Y
CUST11099,Male,33.0,Divorced,Graduate,Yes,166310.35,10750.87,26900.0,120,1.0,URBAN,671.0,26-Aug-2023,Y
CUST11536,F,27.0,,Not Graduate,nan,47744.14,16064.34,11100.0,360,1.0,Semiurban,689.0,2024-04-21,N
CUST10940,Male,25.0,Single,Graduate,No,63182.87,0.0,9900.0,360,1.0,Urban,550.0,2023-05-30,N
CUST10391,Male,36.0,Divorced,Graduate,nan,38784.88,0.0,5400.0,180,1.0,Urban,503.0,03-Aug-2022,Y
CUST11919,female,24.0,Single,Not Graduate,Yes,122634.03,35779.34,33900.0,360,,Urban,586.0,17-Nov-2024,N
CUST11456,Male,16.0,Married,Under Graduate,No,24518.71,40907.18,4800.0,360,1.0,URBAN,625.0,2024-03-08,Rejected
CUST11092,Male,44.0,Married,Graduate,No,72080.94,0.0,10800.0,360,0.0,Urban,757.0,2023-08-22,y
CUST11191,Female,47.0,,Not Graduate,Yes,37259.15,8615.13,5100.0,360,1.0,Urban,619.0,15-Oct-2023,Rejected
CUST10904,female,28.0,Married,graduate,No,35928.73,0.0,4600.0,360,,Semiurban,734.0,2023-05-11,Y
CUST10730,Male,40.0,,Under Graduate,No,23979.79,6760.01,3200.0,60,1.0,Semiurban,710.0,02-04-2023,Rejected
CUST10554,Male,35.0,Single,Not Graduate,Yes,57651.28,3173.11,7900.0,360,1.0,URBAN,646.0,10-31-2022,Y
CUST10366,M,52.0,Single,Not Graduate,nan,63395.72,15801.04,12400.0,240,1.0,URBAN,537.0,07-20-2022,Y
CUST10345,F,33.0,Single,Post Graduate,No,47533.84,18787.15,9800.0,360,1.0,Urban,692.0,08/07/2022,Y
CUST11608,Female,36.0,Single,Not Graduate,No,148056.59,0.0,20600.0,360,1.0,URBAN,638.0,2024-05-30,y
CUST10535,Male,47.0,Divorced,Post Graduate,No,32774.31,14068.35,6400.0,300,1.0,Semiurban,,21-Oct-2022,Y
CUST11422,Female,35.0,Married,Graduate,Yes,16639.82,31116.89,4100.0,360,,Urban,531.0,02-18-2024,Y
CUST11209,Female,31.0,Single,Not Graduate,Yes,45583.21,5383.55,7500.0,120,0.0,Semiurban,,25/10/2023,Approved
CUST11372,Female,39.0,married,Not Graduate,No,73438.25,0.0,12800.0,360,1.0,Semiurban,600.0,2024-01-22,Approved
CUST11639,M,34.0,Divorced,Graduate,No,25426.27,11289.89,3300.0,360,,Rural,689.0,16-Jun-2024,Y
CUST10919,Female,39.0,Married,Under Graduate,Yes,25961.19,6145.52,4300.0,240,,Semiurban,918.0,19-May-2023,Y
CUST10211,Female,69.0,Single,Under Graduate,No,1056819.4500000002,4468.81,175900.0,360,1.0,Urban,595.0,26-Apr-2022,Approved
CUST11603,F,44.0,Married,Post Graduate,Yes,65547.84,69724.02,8300.0,60,1.0,URBAN,827.0,28-May-2024,Approved
CUST10502,female,31.0,Married,Not Graduate,No,19106.05,25856.59,-1000.0,360,1.0,Urban,696.0,10-02-2022,Rejected
CUST10537,Male,,,Graduate,No,32771.72,22523.05,4500.0,180,1.0,rural,733.0,22/10/2022,y
CUST11220,Male,19.0,Divorced,Graduate,No,36228.56,14709.7,8800.0,36,1.0,Urban,851.0,2023-10-31,Y
CUST10175,Male,39.0,Single,graduate,No,17142.75,0.0,2200.0,360,1.0,Semiurban,638.0,06-Apr-2022,Rejected
